"StateFIPS","State","CensusTract","Census Tract","Year","Value","Data Comment",,"Distance to Parks"
"37","North Carolina","37001020100","Alamance County, NC - 37001020100","2020","99.7%","",,"Distance to Parks: 1/2 Mile"
"37","North Carolina","37001020100","Alamance County, NC - 37001020100","2020","100.0%","",,"Distance to Parks: 1 Mile"
"37","North Carolina","37001020200","Alamance County, NC - 37001020200","2020","91.0%","",,"Distance to Parks: 1/2 Mile"
"37","North Carolina","37001020200","Alamance County, NC - 37001020200","2020","100.0%","",,"Distance to Parks: 1 Mile"
"37","North Carolina","37001020301","Alamance County, NC - 37001020301","2020","29.8%","",,"Distance to Parks: 1/2 Mile"
"37","North Carolina","37001020301","Alamance County, NC - 37001020301","2020","100.0%","",,"Distance to Parks: 1 Mile"
"37","North Carolina","37001020302","Alamance County, NC - 37001020302","2020","68.9%","",,"Distance to Parks: 1/2 Mile"
"37","North Carolina","37001020302","Alamance County, NC - 37001020302","2020","100.0%","",,"Distance to Parks: 1 Mile"
"37","North Carolina","37001020400","Alamance County, NC - 37001020400","2020","51.7%","",,"Distance to Parks: 1/2 Mile"
"37","North Carolina","37001020400","Alamance County, NC - 37001020400","2020","84.6%","",,"Distance to Parks: 1 Mile"
"37","North Carolina","37001020501","Alamance County, NC - 37001020501","2020","0.0%","",,"Distance to Parks: 1/2 Mile"
"37","North Carolina","37001020501","Alamance County, NC - 37001020501","2020","8.3%","",,"Distance to Parks: 1 Mile"
"37","North Carolina","37001020502","Alamance County, NC - 37001020502","2020","45.7%","",,"Distance to Parks: 1/2 Mile"
"37","North Carolina","37001020502","Alamance County, NC - 37001020502","2020","83.8%","",,"Distance to Parks: 1 Mile"
"37","North Carolina","37001020601","Alamance County, NC - 37001020601","2020","2.5%","",,"Distance to Parks: 1/2 Mile"
"37","North Carolina","37001020601","Alamance County, NC - 37001020601","2020","18.8%","",,"Distance to Parks: 1 Mile"
"37","North Carolina","37001020602","Alamance County, NC - 37001020602","2020","51.0%","",,"Distance to Parks: 1/2 Mile"
"37","North Carolina","37001020602","Alamance County, NC - 37001020602","2020","96.5%","",,"Distance to Parks: 1 Mile"
"37","North Carolina","37001020701","Alamance County, NC - 37001020701","2020","1.4%","",,"Distance to Parks: 1/2 Mile"
"37","North Carolina","37001020701","Alamance County, NC - 37001020701","2020","13.5%","",,"Distance to Parks: 1 Mile"
"37","North Carolina","37001020702","Alamance County, NC - 37001020702","2020","23.9%","",,"Distance to Parks: 1/2 Mile"
"37","North Carolina","37001020702","Alamance County, NC - 37001020702","2020","43.3%","",,"Distance to Parks: 1 Mile"
"37","North Carolina","37001020801","Alamance County, NC - 37001020801","2020","7.0%","",,"Distance to Parks: 1/2 Mile"
"37","North Carolina","37001020801","Alamance County, NC - 37001020801","2020","24.0%","",,"Distance to Parks: 1 Mile"
"37","North Carolina","37001020802","Alamance County, NC - 37001020802","2020","93.1%","",,"Distance to Parks: 1/2 Mile"
"37","North Carolina","37001020802","Alamance County, NC - 37001020802","2020","100.0%","",,"Distance to Parks: 1 Mile"
"37","North Carolina","37001020901","Alamance County, NC - 37001020901","2020","5.8%","",,"Distance to Parks: 1/2 Mile"
"37","North Carolina","37001020901","Alamance County, NC - 37001020901","2020","59.9%","",,"Distance to Parks: 1 Mile"
"37","North Carolina","37001020902","Alamance County, NC - 37001020902","2020","34.5%","",,"Distance to Parks: 1/2 Mile"
"37","North Carolina","37001020902","Alamance County, NC - 37001020902","2020","75.0%","",,"Distance to Parks: 1 Mile"
"37","North Carolina","37001021000","Alamance County, NC - 37001021000","2020","54.1%","",,"Distance to Parks: 1/2 Mile"
"37","North Carolina","37001021000","Alamance County, NC - 37001021000","2020","100.0%","",,"Distance to Parks: 1 Mile"
"37","North Carolina","37001021101","Alamance County, NC - 37001021101","2020","59.6%","",,"Distance to Parks: 1/2 Mile"
"37","North Carolina","37001021101","Alamance County, NC - 37001021101","2020","95.5%","",,"Distance to Parks: 1 Mile"
"37","North Carolina","37001021102","Alamance County, NC - 37001021102","2020","2.0%","",,"Distance to Parks: 1/2 Mile"
"37","North Carolina","37001021102","Alamance County, NC - 37001021102","2020","23.5%","",,"Distance to Parks: 1 Mile"
"37","North Carolina","37001021201","Alamance County, NC - 37001021201","2020","31.1%","",,"Distance to Parks: 1/2 Mile"
"37","North Carolina","37001021201","Alamance County, NC - 37001021201","2020","69.8%","",,"Distance to Parks: 1 Mile"
"37","North Carolina","37001021204","Alamance County, NC - 37001021204","2020","0.0%","",,"Distance to Parks: 1/2 Mile"
"37","North Carolina","37001021204","Alamance County, NC - 37001021204","2020","0.0%","",,"Distance to Parks: 1 Mile"
"37","North Carolina","37001021205","Alamance County, NC - 37001021205","2020","14.3%","",,"Distance to Parks: 1/2 Mile"
"37","North Carolina","37001021205","Alamance County, NC - 37001021205","2020","42.9%","",,"Distance to Parks: 1 Mile"
"37","North Carolina","37001021206","Alamance County, NC - 37001021206","2020","29.7%","",,"Distance to Parks: 1/2 Mile"
"37","North Carolina","37001021206","Alamance County, NC - 37001021206","2020","50.7%","",,"Distance to Parks: 1 Mile"
"37","North Carolina","37001021207","Alamance County, NC - 37001021207","2020","11.6%","",,"Distance to Parks: 1/2 Mile"
"37","North Carolina","37001021207","Alamance County, NC - 37001021207","2020","65.0%","",,"Distance to Parks: 1 Mile"
"37","North Carolina","37001021300","Alamance County, NC - 37001021300","2020","1.9%","",,"Distance to Parks: 1/2 Mile"
"37","North Carolina","37001021300","Alamance County, NC - 37001021300","2020","8.1%","",,"Distance to Parks: 1 Mile"
"37","North Carolina","37001021400","Alamance County, NC - 37001021400","2020","6.8%","",,"Distance to Parks: 1/2 Mile"
"37","North Carolina","37001021400","Alamance County, NC - 37001021400","2020","23.7%","",,"Distance to Parks: 1 Mile"
"37","North Carolina","37001021500","Alamance County, NC - 37001021500","2020","5.3%","",,"Distance to Parks: 1/2 Mile"
"37","North Carolina","37001021500","Alamance County, NC - 37001021500","2020","12.4%","",,"Distance to Parks: 1 Mile"
"37","North Carolina","37001021600","Alamance County, NC - 37001021600","2020","22.4%","",,"Distance to Parks: 1/2 Mile"
"37","North Carolina","37001021600","Alamance County, NC - 37001021600","2020","56.7%","",,"Distance to Parks: 1 Mile"
"37","North Carolina","37001021701","Alamance County, NC - 37001021701","2020","52.1%","",,"Distance to Parks: 1/2 Mile"
"37","North Carolina","37001021701","Alamance County, NC - 37001021701","2020","100.0%","",,"Distance to Parks: 1 Mile"
"37","North Carolina","37001021702","Alamance County, NC - 37001021702","2020","43.3%","",,"Distance to Parks: 1/2 Mile"
"37","North Carolina","37001021702","Alamance County, NC - 37001021702","2020","86.9%","",,"Distance to Parks: 1 Mile"
"37","North Carolina","37001021703","Alamance County, NC - 37001021703","2020","31.3%","",,"Distance to Parks: 1/2 Mile"
"37","North Carolina","37001021703","Alamance County, NC - 37001021703","2020","70.7%","",,"Distance to Parks: 1 Mile"
"37","North Carolina","37001021801","Alamance County, NC - 37001021801","2020","4.8%","",,"Distance to Parks: 1/2 Mile"
"37","North Carolina","37001021801","Alamance County, NC - 37001021801","2020","16.7%","",,"Distance to Parks: 1 Mile"
"37","North Carolina","37001021802","Alamance County, NC - 37001021802","2020","7.7%","",,"Distance to Parks: 1/2 Mile"
"37","North Carolina","37001021802","Alamance County, NC - 37001021802","2020","14.7%","",,"Distance to Parks: 1 Mile"
"37","North Carolina","37001021803","Alamance County, NC - 37001021803","2020","0.1%","",,"Distance to Parks: 1/2 Mile"
"37","North Carolina","37001021803","Alamance County, NC - 37001021803","2020","2.4%","",,"Distance to Parks: 1 Mile"
"37","North Carolina","37001021901","Alamance County, NC - 37001021901","2020","0.0%","",,"Distance to Parks: 1/2 Mile"
"37","North Carolina","37001021901","Alamance County, NC - 37001021901","2020","2.3%","",,"Distance to Parks: 1 Mile"
"37","North Carolina","37001021902","Alamance County, NC - 37001021902","2020","2.9%","",,"Distance to Parks: 1/2 Mile"
"37","North Carolina","37001021902","Alamance County, NC - 37001021902","2020","8.0%","",,"Distance to Parks: 1 Mile"
"37","North Carolina","37001022001","Alamance County, NC - 37001022001","2020","0.0%","",,"Distance to Parks: 1/2 Mile"
"37","North Carolina","37001022001","Alamance County, NC - 37001022001","2020","0.0%","",,"Distance to Parks: 1 Mile"
"37","North Carolina","37001022002","Alamance County, NC - 37001022002","2020","1.1%","",,"Distance to Parks: 1/2 Mile"
"37","North Carolina","37001022002","Alamance County, NC - 37001022002","2020","8.8%","",,"Distance to Parks: 1 Mile"
"37","North Carolina","37003040100","Alexander County, NC - 37003040100","2020","4.6%","",,"Distance to Parks: 1/2 Mile"
"37","North Carolina","37003040100","Alexander County, NC - 37003040100","2020","11.0%","",,"Distance to Parks: 1 Mile"
"37","North Carolina","37003040200","Alexander County, NC - 37003040200","2020","0.2%","",,"Distance to Parks: 1/2 Mile"
"37","North Carolina","37003040200","Alexander County, NC - 37003040200","2020","1.0%","",,"Distance to Parks: 1 Mile"
"37","North Carolina","37003040300","Alexander County, NC - 37003040300","2020","0.0%","",,"Distance to Parks: 1/2 Mile"
"37","North Carolina","37003040300","Alexander County, NC - 37003040300","2020","0.0%","",,"Distance to Parks: 1 Mile"
"37","North Carolina","37003040400","Alexander County, NC - 37003040400","2020","10.3%","",,"Distance to Parks: 1/2 Mile"
"37","North Carolina","37003040400","Alexander County, NC - 37003040400","2020","31.1%","",,"Distance to Parks: 1 Mile"
"37","North Carolina","37003040500","Alexander County, NC - 37003040500","2020","0.0%","",,"Distance to Parks: 1/2 Mile"
"37","North Carolina","37003040500","Alexander County, NC - 37003040500","2020","0.1%","",,"Distance to Parks: 1 Mile"
"37","North Carolina","37003040600","Alexander County, NC - 37003040600","2020","2.9%","",,"Distance to Parks: 1/2 Mile"
"37","North Carolina","37003040600","Alexander County, NC - 37003040600","2020","8.5%","",,"Distance to Parks: 1 Mile"
"37","North Carolina","37003040700","Alexander County, NC - 37003040700","2020","0.0%","",,"Distance to Parks: 1/2 Mile"
"37","North Carolina","37003040700","Alexander County, NC - 37003040700","2020","0.0%","",,"Distance to Parks: 1 Mile"
"37","North Carolina","37005950100","Alleghany County, NC - 37005950100","2020","20.1%","",,"Distance to Parks: 1/2 Mile"
"37","North Carolina","37005950100","Alleghany County, NC - 37005950100","2020","30.8%","",,"Distance to Parks: 1 Mile"
"37","North Carolina","37005950200","Alleghany County, NC - 37005950200","2020","10.7%","",,"Distance to Parks: 1/2 Mile"
"37","North Carolina","37005950200","Alleghany County, NC - 37005950200","2020","23.3%","",,"Distance to Parks: 1 Mile"
"37","North Carolina","37005950300","Alleghany County, NC - 37005950300","2020","8.6%","",,"Distance to Parks: 1/2 Mile"
"37","North Carolina","37005950300","Alleghany County, NC - 37005950300","2020","17.4%","",,"Distance to Parks: 1 Mile"
"37","North Carolina","37007920100","Anson County, NC - 37007920100","2020","0.6%","",,"Distance to Parks: 1/2 Mile"
"37","North Carolina","37007920100","Anson County, NC - 37007920100","2020","1.6%","",,"Distance to Parks: 1 Mile"
"37","North Carolina","37007920200","Anson County, NC - 37007920200","2020","26.9%","",,"Distance to Parks: 1/2 Mile"
"37","North Carolina","37007920200","Anson County, NC - 37007920200","2020","34.9%","",,"Distance to Parks: 1 Mile"
"37","North Carolina","37007920301","Anson County, NC - 37007920301","2020","0.0%","",,"Distance to Parks: 1/2 Mile"
"37","North Carolina","37007920301","Anson County, NC - 37007920301","2020","0.0%","",,"Distance to Parks: 1 Mile"
"37","North Carolina","37007920302","Anson County, NC - 37007920302","2020","0.0%","",,"Distance to Parks: 1/2 Mile"
"37","North Carolina","37007920302","Anson County, NC - 37007920302","2020","0.0%","",,"Distance to Parks: 1 Mile"
"37","North Carolina","37007920400","Anson County, NC - 37007920400","2020","4.9%","",,"Distance to Parks: 1/2 Mile"
"37","North Carolina","37007920400","Anson County, NC - 37007920400","2020","11.5%","",,"Distance to Parks: 1 Mile"
"37","North Carolina","37007920501","Anson County, NC - 37007920501","2020","0.0%","",,"Distance to Parks: 1/2 Mile"
"37","North Carolina","37007920501","Anson County, NC - 37007920501","2020","1.2%","",,"Distance to Parks: 1 Mile"
"37","North Carolina","37007920502","Anson County, NC - 37007920502","2020","12.3%","",,"Distance to Parks: 1/2 Mile"
"37","North Carolina","37007920502","Anson County, NC - 37007920502","2020","31.9%","",,"Distance to Parks: 1 Mile"
"37","North Carolina","37007920600","Anson County, NC - 37007920600","2020","0.0%","",,"Distance to Parks: 1/2 Mile"
"37","North Carolina","37007920600","Anson County, NC - 37007920600","2020","0.0%","",,"Distance to Parks: 1 Mile"
"37","North Carolina","37007980000","Anson County, NC - 37007980000","2020","0.0%","",,"Distance to Parks: 1/2 Mile"
"37","North Carolina","37007980000","Anson County, NC - 37007980000","2020","0.0%","",,"Distance to Parks: 1 Mile"
"37","North Carolina","37009970200","Ashe County, NC - 37009970200","2020","2.3%","",,"Distance to Parks: 1/2 Mile"
"37","North Carolina","37009970200","Ashe County, NC - 37009970200","2020","7.1%","",,"Distance to Parks: 1 Mile"
"37","North Carolina","37009970300","Ashe County, NC - 37009970300","2020","28.1%","",,"Distance to Parks: 1/2 Mile"
"37","North Carolina","37009970300","Ashe County, NC - 37009970300","2020","43.2%","",,"Distance to Parks: 1 Mile"
"37","North Carolina","37009970400","Ashe County, NC - 37009970400","2020","43.6%","",,"Distance to Parks: 1/2 Mile"
"37","North Carolina","37009970400","Ashe County, NC - 37009970400","2020","69.5%","",,"Distance to Parks: 1 Mile"
"37","North Carolina","37009970501","Ashe County, NC - 37009970501","2020","30.5%","",,"Distance to Parks: 1/2 Mile"
"37","North Carolina","37009970501","Ashe County, NC - 37009970501","2020","52.5%","",,"Distance to Parks: 1 Mile"
"37","North Carolina","37009970502","Ashe County, NC - 37009970502","2020","13.3%","",,"Distance to Parks: 1/2 Mile"
"37","North Carolina","37009970502","Ashe County, NC - 37009970502","2020","45.9%","",,"Distance to Parks: 1 Mile"
"37","North Carolina","37009970701","Ashe County, NC - 37009970701","2020","7.3%","",,"Distance to Parks: 1/2 Mile"
"37","North Carolina","37009970701","Ashe County, NC - 37009970701","2020","17.1%","",,"Distance to Parks: 1 Mile"
"37","North Carolina","37009970702","Ashe County, NC - 37009970702","2020","0.7%","",,"Distance to Parks: 1/2 Mile"
"37","North Carolina","37009970702","Ashe County, NC - 37009970702","2020","3.2%","",,"Distance to Parks: 1 Mile"
"37","North Carolina","37009970801","Ashe County, NC - 37009970801","2020","14.4%","",,"Distance to Parks: 1/2 Mile"
"37","North Carolina","37009970801","Ashe County, NC - 37009970801","2020","25.8%","",,"Distance to Parks: 1 Mile"
"37","North Carolina","37009970802","Ashe County, NC - 37009970802","2020","13.9%","",,"Distance to Parks: 1/2 Mile"
"37","North Carolina","37009970802","Ashe County, NC - 37009970802","2020","29.9%","",,"Distance to Parks: 1 Mile"
"37","North Carolina","37011930100","Avery County, NC - 37011930100","2020","100.0%","",,"Distance to Parks: 1/2 Mile"
"37","North Carolina","37011930100","Avery County, NC - 37011930100","2020","100.0%","",,"Distance to Parks: 1 Mile"
"37","North Carolina","37011930200","Avery County, NC - 37011930200","2020","100.0%","",,"Distance to Parks: 1/2 Mile"
"37","North Carolina","37011930200","Avery County, NC - 37011930200","2020","100.0%","",,"Distance to Parks: 1 Mile"
"37","North Carolina","37011930301","Avery County, NC - 37011930301","2020","100.0%","",,"Distance to Parks: 1/2 Mile"
"37","North Carolina","37011930301","Avery County, NC - 37011930301","2020","100.0%","",,"Distance to Parks: 1 Mile"
"37","North Carolina","37011930302","Avery County, NC - 37011930302","2020","100.0%","",,"Distance to Parks: 1/2 Mile"
"37","North Carolina","37011930302","Avery County, NC - 37011930302","2020","100.0%","",,"Distance to Parks: 1 Mile"
"37","North Carolina","37011930400","Avery County, NC - 37011930400","2020","100.0%","",,"Distance to Parks: 1/2 Mile"
"37","North Carolina","37011930400","Avery County, NC - 37011930400","2020","100.0%","",,"Distance to Parks: 1 Mile"
"37","North Carolina","37013930101","Beaufort County, NC - 37013930101","2020","4.5%","",,"Distance to Parks: 1/2 Mile"
"37","North Carolina","37013930101","Beaufort County, NC - 37013930101","2020","7.4%","",,"Distance to Parks: 1 Mile"
"37","North Carolina","37013930102","Beaufort County, NC - 37013930102","2020","0.0%","",,"Distance to Parks: 1/2 Mile"
"37","North Carolina","37013930102","Beaufort County, NC - 37013930102","2020","2.3%","",,"Distance to Parks: 1 Mile"
"37","North Carolina","37013930200","Beaufort County, NC - 37013930200","2020","0.2%","",,"Distance to Parks: 1/2 Mile"
"37","North Carolina","37013930200","Beaufort County, NC - 37013930200","2020","1.5%","",,"Distance to Parks: 1 Mile"
"37","North Carolina","37013930300","Beaufort County, NC - 37013930300","2020","48.3%","",,"Distance to Parks: 1/2 Mile"
"37","North Carolina","37013930300","Beaufort County, NC - 37013930300","2020","77.2%","",,"Distance to Parks: 1 Mile"
"37","North Carolina","37013930400","Beaufort County, NC - 37013930400","2020","40.7%","",,"Distance to Parks: 1/2 Mile"
"37","North Carolina","37013930400","Beaufort County, NC - 37013930400","2020","82.5%","",,"Distance to Parks: 1 Mile"
"37","North Carolina","37013930501","Beaufort County, NC - 37013930501","2020","5.7%","",,"Distance to Parks: 1/2 Mile"
"37","North Carolina","37013930501","Beaufort County, NC - 37013930501","2020","12.3%","",,"Distance to Parks: 1 Mile"
"37","North Carolina","37013930502","Beaufort County, NC - 37013930502","2020","0.8%","",,"Distance to Parks: 1/2 Mile"
"37","North Carolina","37013930502","Beaufort County, NC - 37013930502","2020","2.8%","",,"Distance to Parks: 1 Mile"
"37","North Carolina","37013930600","Beaufort County, NC - 37013930600","2020","9.8%","",,"Distance to Parks: 1/2 Mile"
"37","North Carolina","37013930600","Beaufort County, NC - 37013930600","2020","17.2%","",,"Distance to Parks: 1 Mile"
"37","North Carolina","37013930700","Beaufort County, NC - 37013930700","2020","0.9%","",,"Distance to Parks: 1/2 Mile"
"37","North Carolina","37013930700","Beaufort County, NC - 37013930700","2020","2.6%","",,"Distance to Parks: 1 Mile"
"37","North Carolina","37013930800","Beaufort County, NC - 37013930800","2020","10.5%","",,"Distance to Parks: 1/2 Mile"
"37","North Carolina","37013930800","Beaufort County, NC - 37013930800","2020","15.2%","",,"Distance to Parks: 1 Mile"
"37","North Carolina","37013930900","Beaufort County, NC - 37013930900","2020","0.0%","",,"Distance to Parks: 1/2 Mile"
"37","North Carolina","37013930900","Beaufort County, NC - 37013930900","2020","0.0%","",,"Distance to Parks: 1 Mile"
"37","North Carolina","37013931001","Beaufort County, NC - 37013931001","2020","0.0%","",,"Distance to Parks: 1/2 Mile"
"37","North Carolina","37013931001","Beaufort County, NC - 37013931001","2020","0.0%","",,"Distance to Parks: 1 Mile"
"37","North Carolina","37013931002","Beaufort County, NC - 37013931002","2020","12.3%","",,"Distance to Parks: 1/2 Mile"
"37","North Carolina","37013931002","Beaufort County, NC - 37013931002","2020","32.3%","",,"Distance to Parks: 1 Mile"
"37","North Carolina","37015960100","Bertie County, NC - 37015960100","2020","1.6%","",,"Distance to Parks: 1/2 Mile"
"37","North Carolina","37015960100","Bertie County, NC - 37015960100","2020","2.8%","",,"Distance to Parks: 1 Mile"
"37","North Carolina","37015960200","Bertie County, NC - 37015960200","2020","0.0%","",,"Distance to Parks: 1/2 Mile"
"37","North Carolina","37015960200","Bertie County, NC - 37015960200","2020","0.0%","",,"Distance to Parks: 1 Mile"
"37","North Carolina","37015960300","Bertie County, NC - 37015960300","2020","11.6%","",,"Distance to Parks: 1/2 Mile"
"37","North Carolina","37015960300","Bertie County, NC - 37015960300","2020","14.7%","",,"Distance to Parks: 1 Mile"
"37","North Carolina","37015960401","Bertie County, NC - 37015960401","2020","4.0%","",,"Distance to Parks: 1/2 Mile"
"37","North Carolina","37015960401","Bertie County, NC - 37015960401","2020","10.7%","",,"Distance to Parks: 1 Mile"
"37","North Carolina","37015960402","Bertie County, NC - 37015960402","2020","32.9%","",,"Distance to Parks: 1/2 Mile"
"37","North Carolina","37015960402","Bertie County, NC - 37015960402","2020","46.4%","",,"Distance to Parks: 1 Mile"
"37","North Carolina","37017950101","Bladen County, NC - 37017950101","2020","21.6%","",,"Distance to Parks: 1/2 Mile"
"37","North Carolina","37017950101","Bladen County, NC - 37017950101","2020","31.8%","",,"Distance to Parks: 1 Mile"
"37","North Carolina","37017950102","Bladen County, NC - 37017950102","2020","37.1%","",,"Distance to Parks: 1/2 Mile"
"37","North Carolina","37017950102","Bladen County, NC - 37017950102","2020","47.3%","",,"Distance to Parks: 1 Mile"
"37","North Carolina","37017950200","Bladen County, NC - 37017950200","2020","35.3%","",,"Distance to Parks: 1/2 Mile"
"37","North Carolina","37017950200","Bladen County, NC - 37017950200","2020","47.0%","",,"Distance to Parks: 1 Mile"
"37","North Carolina","37017950301","Bladen County, NC - 37017950301","2020","0.0%","",,"Distance to Parks: 1/2 Mile"
"37","North Carolina","37017950301","Bladen County, NC - 37017950301","2020","0.0%","",,"Distance to Parks: 1 Mile"
"37","North Carolina","37017950302","Bladen County, NC - 37017950302","2020","0.0%","",,"Distance to Parks: 1/2 Mile"
"37","North Carolina","37017950302","Bladen County, NC - 37017950302","2020","0.0%","",,"Distance to Parks: 1 Mile"
"37","North Carolina","37017950401","Bladen County, NC - 37017950401","2020","14.7%","",,"Distance to Parks: 1/2 Mile"
"37","North Carolina","37017950401","Bladen County, NC - 37017950401","2020","37.0%","",,"Distance to Parks: 1 Mile"
"37","North Carolina","37017950402","Bladen County, NC - 37017950402","2020","3.6%","",,"Distance to Parks: 1/2 Mile"
"37","North Carolina","37017950402","Bladen County, NC - 37017950402","2020","7.6%","",,"Distance to Parks: 1 Mile"
"37","North Carolina","37017950501","Bladen County, NC - 37017950501","2020","0.0%","",,"Distance to Parks: 1/2 Mile"
"37","North Carolina","37017950501","Bladen County, NC - 37017950501","2020","0.0%","",,"Distance to Parks: 1 Mile"
"37","North Carolina","37017950502","Bladen County, NC - 37017950502","2020","0.0%","",,"Distance to Parks: 1/2 Mile"
"37","North Carolina","37017950502","Bladen County, NC - 37017950502","2020","0.0%","",,"Distance to Parks: 1 Mile"
"37","North Carolina","37017950601","Bladen County, NC - 37017950601","2020","3.5%","",,"Distance to Parks: 1/2 Mile"
"37","North Carolina","37017950601","Bladen County, NC - 37017950601","2020","8.3%","",,"Distance to Parks: 1 Mile"
"37","North Carolina","37017950602","Bladen County, NC - 37017950602","2020","0.5%","",,"Distance to Parks: 1/2 Mile"
"37","North Carolina","37017950602","Bladen County, NC - 37017950602","2020","2.5%","",,"Distance to Parks: 1 Mile"
"37","North Carolina","37019020101","Brunswick County, NC - 37019020101","2020","16.9%","",,"Distance to Parks: 1/2 Mile"
"37","North Carolina","37019020101","Brunswick County, NC - 37019020101","2020","37.2%","",,"Distance to Parks: 1 Mile"
"37","North Carolina","37019020102","Brunswick County, NC - 37019020102","2020","5.8%","",,"Distance to Parks: 1/2 Mile"
"37","North Carolina","37019020102","Brunswick County, NC - 37019020102","2020","22.2%","",,"Distance to Parks: 1 Mile"
"37","North Carolina","37019020105","Brunswick County, NC - 37019020105","2020","2.9%","",,"Distance to Parks: 1/2 Mile"
"37","North Carolina","37019020105","Brunswick County, NC - 37019020105","2020","31.2%","",,"Distance to Parks: 1 Mile"
"37","North Carolina","37019020106","Brunswick County, NC - 37019020106","2020","7.4%","",,"Distance to Parks: 1/2 Mile"
"37","North Carolina","37019020106","Brunswick County, NC - 37019020106","2020","17.6%","",,"Distance to Parks: 1 Mile"
"37","North Carolina","37019020107","Brunswick County, NC - 37019020107","2020","60.5%","",,"Distance to Parks: 1/2 Mile"
"37","North Carolina","37019020107","Brunswick County, NC - 37019020107","2020","100.0%","",,"Distance to Parks: 1 Mile"
"37","North Carolina","37019020108","Brunswick County, NC - 37019020108","2020","38.5%","",,"Distance to Parks: 1/2 Mile"
"37","North Carolina","37019020108","Brunswick County, NC - 37019020108","2020","77.9%","",,"Distance to Parks: 1 Mile"
"37","North Carolina","37019020201","Brunswick County, NC - 37019020201","2020","33.0%","",,"Distance to Parks: 1/2 Mile"
"37","North Carolina","37019020201","Brunswick County, NC - 37019020201","2020","91.3%","",,"Distance to Parks: 1 Mile"
"37","North Carolina","37019020203","Brunswick County, NC - 37019020203","2020","3.7%","",,"Distance to Parks: 1/2 Mile"
"37","North Carolina","37019020203","Brunswick County, NC - 37019020203","2020","10.5%","",,"Distance to Parks: 1 Mile"
"37","North Carolina","37019020204","Brunswick County, NC - 37019020204","2020","9.3%","",,"Distance to Parks: 1/2 Mile"
"37","North Carolina","37019020204","Brunswick County, NC - 37019020204","2020","17.9%","",,"Distance to Parks: 1 Mile"
"37","North Carolina","37019020205","Brunswick County, NC - 37019020205","2020","21.7%","",,"Distance to Parks: 1/2 Mile"
"37","North Carolina","37019020205","Brunswick County, NC - 37019020205","2020","48.6%","",,"Distance to Parks: 1 Mile"
"37","North Carolina","37019020206","Brunswick County, NC - 37019020206","2020","8.6%","",,"Distance to Parks: 1/2 Mile"
"37","North Carolina","37019020206","Brunswick County, NC - 37019020206","2020","21.6%","",,"Distance to Parks: 1 Mile"
"37","North Carolina","37019020304","Brunswick County, NC - 37019020304","2020","2.3%","",,"Distance to Parks: 1/2 Mile"
"37","North Carolina","37019020304","Brunswick County, NC - 37019020304","2020","16.9%","",,"Distance to Parks: 1 Mile"
"37","North Carolina","37019020305","Brunswick County, NC - 37019020305","2020","58.8%","",,"Distance to Parks: 1/2 Mile"
"37","North Carolina","37019020305","Brunswick County, NC - 37019020305","2020","96.5%","",,"Distance to Parks: 1 Mile"
"37","North Carolina","37019020306","Brunswick County, NC - 37019020306","2020","16.6%","",,"Distance to Parks: 1/2 Mile"
"37","North Carolina","37019020306","Brunswick County, NC - 37019020306","2020","41.6%","",,"Distance to Parks: 1 Mile"
"37","North Carolina","37019020307","Brunswick County, NC - 37019020307","2020","94.7%","",,"Distance to Parks: 1/2 Mile"
"37","North Carolina","37019020307","Brunswick County, NC - 37019020307","2020","99.9%","",,"Distance to Parks: 1 Mile"
"37","North Carolina","37019020308","Brunswick County, NC - 37019020308","2020","0.0%","",,"Distance to Parks: 1/2 Mile"
"37","North Carolina","37019020308","Brunswick County, NC - 37019020308","2020","0.0%","",,"Distance to Parks: 1 Mile"
"37","North Carolina","37019020311","Brunswick County, NC - 37019020311","2020","0.0%","",,"Distance to Parks: 1/2 Mile"
"37","North Carolina","37019020311","Brunswick County, NC - 37019020311","2020","4.9%","",,"Distance to Parks: 1 Mile"
"37","North Carolina","37019020312","Brunswick County, NC - 37019020312","2020","0.0%","",,"Distance to Parks: 1/2 Mile"
"37","North Carolina","37019020312","Brunswick County, NC - 37019020312","2020","0.0%","",,"Distance to Parks: 1 Mile"
"37","North Carolina","37019020313","Brunswick County, NC - 37019020313","2020","25.7%","",,"Distance to Parks: 1/2 Mile"
"37","North Carolina","37019020313","Brunswick County, NC - 37019020313","2020","44.5%","",,"Distance to Parks: 1 Mile"
"37","North Carolina","37019020314","Brunswick County, NC - 37019020314","2020","32.0%","",,"Distance to Parks: 1/2 Mile"
"37","North Carolina","37019020314","Brunswick County, NC - 37019020314","2020","60.0%","",,"Distance to Parks: 1 Mile"
"37","North Carolina","37019020315","Brunswick County, NC - 37019020315","2020","46.0%","",,"Distance to Parks: 1/2 Mile"
"37","North Carolina","37019020315","Brunswick County, NC - 37019020315","2020","98.0%","",,"Distance to Parks: 1 Mile"
"37","North Carolina","37019020316","Brunswick County, NC - 37019020316","2020","9.9%","",,"Distance to Parks: 1/2 Mile"
"37","North Carolina","37019020316","Brunswick County, NC - 37019020316","2020","52.2%","",,"Distance to Parks: 1 Mile"
"37","North Carolina","37019020404","Brunswick County, NC - 37019020404","2020","2.8%","",,"Distance to Parks: 1/2 Mile"
"37","North Carolina","37019020404","Brunswick County, NC - 37019020404","2020","11.4%","",,"Distance to Parks: 1 Mile"
"37","North Carolina","37019020405","Brunswick County, NC - 37019020405","2020","14.7%","",,"Distance to Parks: 1/2 Mile"
"37","North Carolina","37019020405","Brunswick County, NC - 37019020405","2020","32.3%","",,"Distance to Parks: 1 Mile"
"37","North Carolina","37019020406","Brunswick County, NC - 37019020406","2020","0.0%","",,"Distance to Parks: 1/2 Mile"
"37","North Carolina","37019020406","Brunswick County, NC - 37019020406","2020","1.9%","",,"Distance to Parks: 1 Mile"
"37","North Carolina","37019020407","Brunswick County, NC - 37019020407","2020","0.0%","",,"Distance to Parks: 1/2 Mile"
"37","North Carolina","37019020407","Brunswick County, NC - 37019020407","2020","0.0%","",,"Distance to Parks: 1 Mile"
"37","North Carolina","37019020408","Brunswick County, NC - 37019020408","2020","2.9%","",,"Distance to Parks: 1/2 Mile"
"37","North Carolina","37019020408","Brunswick County, NC - 37019020408","2020","7.5%","",,"Distance to Parks: 1 Mile"
"37","North Carolina","37019020409","Brunswick County, NC - 37019020409","2020","0.0%","",,"Distance to Parks: 1/2 Mile"
"37","North Carolina","37019020409","Brunswick County, NC - 37019020409","2020","0.0%","",,"Distance to Parks: 1 Mile"
"37","North Carolina","37019020504","Brunswick County, NC - 37019020504","2020","1.8%","",,"Distance to Parks: 1/2 Mile"
"37","North Carolina","37019020504","Brunswick County, NC - 37019020504","2020","14.5%","",,"Distance to Parks: 1 Mile"
"37","North Carolina","37019020505","Brunswick County, NC - 37019020505","2020","8.7%","",,"Distance to Parks: 1/2 Mile"
"37","North Carolina","37019020505","Brunswick County, NC - 37019020505","2020","21.2%","",,"Distance to Parks: 1 Mile"
"37","North Carolina","37019020508","Brunswick County, NC - 37019020508","2020","7.5%","",,"Distance to Parks: 1/2 Mile"
"37","North Carolina","37019020508","Brunswick County, NC - 37019020508","2020","20.1%","",,"Distance to Parks: 1 Mile"
"37","North Carolina","37019020510","Brunswick County, NC - 37019020510","2020","9.1%","",,"Distance to Parks: 1/2 Mile"
"37","North Carolina","37019020510","Brunswick County, NC - 37019020510","2020","32.9%","",,"Distance to Parks: 1 Mile"
"37","North Carolina","37019020511","Brunswick County, NC - 37019020511","2020","6.6%","",,"Distance to Parks: 1/2 Mile"
"37","North Carolina","37019020511","Brunswick County, NC - 37019020511","2020","34.2%","",,"Distance to Parks: 1 Mile"
"37","North Carolina","37019020512","Brunswick County, NC - 37019020512","2020","17.0%","",,"Distance to Parks: 1/2 Mile"
"37","North Carolina","37019020512","Brunswick County, NC - 37019020512","2020","43.4%","",,"Distance to Parks: 1 Mile"
"37","North Carolina","37019020513","Brunswick County, NC - 37019020513","2020","16.6%","",,"Distance to Parks: 1/2 Mile"
"37","North Carolina","37019020513","Brunswick County, NC - 37019020513","2020","30.6%","",,"Distance to Parks: 1 Mile"
"37","North Carolina","37019020514","Brunswick County, NC - 37019020514","2020","1.6%","",,"Distance to Parks: 1/2 Mile"
"37","North Carolina","37019020514","Brunswick County, NC - 37019020514","2020","19.8%","",,"Distance to Parks: 1 Mile"
"37","North Carolina","37019020515","Brunswick County, NC - 37019020515","2020","0.0%","",,"Distance to Parks: 1/2 Mile"
"37","North Carolina","37019020515","Brunswick County, NC - 37019020515","2020","7.8%","",,"Distance to Parks: 1 Mile"
"37","North Carolina","37019020516","Brunswick County, NC - 37019020516","2020","12.6%","",,"Distance to Parks: 1/2 Mile"
"37","North Carolina","37019020516","Brunswick County, NC - 37019020516","2020","35.6%","",,"Distance to Parks: 1 Mile"
"37","North Carolina","37019020517","Brunswick County, NC - 37019020517","2020","8.4%","",,"Distance to Parks: 1/2 Mile"
"37","North Carolina","37019020517","Brunswick County, NC - 37019020517","2020","36.2%","",,"Distance to Parks: 1 Mile"
"37","North Carolina","37019020518","Brunswick County, NC - 37019020518","2020","9.9%","",,"Distance to Parks: 1/2 Mile"
"37","North Carolina","37019020518","Brunswick County, NC - 37019020518","2020","33.3%","",,"Distance to Parks: 1 Mile"
"37","North Carolina","37019020601","Brunswick County, NC - 37019020601","2020","29.1%","",,"Distance to Parks: 1/2 Mile"
"37","North Carolina","37019020601","Brunswick County, NC - 37019020601","2020","41.1%","",,"Distance to Parks: 1 Mile"
"37","North Carolina","37019020602","Brunswick County, NC - 37019020602","2020","1.7%","",,"Distance to Parks: 1/2 Mile"
"37","North Carolina","37019020602","Brunswick County, NC - 37019020602","2020","5.1%","",,"Distance to Parks: 1 Mile"
"37","North Carolina","37019020603","Brunswick County, NC - 37019020603","2020","0.0%","",,"Distance to Parks: 1/2 Mile"
"37","North Carolina","37019020603","Brunswick County, NC - 37019020603","2020","0.6%","",,"Distance to Parks: 1 Mile"
"37","North Carolina","37021000100","Buncombe County, NC - 37021000100","2020","100.0%","",,"Distance to Parks: 1/2 Mile"
"37","North Carolina","37021000100","Buncombe County, NC - 37021000100","2020","100.0%","",,"Distance to Parks: 1 Mile"
"37","North Carolina","37021000200","Buncombe County, NC - 37021000200","2020","100.0%","",,"Distance to Parks: 1/2 Mile"
"37","North Carolina","37021000200","Buncombe County, NC - 37021000200","2020","100.0%","",,"Distance to Parks: 1 Mile"
"37","North Carolina","37021000300","Buncombe County, NC - 37021000300","2020","89.7%","",,"Distance to Parks: 1/2 Mile"
"37","North Carolina","37021000300","Buncombe County, NC - 37021000300","2020","100.0%","",,"Distance to Parks: 1 Mile"
"37","North Carolina","37021000400","Buncombe County, NC - 37021000400","2020","100.0%","",,"Distance to Parks: 1/2 Mile"
"37","North Carolina","37021000400","Buncombe County, NC - 37021000400","2020","100.0%","",,"Distance to Parks: 1 Mile"
"37","North Carolina","37021000500","Buncombe County, NC - 37021000500","2020","73.0%","",,"Distance to Parks: 1/2 Mile"
"37","North Carolina","37021000500","Buncombe County, NC - 37021000500","2020","100.0%","",,"Distance to Parks: 1 Mile"
"37","North Carolina","37021000600","Buncombe County, NC - 37021000600","2020","98.8%","",,"Distance to Parks: 1/2 Mile"
"37","North Carolina","37021000600","Buncombe County, NC - 37021000600","2020","100.0%","",,"Distance to Parks: 1 Mile"
"37","North Carolina","37021000700","Buncombe County, NC - 37021000700","2020","100.0%","",,"Distance to Parks: 1/2 Mile"
"37","North Carolina","37021000700","Buncombe County, NC - 37021000700","2020","100.0%","",,"Distance to Parks: 1 Mile"
"37","North Carolina","37021000800","Buncombe County, NC - 37021000800","2020","89.2%","",,"Distance to Parks: 1/2 Mile"
"37","North Carolina","37021000800","Buncombe County, NC - 37021000800","2020","100.0%","",,"Distance to Parks: 1 Mile"
"37","North Carolina","37021000900","Buncombe County, NC - 37021000900","2020","93.8%","",,"Distance to Parks: 1/2 Mile"
"37","North Carolina","37021000900","Buncombe County, NC - 37021000900","2020","100.0%","",,"Distance to Parks: 1 Mile"
"37","North Carolina","37021001000","Buncombe County, NC - 37021001000","2020","91.8%","",,"Distance to Parks: 1/2 Mile"
"37","North Carolina","37021001000","Buncombe County, NC - 37021001000","2020","100.0%","",,"Distance to Parks: 1 Mile"
"37","North Carolina","37021001100","Buncombe County, NC - 37021001100","2020","93.0%","",,"Distance to Parks: 1/2 Mile"
"37","North Carolina","37021001100","Buncombe County, NC - 37021001100","2020","100.0%","",,"Distance to Parks: 1 Mile"
"37","North Carolina","37021001200","Buncombe County, NC - 37021001200","2020","42.7%","",,"Distance to Parks: 1/2 Mile"
"37","North Carolina","37021001200","Buncombe County, NC - 37021001200","2020","91.7%","",,"Distance to Parks: 1 Mile"
"37","North Carolina","37021001300","Buncombe County, NC - 37021001300","2020","35.7%","",,"Distance to Parks: 1/2 Mile"
"37","North Carolina","37021001300","Buncombe County, NC - 37021001300","2020","74.2%","",,"Distance to Parks: 1 Mile"
"37","North Carolina","37021001401","Buncombe County, NC - 37021001401","2020","69.0%","",,"Distance to Parks: 1/2 Mile"
"37","North Carolina","37021001401","Buncombe County, NC - 37021001401","2020","97.2%","",,"Distance to Parks: 1 Mile"
"37","North Carolina","37021001402","Buncombe County, NC - 37021001402","2020","24.3%","",,"Distance to Parks: 1/2 Mile"
"37","North Carolina","37021001402","Buncombe County, NC - 37021001402","2020","97.8%","",,"Distance to Parks: 1 Mile"
"37","North Carolina","37021001500","Buncombe County, NC - 37021001500","2020","70.0%","",,"Distance to Parks: 1/2 Mile"
"37","North Carolina","37021001500","Buncombe County, NC - 37021001500","2020","99.8%","",,"Distance to Parks: 1 Mile"
"37","North Carolina","37021001601","Buncombe County, NC - 37021001601","2020","52.5%","",,"Distance to Parks: 1/2 Mile"
"37","North Carolina","37021001601","Buncombe County, NC - 37021001601","2020","98.4%","",,"Distance to Parks: 1 Mile"
"37","North Carolina","37021001602","Buncombe County, NC - 37021001602","2020","0.3%","",,"Distance to Parks: 1/2 Mile"
"37","North Carolina","37021001602","Buncombe County, NC - 37021001602","2020","14.6%","",,"Distance to Parks: 1 Mile"
"37","North Carolina","37021001700","Buncombe County, NC - 37021001700","2020","11.1%","",,"Distance to Parks: 1/2 Mile"
"37","North Carolina","37021001700","Buncombe County, NC - 37021001700","2020","41.9%","",,"Distance to Parks: 1 Mile"
"37","North Carolina","37021001801","Buncombe County, NC - 37021001801","2020","16.5%","",,"Distance to Parks: 1/2 Mile"
"37","North Carolina","37021001801","Buncombe County, NC - 37021001801","2020","68.5%","",,"Distance to Parks: 1 Mile"
"37","North Carolina","37021001802","Buncombe County, NC - 37021001802","2020","45.6%","",,"Distance to Parks: 1/2 Mile"
"37","North Carolina","37021001802","Buncombe County, NC - 37021001802","2020","86.8%","",,"Distance to Parks: 1 Mile"
"37","North Carolina","37021001900","Buncombe County, NC - 37021001900","2020","97.2%","",,"Distance to Parks: 1/2 Mile"
"37","North Carolina","37021001900","Buncombe County, NC - 37021001900","2020","100.0%","",,"Distance to Parks: 1 Mile"
"37","North Carolina","37021002000","Buncombe County, NC - 37021002000","2020","62.8%","",,"Distance to Parks: 1/2 Mile"
"37","North Carolina","37021002000","Buncombe County, NC - 37021002000","2020","100.0%","",,"Distance to Parks: 1 Mile"
"37","North Carolina","37021002101","Buncombe County, NC - 37021002101","2020","42.7%","",,"Distance to Parks: 1/2 Mile"
"37","North Carolina","37021002101","Buncombe County, NC - 37021002101","2020","77.5%","",,"Distance to Parks: 1 Mile"
"37","North Carolina","37021002102","Buncombe County, NC - 37021002102","2020","50.5%","",,"Distance to Parks: 1/2 Mile"
"37","North Carolina","37021002102","Buncombe County, NC - 37021002102","2020","98.5%","",,"Distance to Parks: 1 Mile"
"37","North Carolina","37021002203","Buncombe County, NC - 37021002203","2020","53.3%","",,"Distance to Parks: 1/2 Mile"
"37","North Carolina","37021002203","Buncombe County, NC - 37021002203","2020","84.8%","",,"Distance to Parks: 1 Mile"
"37","North Carolina","37021002204","Buncombe County, NC - 37021002204","2020","47.1%","",,"Distance to Parks: 1/2 Mile"
"37","North Carolina","37021002204","Buncombe County, NC - 37021002204","2020","88.7%","",,"Distance to Parks: 1 Mile"
"37","North Carolina","37021002205","Buncombe County, NC - 37021002205","2020","19.7%","",,"Distance to Parks: 1/2 Mile"
"37","North Carolina","37021002205","Buncombe County, NC - 37021002205","2020","43.7%","",,"Distance to Parks: 1 Mile"
"37","North Carolina","37021002206","Buncombe County, NC - 37021002206","2020","26.6%","",,"Distance to Parks: 1/2 Mile"
"37","North Carolina","37021002206","Buncombe County, NC - 37021002206","2020","61.1%","",,"Distance to Parks: 1 Mile"
"37","North Carolina","37021002303","Buncombe County, NC - 37021002303","2020","49.7%","",,"Distance to Parks: 1/2 Mile"
"37","North Carolina","37021002303","Buncombe County, NC - 37021002303","2020","92.0%","",,"Distance to Parks: 1 Mile"
"37","North Carolina","37021002304","Buncombe County, NC - 37021002304","2020","100.0%","",,"Distance to Parks: 1/2 Mile"
"37","North Carolina","37021002304","Buncombe County, NC - 37021002304","2020","100.0%","",,"Distance to Parks: 1 Mile"
"37","North Carolina","37021002305","Buncombe County, NC - 37021002305","2020","100.0%","",,"Distance to Parks: 1/2 Mile"
"37","North Carolina","37021002305","Buncombe County, NC - 37021002305","2020","100.0%","",,"Distance to Parks: 1 Mile"
"37","North Carolina","37021002306","Buncombe County, NC - 37021002306","2020","34.7%","",,"Distance to Parks: 1/2 Mile"
"37","North Carolina","37021002306","Buncombe County, NC - 37021002306","2020","69.3%","",,"Distance to Parks: 1 Mile"
"37","North Carolina","37021002401","Buncombe County, NC - 37021002401","2020","99.7%","",,"Distance to Parks: 1/2 Mile"
"37","North Carolina","37021002401","Buncombe County, NC - 37021002401","2020","100.0%","",,"Distance to Parks: 1 Mile"
"37","North Carolina","37021002402","Buncombe County, NC - 37021002402","2020","90.8%","",,"Distance to Parks: 1/2 Mile"
"37","North Carolina","37021002402","Buncombe County, NC - 37021002402","2020","99.6%","",,"Distance to Parks: 1 Mile"
"37","North Carolina","37021002503","Buncombe County, NC - 37021002503","2020","49.4%","",,"Distance to Parks: 1/2 Mile"
"37","North Carolina","37021002503","Buncombe County, NC - 37021002503","2020","85.8%","",,"Distance to Parks: 1 Mile"
"37","North Carolina","37021002504","Buncombe County, NC - 37021002504","2020","3.0%","",,"Distance to Parks: 1/2 Mile"
"37","North Carolina","37021002504","Buncombe County, NC - 37021002504","2020","9.7%","",,"Distance to Parks: 1 Mile"
"37","North Carolina","37021002505","Buncombe County, NC - 37021002505","2020","0.7%","",,"Distance to Parks: 1/2 Mile"
"37","North Carolina","37021002505","Buncombe County, NC - 37021002505","2020","15.2%","",,"Distance to Parks: 1 Mile"
"37","North Carolina","37021002506","Buncombe County, NC - 37021002506","2020","10.0%","",,"Distance to Parks: 1/2 Mile"
"37","North Carolina","37021002506","Buncombe County, NC - 37021002506","2020","32.5%","",,"Distance to Parks: 1 Mile"
"37","North Carolina","37021002603","Buncombe County, NC - 37021002603","2020","4.1%","",,"Distance to Parks: 1/2 Mile"
"37","North Carolina","37021002603","Buncombe County, NC - 37021002603","2020","11.4%","",,"Distance to Parks: 1 Mile"
"37","North Carolina","37021002604","Buncombe County, NC - 37021002604","2020","37.1%","",,"Distance to Parks: 1/2 Mile"
"37","North Carolina","37021002604","Buncombe County, NC - 37021002604","2020","58.1%","",,"Distance to Parks: 1 Mile"
"37","North Carolina","37021002606","Buncombe County, NC - 37021002606","2020","15.9%","",,"Distance to Parks: 1/2 Mile"
"37","North Carolina","37021002606","Buncombe County, NC - 37021002606","2020","47.0%","",,"Distance to Parks: 1 Mile"
"37","North Carolina","37021002607","Buncombe County, NC - 37021002607","2020","22.3%","",,"Distance to Parks: 1/2 Mile"
"37","North Carolina","37021002607","Buncombe County, NC - 37021002607","2020","55.0%","",,"Distance to Parks: 1 Mile"
"37","North Carolina","37021002608","Buncombe County, NC - 37021002608","2020","2.8%","",,"Distance to Parks: 1/2 Mile"
"37","North Carolina","37021002608","Buncombe County, NC - 37021002608","2020","12.1%","",,"Distance to Parks: 1 Mile"
"37","North Carolina","37021002609","Buncombe County, NC - 37021002609","2020","0.3%","",,"Distance to Parks: 1/2 Mile"
"37","North Carolina","37021002609","Buncombe County, NC - 37021002609","2020","14.1%","",,"Distance to Parks: 1 Mile"
"37","North Carolina","37021002701","Buncombe County, NC - 37021002701","2020","14.0%","",,"Distance to Parks: 1/2 Mile"
"37","North Carolina","37021002701","Buncombe County, NC - 37021002701","2020","45.1%","",,"Distance to Parks: 1 Mile"
"37","North Carolina","37021002702","Buncombe County, NC - 37021002702","2020","14.4%","",,"Distance to Parks: 1/2 Mile"
"37","North Carolina","37021002702","Buncombe County, NC - 37021002702","2020","35.4%","",,"Distance to Parks: 1 Mile"
"37","North Carolina","37021002704","Buncombe County, NC - 37021002704","2020","19.1%","",,"Distance to Parks: 1/2 Mile"
"37","North Carolina","37021002704","Buncombe County, NC - 37021002704","2020","52.8%","",,"Distance to Parks: 1 Mile"
"37","North Carolina","37021002705","Buncombe County, NC - 37021002705","2020","34.8%","",,"Distance to Parks: 1/2 Mile"
"37","North Carolina","37021002705","Buncombe County, NC - 37021002705","2020","76.6%","",,"Distance to Parks: 1 Mile"
"37","North Carolina","37021002803","Buncombe County, NC - 37021002803","2020","17.5%","",,"Distance to Parks: 1/2 Mile"
"37","North Carolina","37021002803","Buncombe County, NC - 37021002803","2020","36.2%","",,"Distance to Parks: 1 Mile"
"37","North Carolina","37021002804","Buncombe County, NC - 37021002804","2020","8.2%","",,"Distance to Parks: 1/2 Mile"
"37","North Carolina","37021002804","Buncombe County, NC - 37021002804","2020","23.1%","",,"Distance to Parks: 1 Mile"
"37","North Carolina","37021002900","Buncombe County, NC - 37021002900","2020","54.4%","",,"Distance to Parks: 1/2 Mile"
"37","North Carolina","37021002900","Buncombe County, NC - 37021002900","2020","66.2%","",,"Distance to Parks: 1 Mile"
"37","North Carolina","37021003002","Buncombe County, NC - 37021003002","2020","17.2%","",,"Distance to Parks: 1/2 Mile"
"37","North Carolina","37021003002","Buncombe County, NC - 37021003002","2020","42.2%","",,"Distance to Parks: 1 Mile"
"37","North Carolina","37021003003","Buncombe County, NC - 37021003003","2020","4.2%","",,"Distance to Parks: 1/2 Mile"
"37","North Carolina","37021003003","Buncombe County, NC - 37021003003","2020","25.1%","",,"Distance to Parks: 1 Mile"
"37","North Carolina","37021003004","Buncombe County, NC - 37021003004","2020","38.8%","",,"Distance to Parks: 1/2 Mile"
"37","North Carolina","37021003004","Buncombe County, NC - 37021003004","2020","74.0%","",,"Distance to Parks: 1 Mile"
"37","North Carolina","37021003103","Buncombe County, NC - 37021003103","2020","34.3%","",,"Distance to Parks: 1/2 Mile"
"37","North Carolina","37021003103","Buncombe County, NC - 37021003103","2020","76.3%","",,"Distance to Parks: 1 Mile"
"37","North Carolina","37021003105","Buncombe County, NC - 37021003105","2020","38.4%","",,"Distance to Parks: 1/2 Mile"
"37","North Carolina","37021003105","Buncombe County, NC - 37021003105","2020","74.4%","",,"Distance to Parks: 1 Mile"
"37","North Carolina","37021003106","Buncombe County, NC - 37021003106","2020","25.4%","",,"Distance to Parks: 1/2 Mile"
"37","North Carolina","37021003106","Buncombe County, NC - 37021003106","2020","54.2%","",,"Distance to Parks: 1 Mile"
"37","North Carolina","37021003107","Buncombe County, NC - 37021003107","2020","37.4%","",,"Distance to Parks: 1/2 Mile"
"37","North Carolina","37021003107","Buncombe County, NC - 37021003107","2020","54.8%","",,"Distance to Parks: 1 Mile"
"37","North Carolina","37021003108","Buncombe County, NC - 37021003108","2020","12.8%","",,"Distance to Parks: 1/2 Mile"
"37","North Carolina","37021003108","Buncombe County, NC - 37021003108","2020","30.7%","",,"Distance to Parks: 1 Mile"
"37","North Carolina","37021003201","Buncombe County, NC - 37021003201","2020","9.4%","",,"Distance to Parks: 1/2 Mile"
"37","North Carolina","37021003201","Buncombe County, NC - 37021003201","2020","41.3%","",,"Distance to Parks: 1 Mile"
"37","North Carolina","37021003202","Buncombe County, NC - 37021003202","2020","4.6%","",,"Distance to Parks: 1/2 Mile"
"37","North Carolina","37021003202","Buncombe County, NC - 37021003202","2020","18.0%","",,"Distance to Parks: 1 Mile"
"37","North Carolina","37021003203","Buncombe County, NC - 37021003203","2020","8.7%","",,"Distance to Parks: 1/2 Mile"
"37","North Carolina","37021003203","Buncombe County, NC - 37021003203","2020","13.7%","",,"Distance to Parks: 1 Mile"
"37","North Carolina","37021003204","Buncombe County, NC - 37021003204","2020","9.9%","",,"Distance to Parks: 1/2 Mile"
"37","North Carolina","37021003204","Buncombe County, NC - 37021003204","2020","28.4%","",,"Distance to Parks: 1 Mile"
"37","North Carolina","37021003205","Buncombe County, NC - 37021003205","2020","5.5%","",,"Distance to Parks: 1/2 Mile"
"37","North Carolina","37021003205","Buncombe County, NC - 37021003205","2020","13.4%","",,"Distance to Parks: 1 Mile"
"37","North Carolina","37023020100","Burke County, NC - 37023020100","2020","86.4%","",,"Distance to Parks: 1/2 Mile"
"37","North Carolina","37023020100","Burke County, NC - 37023020100","2020","90.3%","",,"Distance to Parks: 1 Mile"
"37","North Carolina","37023020202","Burke County, NC - 37023020202","2020","97.4%","",,"Distance to Parks: 1/2 Mile"
"37","North Carolina","37023020202","Burke County, NC - 37023020202","2020","100.0%","",,"Distance to Parks: 1 Mile"
"37","North Carolina","37023020203","Burke County, NC - 37023020203","2020","96.5%","",,"Distance to Parks: 1/2 Mile"
"37","North Carolina","37023020203","Burke County, NC - 37023020203","2020","98.8%","",,"Distance to Parks: 1 Mile"
"37","North Carolina","37023020204","Burke County, NC - 37023020204","2020","100.0%","",,"Distance to Parks: 1/2 Mile"
"37","North Carolina","37023020204","Burke County, NC - 37023020204","2020","100.0%","",,"Distance to Parks: 1 Mile"
"37","North Carolina","37023020301","Burke County, NC - 37023020301","2020","8.7%","",,"Distance to Parks: 1/2 Mile"
"37","North Carolina","37023020301","Burke County, NC - 37023020301","2020","30.2%","",,"Distance to Parks: 1 Mile"
"37","North Carolina","37023020303","Burke County, NC - 37023020303","2020","0.0%","",,"Distance to Parks: 1/2 Mile"
"37","North Carolina","37023020303","Burke County, NC - 37023020303","2020","3.5%","",,"Distance to Parks: 1 Mile"
"37","North Carolina","37023020304","Burke County, NC - 37023020304","2020","9.9%","",,"Distance to Parks: 1/2 Mile"
"37","North Carolina","37023020304","Burke County, NC - 37023020304","2020","31.1%","",,"Distance to Parks: 1 Mile"
"37","North Carolina","37023020500","Burke County, NC - 37023020500","2020","99.1%","",,"Distance to Parks: 1/2 Mile"
"37","North Carolina","37023020500","Burke County, NC - 37023020500","2020","100.0%","",,"Distance to Parks: 1 Mile"
"37","North Carolina","37023020600","Burke County, NC - 37023020600","2020","51.7%","",,"Distance to Parks: 1/2 Mile"
"37","North Carolina","37023020600","Burke County, NC - 37023020600","2020","95.6%","",,"Distance to Parks: 1 Mile"
"37","North Carolina","37023020801","Burke County, NC - 37023020801","2020","23.3%","",,"Distance to Parks: 1/2 Mile"
"37","North Carolina","37023020801","Burke County, NC - 37023020801","2020","63.0%","",,"Distance to Parks: 1 Mile"
"37","North Carolina","37023020802","Burke County, NC - 37023020802","2020","31.1%","",,"Distance to Parks: 1/2 Mile"
"37","North Carolina","37023020802","Burke County, NC - 37023020802","2020","69.8%","",,"Distance to Parks: 1 Mile"
"37","North Carolina","37023020901","Burke County, NC - 37023020901","2020","23.6%","",,"Distance to Parks: 1/2 Mile"
"37","North Carolina","37023020901","Burke County, NC - 37023020901","2020","63.3%","",,"Distance to Parks: 1 Mile"
"37","North Carolina","37023020902","Burke County, NC - 37023020902","2020","32.6%","",,"Distance to Parks: 1/2 Mile"
"37","North Carolina","37023020902","Burke County, NC - 37023020902","2020","76.7%","",,"Distance to Parks: 1 Mile"
"37","North Carolina","37023021000","Burke County, NC - 37023021000","2020","13.6%","",,"Distance to Parks: 1/2 Mile"
"37","North Carolina","37023021000","Burke County, NC - 37023021000","2020","42.6%","",,"Distance to Parks: 1 Mile"
"37","North Carolina","37023021100","Burke County, NC - 37023021100","2020","24.9%","",,"Distance to Parks: 1/2 Mile"
"37","North Carolina","37023021100","Burke County, NC - 37023021100","2020","57.9%","",,"Distance to Parks: 1 Mile"
"37","North Carolina","37023021201","Burke County, NC - 37023021201","2020","1.4%","",,"Distance to Parks: 1/2 Mile"
"37","North Carolina","37023021201","Burke County, NC - 37023021201","2020","6.8%","",,"Distance to Parks: 1 Mile"
"37","North Carolina","37023021202","Burke County, NC - 37023021202","2020","5.8%","",,"Distance to Parks: 1/2 Mile"
"37","North Carolina","37023021202","Burke County, NC - 37023021202","2020","21.2%","",,"Distance to Parks: 1 Mile"
"37","North Carolina","37023021203","Burke County, NC - 37023021203","2020","0.0%","",,"Distance to Parks: 1/2 Mile"
"37","North Carolina","37023021203","Burke County, NC - 37023021203","2020","0.0%","",,"Distance to Parks: 1 Mile"
"37","North Carolina","37023021301","Burke County, NC - 37023021301","2020","36.9%","",,"Distance to Parks: 1/2 Mile"
"37","North Carolina","37023021301","Burke County, NC - 37023021301","2020","64.6%","",,"Distance to Parks: 1 Mile"
"37","North Carolina","37023021302","Burke County, NC - 37023021302","2020","73.2%","",,"Distance to Parks: 1/2 Mile"
"37","North Carolina","37023021302","Burke County, NC - 37023021302","2020","85.3%","",,"Distance to Parks: 1 Mile"
"37","North Carolina","37023021400","Burke County, NC - 37023021400","2020","55.2%","",,"Distance to Parks: 1/2 Mile"
"37","North Carolina","37023021400","Burke County, NC - 37023021400","2020","95.3%","",,"Distance to Parks: 1 Mile"
"37","North Carolina","37025040501","Cabarrus County, NC - 37025040501","2020","8.9%","",,"Distance to Parks: 1/2 Mile"
"37","North Carolina","37025040501","Cabarrus County, NC - 37025040501","2020","21.7%","",,"Distance to Parks: 1 Mile"
"37","North Carolina","37025040502","Cabarrus County, NC - 37025040502","2020","9.9%","",,"Distance to Parks: 1/2 Mile"
"37","North Carolina","37025040502","Cabarrus County, NC - 37025040502","2020","32.3%","",,"Distance to Parks: 1 Mile"
"37","North Carolina","37025040600","Cabarrus County, NC - 37025040600","2020","0.0%","",,"Distance to Parks: 1/2 Mile"
"37","North Carolina","37025040600","Cabarrus County, NC - 37025040600","2020","0.6%","",,"Distance to Parks: 1 Mile"
"37","North Carolina","37025040701","Cabarrus County, NC - 37025040701","2020","0.0%","",,"Distance to Parks: 1/2 Mile"
"37","North Carolina","37025040701","Cabarrus County, NC - 37025040701","2020","16.8%","",,"Distance to Parks: 1 Mile"
"37","North Carolina","37025040703","Cabarrus County, NC - 37025040703","2020","0.0%","",,"Distance to Parks: 1/2 Mile"
"37","North Carolina","37025040703","Cabarrus County, NC - 37025040703","2020","0.0%","",,"Distance to Parks: 1 Mile"
"37","North Carolina","37025040704","Cabarrus County, NC - 37025040704","2020","0.0%","",,"Distance to Parks: 1/2 Mile"
"37","North Carolina","37025040704","Cabarrus County, NC - 37025040704","2020","2.7%","",,"Distance to Parks: 1 Mile"
"37","North Carolina","37025040705","Cabarrus County, NC - 37025040705","2020","0.0%","",,"Distance to Parks: 1/2 Mile"
"37","North Carolina","37025040705","Cabarrus County, NC - 37025040705","2020","7.2%","",,"Distance to Parks: 1 Mile"
"37","North Carolina","37025040800","Cabarrus County, NC - 37025040800","2020","27.9%","",,"Distance to Parks: 1/2 Mile"
"37","North Carolina","37025040800","Cabarrus County, NC - 37025040800","2020","78.5%","",,"Distance to Parks: 1 Mile"
"37","North Carolina","37025040900","Cabarrus County, NC - 37025040900","2020","0.0%","",,"Distance to Parks: 1/2 Mile"
"37","North Carolina","37025040900","Cabarrus County, NC - 37025040900","2020","0.0%","",,"Distance to Parks: 1 Mile"
"37","North Carolina","37025041001","Cabarrus County, NC - 37025041001","2020","45.2%","",,"Distance to Parks: 1/2 Mile"
"37","North Carolina","37025041001","Cabarrus County, NC - 37025041001","2020","92.2%","",,"Distance to Parks: 1 Mile"
"37","North Carolina","37025041002","Cabarrus County, NC - 37025041002","2020","73.6%","",,"Distance to Parks: 1/2 Mile"
"37","North Carolina","37025041002","Cabarrus County, NC - 37025041002","2020","100.0%","",,"Distance to Parks: 1 Mile"
"37","North Carolina","37025041100","Cabarrus County, NC - 37025041100","2020","21.2%","",,"Distance to Parks: 1/2 Mile"
"37","North Carolina","37025041100","Cabarrus County, NC - 37025041100","2020","56.8%","",,"Distance to Parks: 1 Mile"
"37","North Carolina","37025041201","Cabarrus County, NC - 37025041201","2020","1.9%","",,"Distance to Parks: 1/2 Mile"
"37","North Carolina","37025041201","Cabarrus County, NC - 37025041201","2020","9.1%","",,"Distance to Parks: 1 Mile"
"37","North Carolina","37025041202","Cabarrus County, NC - 37025041202","2020","9.5%","",,"Distance to Parks: 1/2 Mile"
"37","North Carolina","37025041202","Cabarrus County, NC - 37025041202","2020","29.8%","",,"Distance to Parks: 1 Mile"
"37","North Carolina","37025041301","Cabarrus County, NC - 37025041301","2020","3.2%","",,"Distance to Parks: 1/2 Mile"
"37","North Carolina","37025041301","Cabarrus County, NC - 37025041301","2020","16.4%","",,"Distance to Parks: 1 Mile"
"37","North Carolina","37025041304","Cabarrus County, NC - 37025041304","2020","0.0%","",,"Distance to Parks: 1/2 Mile"
"37","North Carolina","37025041304","Cabarrus County, NC - 37025041304","2020","0.4%","",,"Distance to Parks: 1 Mile"
"37","North Carolina","37025041305","Cabarrus County, NC - 37025041305","2020","2.2%","",,"Distance to Parks: 1/2 Mile"
"37","North Carolina","37025041305","Cabarrus County, NC - 37025041305","2020","10.7%","",,"Distance to Parks: 1 Mile"
"37","North Carolina","37025041306","Cabarrus County, NC - 37025041306","2020","0.8%","",,"Distance to Parks: 1/2 Mile"
"37","North Carolina","37025041306","Cabarrus County, NC - 37025041306","2020","12.5%","",,"Distance to Parks: 1 Mile"
"37","North Carolina","37025041307","Cabarrus County, NC - 37025041307","2020","0.0%","",,"Distance to Parks: 1/2 Mile"
"37","North Carolina","37025041307","Cabarrus County, NC - 37025041307","2020","14.3%","",,"Distance to Parks: 1 Mile"
"37","North Carolina","37025041503","Cabarrus County, NC - 37025041503","2020","8.0%","",,"Distance to Parks: 1/2 Mile"
"37","North Carolina","37025041503","Cabarrus County, NC - 37025041503","2020","24.4%","",,"Distance to Parks: 1 Mile"
"37","North Carolina","37025041504","Cabarrus County, NC - 37025041504","2020","34.5%","",,"Distance to Parks: 1/2 Mile"
"37","North Carolina","37025041504","Cabarrus County, NC - 37025041504","2020","87.0%","",,"Distance to Parks: 1 Mile"
"37","North Carolina","37025041505","Cabarrus County, NC - 37025041505","2020","28.1%","",,"Distance to Parks: 1/2 Mile"
"37","North Carolina","37025041505","Cabarrus County, NC - 37025041505","2020","62.3%","",,"Distance to Parks: 1 Mile"
"37","North Carolina","37025041506","Cabarrus County, NC - 37025041506","2020","3.0%","",,"Distance to Parks: 1/2 Mile"
"37","North Carolina","37025041506","Cabarrus County, NC - 37025041506","2020","25.1%","",,"Distance to Parks: 1 Mile"
"37","North Carolina","37025041507","Cabarrus County, NC - 37025041507","2020","0.0%","",,"Distance to Parks: 1/2 Mile"
"37","North Carolina","37025041507","Cabarrus County, NC - 37025041507","2020","0.4%","",,"Distance to Parks: 1 Mile"
"37","North Carolina","37025041602","Cabarrus County, NC - 37025041602","2020","0.0%","",,"Distance to Parks: 1/2 Mile"
"37","North Carolina","37025041602","Cabarrus County, NC - 37025041602","2020","1.7%","",,"Distance to Parks: 1 Mile"
"37","North Carolina","37025041603","Cabarrus County, NC - 37025041603","2020","11.1%","",,"Distance to Parks: 1/2 Mile"
"37","North Carolina","37025041603","Cabarrus County, NC - 37025041603","2020","27.6%","",,"Distance to Parks: 1 Mile"
"37","North Carolina","37025041604","Cabarrus County, NC - 37025041604","2020","14.3%","",,"Distance to Parks: 1/2 Mile"
"37","North Carolina","37025041604","Cabarrus County, NC - 37025041604","2020","24.9%","",,"Distance to Parks: 1 Mile"
"37","North Carolina","37025041701","Cabarrus County, NC - 37025041701","2020","4.2%","",,"Distance to Parks: 1/2 Mile"
"37","North Carolina","37025041701","Cabarrus County, NC - 37025041701","2020","12.5%","",,"Distance to Parks: 1 Mile"
"37","North Carolina","37025041702","Cabarrus County, NC - 37025041702","2020","0.0%","",,"Distance to Parks: 1/2 Mile"
"37","North Carolina","37025041702","Cabarrus County, NC - 37025041702","2020","0.9%","",,"Distance to Parks: 1 Mile"
"37","North Carolina","37025041901","Cabarrus County, NC - 37025041901","2020","38.6%","",,"Distance to Parks: 1/2 Mile"
"37","North Carolina","37025041901","Cabarrus County, NC - 37025041901","2020","95.5%","",,"Distance to Parks: 1 Mile"
"37","North Carolina","37025041902","Cabarrus County, NC - 37025041902","2020","88.2%","",,"Distance to Parks: 1/2 Mile"
"37","North Carolina","37025041902","Cabarrus County, NC - 37025041902","2020","100.0%","",,"Distance to Parks: 1 Mile"
"37","North Carolina","37025042000","Cabarrus County, NC - 37025042000","2020","47.0%","",,"Distance to Parks: 1/2 Mile"
"37","North Carolina","37025042000","Cabarrus County, NC - 37025042000","2020","95.2%","",,"Distance to Parks: 1 Mile"
"37","North Carolina","37025042101","Cabarrus County, NC - 37025042101","2020","82.2%","",,"Distance to Parks: 1/2 Mile"
"37","North Carolina","37025042101","Cabarrus County, NC - 37025042101","2020","100.0%","",,"Distance to Parks: 1 Mile"
"37","North Carolina","37025042102","Cabarrus County, NC - 37025042102","2020","17.9%","",,"Distance to Parks: 1/2 Mile"
"37","North Carolina","37025042102","Cabarrus County, NC - 37025042102","2020","85.5%","",,"Distance to Parks: 1 Mile"
"37","North Carolina","37025042201","Cabarrus County, NC - 37025042201","2020","4.2%","",,"Distance to Parks: 1/2 Mile"
"37","North Carolina","37025042201","Cabarrus County, NC - 37025042201","2020","53.1%","",,"Distance to Parks: 1 Mile"
"37","North Carolina","37025042202","Cabarrus County, NC - 37025042202","2020","53.7%","",,"Distance to Parks: 1/2 Mile"
"37","North Carolina","37025042202","Cabarrus County, NC - 37025042202","2020","98.1%","",,"Distance to Parks: 1 Mile"
"37","North Carolina","37025042300","Cabarrus County, NC - 37025042300","2020","57.5%","",,"Distance to Parks: 1/2 Mile"
"37","North Carolina","37025042300","Cabarrus County, NC - 37025042300","2020","100.0%","",,"Distance to Parks: 1 Mile"
"37","North Carolina","37025042401","Cabarrus County, NC - 37025042401","2020","16.3%","",,"Distance to Parks: 1/2 Mile"
"37","North Carolina","37025042401","Cabarrus County, NC - 37025042401","2020","49.9%","",,"Distance to Parks: 1 Mile"
"37","North Carolina","37025042402","Cabarrus County, NC - 37025042402","2020","10.3%","",,"Distance to Parks: 1/2 Mile"
"37","North Carolina","37025042402","Cabarrus County, NC - 37025042402","2020","58.4%","",,"Distance to Parks: 1 Mile"
"37","North Carolina","37025042501","Cabarrus County, NC - 37025042501","2020","15.4%","",,"Distance to Parks: 1/2 Mile"
"37","North Carolina","37025042501","Cabarrus County, NC - 37025042501","2020","51.5%","",,"Distance to Parks: 1 Mile"
"37","North Carolina","37025042502","Cabarrus County, NC - 37025042502","2020","46.8%","",,"Distance to Parks: 1/2 Mile"
"37","North Carolina","37025042502","Cabarrus County, NC - 37025042502","2020","100.0%","",,"Distance to Parks: 1 Mile"
"37","North Carolina","37025042503","Cabarrus County, NC - 37025042503","2020","25.7%","",,"Distance to Parks: 1/2 Mile"
"37","North Carolina","37025042503","Cabarrus County, NC - 37025042503","2020","86.8%","",,"Distance to Parks: 1 Mile"
"37","North Carolina","37025042504","Cabarrus County, NC - 37025042504","2020","62.2%","",,"Distance to Parks: 1/2 Mile"
"37","North Carolina","37025042504","Cabarrus County, NC - 37025042504","2020","91.1%","",,"Distance to Parks: 1 Mile"
"37","North Carolina","37025042601","Cabarrus County, NC - 37025042601","2020","15.9%","",,"Distance to Parks: 1/2 Mile"
"37","North Carolina","37025042601","Cabarrus County, NC - 37025042601","2020","58.1%","",,"Distance to Parks: 1 Mile"
"37","North Carolina","37025042602","Cabarrus County, NC - 37025042602","2020","61.3%","",,"Distance to Parks: 1/2 Mile"
"37","North Carolina","37025042602","Cabarrus County, NC - 37025042602","2020","91.5%","",,"Distance to Parks: 1 Mile"
"37","North Carolina","37025042603","Cabarrus County, NC - 37025042603","2020","7.7%","",,"Distance to Parks: 1/2 Mile"
"37","North Carolina","37025042603","Cabarrus County, NC - 37025042603","2020","44.3%","",,"Distance to Parks: 1 Mile"
"37","North Carolina","37025042604","Cabarrus County, NC - 37025042604","2020","17.7%","",,"Distance to Parks: 1/2 Mile"
"37","North Carolina","37025042604","Cabarrus County, NC - 37025042604","2020","66.6%","",,"Distance to Parks: 1 Mile"
"37","North Carolina","37027030100","Caldwell County, NC - 37027030100","2020","73.1%","",,"Distance to Parks: 1/2 Mile"
"37","North Carolina","37027030100","Caldwell County, NC - 37027030100","2020","98.8%","",,"Distance to Parks: 1 Mile"
"37","North Carolina","37027030200","Caldwell County, NC - 37027030200","2020","2.7%","",,"Distance to Parks: 1/2 Mile"
"37","North Carolina","37027030200","Caldwell County, NC - 37027030200","2020","16.0%","",,"Distance to Parks: 1 Mile"
"37","North Carolina","37027030300","Caldwell County, NC - 37027030300","2020","17.8%","",,"Distance to Parks: 1/2 Mile"
"37","North Carolina","37027030300","Caldwell County, NC - 37027030300","2020","40.7%","",,"Distance to Parks: 1 Mile"
"37","North Carolina","37027030400","Caldwell County, NC - 37027030400","2020","7.9%","",,"Distance to Parks: 1/2 Mile"
"37","North Carolina","37027030400","Caldwell County, NC - 37027030400","2020","27.6%","",,"Distance to Parks: 1 Mile"
"37","North Carolina","37027030500","Caldwell County, NC - 37027030500","2020","27.0%","",,"Distance to Parks: 1/2 Mile"
"37","North Carolina","37027030500","Caldwell County, NC - 37027030500","2020","60.5%","",,"Distance to Parks: 1 Mile"
"37","North Carolina","37027030600","Caldwell County, NC - 37027030600","2020","21.1%","",,"Distance to Parks: 1/2 Mile"
"37","North Carolina","37027030600","Caldwell County, NC - 37027030600","2020","50.6%","",,"Distance to Parks: 1 Mile"
"37","North Carolina","37027030700","Caldwell County, NC - 37027030700","2020","4.8%","",,"Distance to Parks: 1/2 Mile"
"37","North Carolina","37027030700","Caldwell County, NC - 37027030700","2020","20.6%","",,"Distance to Parks: 1 Mile"
"37","North Carolina","37027030801","Caldwell County, NC - 37027030801","2020","0.0%","",,"Distance to Parks: 1/2 Mile"
"37","North Carolina","37027030801","Caldwell County, NC - 37027030801","2020","0.2%","",,"Distance to Parks: 1 Mile"
"37","North Carolina","37027030802","Caldwell County, NC - 37027030802","2020","2.5%","",,"Distance to Parks: 1/2 Mile"
"37","North Carolina","37027030802","Caldwell County, NC - 37027030802","2020","13.4%","",,"Distance to Parks: 1 Mile"
"37","North Carolina","37027030900","Caldwell County, NC - 37027030900","2020","79.2%","",,"Distance to Parks: 1/2 Mile"
"37","North Carolina","37027030900","Caldwell County, NC - 37027030900","2020","85.8%","",,"Distance to Parks: 1 Mile"
"37","North Carolina","37027031000","Caldwell County, NC - 37027031000","2020","75.0%","",,"Distance to Parks: 1/2 Mile"
"37","North Carolina","37027031000","Caldwell County, NC - 37027031000","2020","89.0%","",,"Distance to Parks: 1 Mile"
"37","North Carolina","37027031100","Caldwell County, NC - 37027031100","2020","1.3%","",,"Distance to Parks: 1/2 Mile"
"37","North Carolina","37027031100","Caldwell County, NC - 37027031100","2020","4.1%","",,"Distance to Parks: 1 Mile"
"37","North Carolina","37027031201","Caldwell County, NC - 37027031201","2020","0.0%","",,"Distance to Parks: 1/2 Mile"
"37","North Carolina","37027031201","Caldwell County, NC - 37027031201","2020","0.0%","",,"Distance to Parks: 1 Mile"
"37","North Carolina","37027031202","Caldwell County, NC - 37027031202","2020","1.2%","",,"Distance to Parks: 1/2 Mile"
"37","North Carolina","37027031202","Caldwell County, NC - 37027031202","2020","4.4%","",,"Distance to Parks: 1 Mile"
"37","North Carolina","37027031301","Caldwell County, NC - 37027031301","2020","6.5%","",,"Distance to Parks: 1/2 Mile"
"37","North Carolina","37027031301","Caldwell County, NC - 37027031301","2020","21.9%","",,"Distance to Parks: 1 Mile"
"37","North Carolina","37027031302","Caldwell County, NC - 37027031302","2020","0.0%","",,"Distance to Parks: 1/2 Mile"
"37","North Carolina","37027031302","Caldwell County, NC - 37027031302","2020","3.1%","",,"Distance to Parks: 1 Mile"
"37","North Carolina","37027031401","Caldwell County, NC - 37027031401","2020","17.6%","",,"Distance to Parks: 1/2 Mile"
"37","North Carolina","37027031401","Caldwell County, NC - 37027031401","2020","50.9%","",,"Distance to Parks: 1 Mile"
"37","North Carolina","37027031402","Caldwell County, NC - 37027031402","2020","19.7%","",,"Distance to Parks: 1/2 Mile"
"37","North Carolina","37027031402","Caldwell County, NC - 37027031402","2020","57.2%","",,"Distance to Parks: 1 Mile"
"37","North Carolina","37027031403","Caldwell County, NC - 37027031403","2020","39.3%","",,"Distance to Parks: 1/2 Mile"
"37","North Carolina","37027031403","Caldwell County, NC - 37027031403","2020","91.4%","",,"Distance to Parks: 1 Mile"
"37","North Carolina","37029950101","Camden County, NC - 37029950101","2020","32.8%","",,"Distance to Parks: 1/2 Mile"
"37","North Carolina","37029950101","Camden County, NC - 37029950101","2020","39.4%","",,"Distance to Parks: 1 Mile"
"37","North Carolina","37029950102","Camden County, NC - 37029950102","2020","22.3%","",,"Distance to Parks: 1/2 Mile"
"37","North Carolina","37029950102","Camden County, NC - 37029950102","2020","29.3%","",,"Distance to Parks: 1 Mile"
"37","North Carolina","37031970101","Carteret County, NC - 37031970101","2020","75.5%","",,"Distance to Parks: 1/2 Mile"
"37","North Carolina","37031970101","Carteret County, NC - 37031970101","2020","93.7%","",,"Distance to Parks: 1 Mile"
"37","North Carolina","37031970102","Carteret County, NC - 37031970102","2020","16.5%","",,"Distance to Parks: 1/2 Mile"
"37","North Carolina","37031970102","Carteret County, NC - 37031970102","2020","24.6%","",,"Distance to Parks: 1 Mile"
"37","North Carolina","37031970103","Carteret County, NC - 37031970103","2020","36.3%","",,"Distance to Parks: 1/2 Mile"
"37","North Carolina","37031970103","Carteret County, NC - 37031970103","2020","71.0%","",,"Distance to Parks: 1 Mile"
"37","North Carolina","37031970200","Carteret County, NC - 37031970200","2020","40.8%","",,"Distance to Parks: 1/2 Mile"
"37","North Carolina","37031970200","Carteret County, NC - 37031970200","2020","91.0%","",,"Distance to Parks: 1 Mile"
"37","North Carolina","37031970301","Carteret County, NC - 37031970301","2020","17.5%","",,"Distance to Parks: 1/2 Mile"
"37","North Carolina","37031970301","Carteret County, NC - 37031970301","2020","43.2%","",,"Distance to Parks: 1 Mile"
"37","North Carolina","37031970304","Carteret County, NC - 37031970304","2020","73.0%","",,"Distance to Parks: 1/2 Mile"
"37","North Carolina","37031970304","Carteret County, NC - 37031970304","2020","89.3%","",,"Distance to Parks: 1 Mile"
"37","North Carolina","37031970305","Carteret County, NC - 37031970305","2020","65.0%","",,"Distance to Parks: 1/2 Mile"
"37","North Carolina","37031970305","Carteret County, NC - 37031970305","2020","97.1%","",,"Distance to Parks: 1 Mile"
"37","North Carolina","37031970401","Carteret County, NC - 37031970401","2020","98.2%","",,"Distance to Parks: 1/2 Mile"
"37","North Carolina","37031970401","Carteret County, NC - 37031970401","2020","100.0%","",,"Distance to Parks: 1 Mile"
"37","North Carolina","37031970402","Carteret County, NC - 37031970402","2020","85.2%","",,"Distance to Parks: 1/2 Mile"
"37","North Carolina","37031970402","Carteret County, NC - 37031970402","2020","100.0%","",,"Distance to Parks: 1 Mile"
"37","North Carolina","37031970403","Carteret County, NC - 37031970403","2020","97.5%","",,"Distance to Parks: 1/2 Mile"
"37","North Carolina","37031970403","Carteret County, NC - 37031970403","2020","100.0%","",,"Distance to Parks: 1 Mile"
"37","North Carolina","37031970501","Carteret County, NC - 37031970501","2020","89.5%","",,"Distance to Parks: 1/2 Mile"
"37","North Carolina","37031970501","Carteret County, NC - 37031970501","2020","100.0%","",,"Distance to Parks: 1 Mile"
"37","North Carolina","37031970502","Carteret County, NC - 37031970502","2020","24.6%","",,"Distance to Parks: 1/2 Mile"
"37","North Carolina","37031970502","Carteret County, NC - 37031970502","2020","86.2%","",,"Distance to Parks: 1 Mile"
"37","North Carolina","37031970503","Carteret County, NC - 37031970503","2020","71.1%","",,"Distance to Parks: 1/2 Mile"
"37","North Carolina","37031970503","Carteret County, NC - 37031970503","2020","100.0%","",,"Distance to Parks: 1 Mile"
"37","North Carolina","37031970504","Carteret County, NC - 37031970504","2020","18.0%","",,"Distance to Parks: 1/2 Mile"
"37","North Carolina","37031970504","Carteret County, NC - 37031970504","2020","45.9%","",,"Distance to Parks: 1 Mile"
"37","North Carolina","37031970601","Carteret County, NC - 37031970601","2020","95.1%","",,"Distance to Parks: 1/2 Mile"
"37","North Carolina","37031970601","Carteret County, NC - 37031970601","2020","100.0%","",,"Distance to Parks: 1 Mile"
"37","North Carolina","37031970602","Carteret County, NC - 37031970602","2020","99.7%","",,"Distance to Parks: 1/2 Mile"
"37","North Carolina","37031970602","Carteret County, NC - 37031970602","2020","100.0%","",,"Distance to Parks: 1 Mile"
"37","North Carolina","37031970603","Carteret County, NC - 37031970603","2020","100.0%","",,"Distance to Parks: 1/2 Mile"
"37","North Carolina","37031970603","Carteret County, NC - 37031970603","2020","100.0%","",,"Distance to Parks: 1 Mile"
"37","North Carolina","37031970606","Carteret County, NC - 37031970606","2020","62.7%","",,"Distance to Parks: 1/2 Mile"
"37","North Carolina","37031970606","Carteret County, NC - 37031970606","2020","97.5%","",,"Distance to Parks: 1 Mile"
"37","North Carolina","37031970701","Carteret County, NC - 37031970701","2020","100.0%","",,"Distance to Parks: 1/2 Mile"
"37","North Carolina","37031970701","Carteret County, NC - 37031970701","2020","100.0%","",,"Distance to Parks: 1 Mile"
"37","North Carolina","37031970702","Carteret County, NC - 37031970702","2020","100.0%","",,"Distance to Parks: 1/2 Mile"
"37","North Carolina","37031970702","Carteret County, NC - 37031970702","2020","100.0%","",,"Distance to Parks: 1 Mile"
"37","North Carolina","37031970703","Carteret County, NC - 37031970703","2020","99.2%","",,"Distance to Parks: 1/2 Mile"
"37","North Carolina","37031970703","Carteret County, NC - 37031970703","2020","100.0%","",,"Distance to Parks: 1 Mile"
"37","North Carolina","37031970704","Carteret County, NC - 37031970704","2020","82.9%","",,"Distance to Parks: 1/2 Mile"
"37","North Carolina","37031970704","Carteret County, NC - 37031970704","2020","91.3%","",,"Distance to Parks: 1 Mile"
"37","North Carolina","37031970801","Carteret County, NC - 37031970801","2020","100.0%","",,"Distance to Parks: 1/2 Mile"
"37","North Carolina","37031970801","Carteret County, NC - 37031970801","2020","100.0%","",,"Distance to Parks: 1 Mile"
"37","North Carolina","37031970804","Carteret County, NC - 37031970804","2020","88.2%","",,"Distance to Parks: 1/2 Mile"
"37","North Carolina","37031970804","Carteret County, NC - 37031970804","2020","99.2%","",,"Distance to Parks: 1 Mile"
"37","North Carolina","37031970805","Carteret County, NC - 37031970805","2020","100.0%","",,"Distance to Parks: 1/2 Mile"
"37","North Carolina","37031970805","Carteret County, NC - 37031970805","2020","100.0%","",,"Distance to Parks: 1 Mile"
"37","North Carolina","37031970806","Carteret County, NC - 37031970806","2020","98.8%","",,"Distance to Parks: 1/2 Mile"
"37","North Carolina","37031970806","Carteret County, NC - 37031970806","2020","100.0%","",,"Distance to Parks: 1 Mile"
"37","North Carolina","37031970903","Carteret County, NC - 37031970903","2020","70.7%","",,"Distance to Parks: 1/2 Mile"
"37","North Carolina","37031970903","Carteret County, NC - 37031970903","2020","92.4%","",,"Distance to Parks: 1 Mile"
"37","North Carolina","37031970904","Carteret County, NC - 37031970904","2020","68.4%","",,"Distance to Parks: 1/2 Mile"
"37","North Carolina","37031970904","Carteret County, NC - 37031970904","2020","100.0%","",,"Distance to Parks: 1 Mile"
"37","North Carolina","37031971003","Carteret County, NC - 37031971003","2020","86.2%","",,"Distance to Parks: 1/2 Mile"
"37","North Carolina","37031971003","Carteret County, NC - 37031971003","2020","100.0%","",,"Distance to Parks: 1 Mile"
"37","North Carolina","37031971103","Carteret County, NC - 37031971103","2020","84.5%","",,"Distance to Parks: 1/2 Mile"
"37","North Carolina","37031971103","Carteret County, NC - 37031971103","2020","100.0%","",,"Distance to Parks: 1 Mile"
"37","North Carolina","37031980100","Carteret County, NC - 37031980100","2020","0.0%","",,"Distance to Parks: 1/2 Mile"
"37","North Carolina","37031980100","Carteret County, NC - 37031980100","2020","0.0%","",,"Distance to Parks: 1 Mile"
"37","North Carolina","37033930100","Caswell County, NC - 37033930100","2020","13.9%","",,"Distance to Parks: 1/2 Mile"
"37","North Carolina","37033930100","Caswell County, NC - 37033930100","2020","20.7%","",,"Distance to Parks: 1 Mile"
"37","North Carolina","37033930200","Caswell County, NC - 37033930200","2020","35.5%","",,"Distance to Parks: 1/2 Mile"
"37","North Carolina","37033930200","Caswell County, NC - 37033930200","2020","42.1%","",,"Distance to Parks: 1 Mile"
"37","North Carolina","37033930300","Caswell County, NC - 37033930300","2020","0.0%","",,"Distance to Parks: 1/2 Mile"
"37","North Carolina","37033930300","Caswell County, NC - 37033930300","2020","0.7%","",,"Distance to Parks: 1 Mile"
"37","North Carolina","37033930400","Caswell County, NC - 37033930400","2020","0.0%","",,"Distance to Parks: 1/2 Mile"
"37","North Carolina","37033930400","Caswell County, NC - 37033930400","2020","0.0%","",,"Distance to Parks: 1 Mile"
"37","North Carolina","37033930500","Caswell County, NC - 37033930500","2020","5.1%","",,"Distance to Parks: 1/2 Mile"
"37","North Carolina","37033930500","Caswell County, NC - 37033930500","2020","10.7%","",,"Distance to Parks: 1 Mile"
"37","North Carolina","37033930600","Caswell County, NC - 37033930600","2020","17.1%","",,"Distance to Parks: 1/2 Mile"
"37","North Carolina","37033930600","Caswell County, NC - 37033930600","2020","31.3%","",,"Distance to Parks: 1 Mile"
"37","North Carolina","37035010101","Catawba County, NC - 37035010101","2020","8.9%","",,"Distance to Parks: 1/2 Mile"
"37","North Carolina","37035010101","Catawba County, NC - 37035010101","2020","17.9%","",,"Distance to Parks: 1 Mile"
"37","North Carolina","37035010102","Catawba County, NC - 37035010102","2020","19.6%","",,"Distance to Parks: 1/2 Mile"
"37","North Carolina","37035010102","Catawba County, NC - 37035010102","2020","45.6%","",,"Distance to Parks: 1 Mile"
"37","North Carolina","37035010201","Catawba County, NC - 37035010201","2020","4.7%","",,"Distance to Parks: 1/2 Mile"
"37","North Carolina","37035010201","Catawba County, NC - 37035010201","2020","13.8%","",,"Distance to Parks: 1 Mile"
"37","North Carolina","37035010203","Catawba County, NC - 37035010203","2020","3.2%","",,"Distance to Parks: 1/2 Mile"
"37","North Carolina","37035010203","Catawba County, NC - 37035010203","2020","9.6%","",,"Distance to Parks: 1 Mile"
"37","North Carolina","37035010204","Catawba County, NC - 37035010204","2020","28.4%","",,"Distance to Parks: 1/2 Mile"
"37","North Carolina","37035010204","Catawba County, NC - 37035010204","2020","49.3%","",,"Distance to Parks: 1 Mile"
"37","North Carolina","37035010301","Catawba County, NC - 37035010301","2020","6.8%","",,"Distance to Parks: 1/2 Mile"
"37","North Carolina","37035010301","Catawba County, NC - 37035010301","2020","22.2%","",,"Distance to Parks: 1 Mile"
"37","North Carolina","37035010302","Catawba County, NC - 37035010302","2020","9.8%","",,"Distance to Parks: 1/2 Mile"
"37","North Carolina","37035010302","Catawba County, NC - 37035010302","2020","39.7%","",,"Distance to Parks: 1 Mile"
"37","North Carolina","37035010303","Catawba County, NC - 37035010303","2020","0.0%","",,"Distance to Parks: 1/2 Mile"
"37","North Carolina","37035010303","Catawba County, NC - 37035010303","2020","7.6%","",,"Distance to Parks: 1 Mile"
"37","North Carolina","37035010304","Catawba County, NC - 37035010304","2020","1.2%","",,"Distance to Parks: 1/2 Mile"
"37","North Carolina","37035010304","Catawba County, NC - 37035010304","2020","10.1%","",,"Distance to Parks: 1 Mile"
"37","North Carolina","37035010402","Catawba County, NC - 37035010402","2020","85.7%","",,"Distance to Parks: 1/2 Mile"
"37","North Carolina","37035010402","Catawba County, NC - 37035010402","2020","98.6%","",,"Distance to Parks: 1 Mile"
"37","North Carolina","37035010403","Catawba County, NC - 37035010403","2020","8.7%","",,"Distance to Parks: 1/2 Mile"
"37","North Carolina","37035010403","Catawba County, NC - 37035010403","2020","53.1%","",,"Distance to Parks: 1 Mile"
"37","North Carolina","37035010404","Catawba County, NC - 37035010404","2020","76.8%","",,"Distance to Parks: 1/2 Mile"
"37","North Carolina","37035010404","Catawba County, NC - 37035010404","2020","100.0%","",,"Distance to Parks: 1 Mile"
"37","North Carolina","37035010501","Catawba County, NC - 37035010501","2020","69.0%","",,"Distance to Parks: 1/2 Mile"
"37","North Carolina","37035010501","Catawba County, NC - 37035010501","2020","100.0%","",,"Distance to Parks: 1 Mile"
"37","North Carolina","37035010502","Catawba County, NC - 37035010502","2020","33.4%","",,"Distance to Parks: 1/2 Mile"
"37","North Carolina","37035010502","Catawba County, NC - 37035010502","2020","80.3%","",,"Distance to Parks: 1 Mile"
"37","North Carolina","37035010600","Catawba County, NC - 37035010600","2020","60.1%","",,"Distance to Parks: 1/2 Mile"
"37","North Carolina","37035010600","Catawba County, NC - 37035010600","2020","100.0%","",,"Distance to Parks: 1 Mile"
"37","North Carolina","37035010700","Catawba County, NC - 37035010700","2020","56.6%","",,"Distance to Parks: 1/2 Mile"
"37","North Carolina","37035010700","Catawba County, NC - 37035010700","2020","97.9%","",,"Distance to Parks: 1 Mile"
"37","North Carolina","37035010900","Catawba County, NC - 37035010900","2020","91.2%","",,"Distance to Parks: 1/2 Mile"
"37","North Carolina","37035010900","Catawba County, NC - 37035010900","2020","100.0%","",,"Distance to Parks: 1 Mile"
"37","North Carolina","37035011000","Catawba County, NC - 37035011000","2020","22.4%","",,"Distance to Parks: 1/2 Mile"
"37","North Carolina","37035011000","Catawba County, NC - 37035011000","2020","37.3%","",,"Distance to Parks: 1 Mile"
"37","North Carolina","37035011101","Catawba County, NC - 37035011101","2020","19.0%","",,"Distance to Parks: 1/2 Mile"
"37","North Carolina","37035011101","Catawba County, NC - 37035011101","2020","62.0%","",,"Distance to Parks: 1 Mile"
"37","North Carolina","37035011102","Catawba County, NC - 37035011102","2020","7.7%","",,"Distance to Parks: 1/2 Mile"
"37","North Carolina","37035011102","Catawba County, NC - 37035011102","2020","20.7%","",,"Distance to Parks: 1 Mile"
"37","North Carolina","37035011200","Catawba County, NC - 37035011200","2020","50.0%","",,"Distance to Parks: 1/2 Mile"
"37","North Carolina","37035011200","Catawba County, NC - 37035011200","2020","81.2%","",,"Distance to Parks: 1 Mile"
"37","North Carolina","37035011300","Catawba County, NC - 37035011300","2020","19.8%","",,"Distance to Parks: 1/2 Mile"
"37","North Carolina","37035011300","Catawba County, NC - 37035011300","2020","48.3%","",,"Distance to Parks: 1 Mile"
"37","North Carolina","37035011401","Catawba County, NC - 37035011401","2020","6.4%","",,"Distance to Parks: 1/2 Mile"
"37","North Carolina","37035011401","Catawba County, NC - 37035011401","2020","21.6%","",,"Distance to Parks: 1 Mile"
"37","North Carolina","37035011402","Catawba County, NC - 37035011402","2020","0.0%","",,"Distance to Parks: 1/2 Mile"
"37","North Carolina","37035011402","Catawba County, NC - 37035011402","2020","0.0%","",,"Distance to Parks: 1 Mile"
"37","North Carolina","37035011501","Catawba County, NC - 37035011501","2020","0.1%","",,"Distance to Parks: 1/2 Mile"
"37","North Carolina","37035011501","Catawba County, NC - 37035011501","2020","0.5%","",,"Distance to Parks: 1 Mile"
"37","North Carolina","37035011503","Catawba County, NC - 37035011503","2020","4.3%","",,"Distance to Parks: 1/2 Mile"
"37","North Carolina","37035011503","Catawba County, NC - 37035011503","2020","12.6%","",,"Distance to Parks: 1 Mile"
"37","North Carolina","37035011505","Catawba County, NC - 37035011505","2020","0.0%","",,"Distance to Parks: 1/2 Mile"
"37","North Carolina","37035011505","Catawba County, NC - 37035011505","2020","0.0%","",,"Distance to Parks: 1 Mile"
"37","North Carolina","37035011506","Catawba County, NC - 37035011506","2020","0.0%","",,"Distance to Parks: 1/2 Mile"
"37","North Carolina","37035011506","Catawba County, NC - 37035011506","2020","3.7%","",,"Distance to Parks: 1 Mile"
"37","North Carolina","37035011601","Catawba County, NC - 37035011601","2020","1.0%","",,"Distance to Parks: 1/2 Mile"
"37","North Carolina","37035011601","Catawba County, NC - 37035011601","2020","7.1%","",,"Distance to Parks: 1 Mile"
"37","North Carolina","37035011602","Catawba County, NC - 37035011602","2020","6.4%","",,"Distance to Parks: 1/2 Mile"
"37","North Carolina","37035011602","Catawba County, NC - 37035011602","2020","13.3%","",,"Distance to Parks: 1 Mile"
"37","North Carolina","37035011701","Catawba County, NC - 37035011701","2020","7.8%","",,"Distance to Parks: 1/2 Mile"
"37","North Carolina","37035011701","Catawba County, NC - 37035011701","2020","24.4%","",,"Distance to Parks: 1 Mile"
"37","North Carolina","37035011702","Catawba County, NC - 37035011702","2020","7.6%","",,"Distance to Parks: 1/2 Mile"
"37","North Carolina","37035011702","Catawba County, NC - 37035011702","2020","20.0%","",,"Distance to Parks: 1 Mile"
"37","North Carolina","37035011801","Catawba County, NC - 37035011801","2020","20.5%","",,"Distance to Parks: 1/2 Mile"
"37","North Carolina","37035011801","Catawba County, NC - 37035011801","2020","48.2%","",,"Distance to Parks: 1 Mile"
"37","North Carolina","37035011802","Catawba County, NC - 37035011802","2020","0.3%","",,"Distance to Parks: 1/2 Mile"
"37","North Carolina","37035011802","Catawba County, NC - 37035011802","2020","2.1%","",,"Distance to Parks: 1 Mile"
"37","North Carolina","37037020103","Chatham County, NC - 37037020103","2020","9.5%","",,"Distance to Parks: 1/2 Mile"
"37","North Carolina","37037020103","Chatham County, NC - 37037020103","2020","26.4%","",,"Distance to Parks: 1 Mile"
"37","North Carolina","37037020104","Chatham County, NC - 37037020104","2020","29.7%","",,"Distance to Parks: 1/2 Mile"
"37","North Carolina","37037020104","Chatham County, NC - 37037020104","2020","58.8%","",,"Distance to Parks: 1 Mile"
"37","North Carolina","37037020105","Chatham County, NC - 37037020105","2020","0.6%","",,"Distance to Parks: 1/2 Mile"
"37","North Carolina","37037020105","Chatham County, NC - 37037020105","2020","6.8%","",,"Distance to Parks: 1 Mile"
"37","North Carolina","37037020107","Chatham County, NC - 37037020107","2020","0.0%","",,"Distance to Parks: 1/2 Mile"
"37","North Carolina","37037020107","Chatham County, NC - 37037020107","2020","0.0%","",,"Distance to Parks: 1 Mile"
"37","North Carolina","37037020108","Chatham County, NC - 37037020108","2020","11.0%","",,"Distance to Parks: 1/2 Mile"
"37","North Carolina","37037020108","Chatham County, NC - 37037020108","2020","30.5%","",,"Distance to Parks: 1 Mile"
"37","North Carolina","37037020201","Chatham County, NC - 37037020201","2020","0.3%","",,"Distance to Parks: 1/2 Mile"
"37","North Carolina","37037020201","Chatham County, NC - 37037020201","2020","0.9%","",,"Distance to Parks: 1 Mile"
"37","North Carolina","37037020202","Chatham County, NC - 37037020202","2020","0.6%","",,"Distance to Parks: 1/2 Mile"
"37","North Carolina","37037020202","Chatham County, NC - 37037020202","2020","1.2%","",,"Distance to Parks: 1 Mile"
"37","North Carolina","37037020203","Chatham County, NC - 37037020203","2020","0.0%","",,"Distance to Parks: 1/2 Mile"
"37","North Carolina","37037020203","Chatham County, NC - 37037020203","2020","0.0%","",,"Distance to Parks: 1 Mile"
"37","North Carolina","37037020300","Chatham County, NC - 37037020300","2020","0.6%","",,"Distance to Parks: 1/2 Mile"
"37","North Carolina","37037020300","Chatham County, NC - 37037020300","2020","3.4%","",,"Distance to Parks: 1 Mile"
"37","North Carolina","37037020401","Chatham County, NC - 37037020401","2020","28.4%","",,"Distance to Parks: 1/2 Mile"
"37","North Carolina","37037020401","Chatham County, NC - 37037020401","2020","66.5%","",,"Distance to Parks: 1 Mile"
"37","North Carolina","37037020402","Chatham County, NC - 37037020402","2020","27.8%","",,"Distance to Parks: 1/2 Mile"
"37","North Carolina","37037020402","Chatham County, NC - 37037020402","2020","58.6%","",,"Distance to Parks: 1 Mile"
"37","North Carolina","37037020500","Chatham County, NC - 37037020500","2020","2.9%","",,"Distance to Parks: 1/2 Mile"
"37","North Carolina","37037020500","Chatham County, NC - 37037020500","2020","8.6%","",,"Distance to Parks: 1 Mile"
"37","North Carolina","37037020600","Chatham County, NC - 37037020600","2020","4.9%","",,"Distance to Parks: 1/2 Mile"
"37","North Carolina","37037020600","Chatham County, NC - 37037020600","2020","10.7%","",,"Distance to Parks: 1 Mile"
"37","North Carolina","37037020702","Chatham County, NC - 37037020702","2020","41.4%","",,"Distance to Parks: 1/2 Mile"
"37","North Carolina","37037020702","Chatham County, NC - 37037020702","2020","60.0%","",,"Distance to Parks: 1 Mile"
"37","North Carolina","37037020703","Chatham County, NC - 37037020703","2020","55.2%","",,"Distance to Parks: 1/2 Mile"
"37","North Carolina","37037020703","Chatham County, NC - 37037020703","2020","90.3%","",,"Distance to Parks: 1 Mile"
"37","North Carolina","37037020704","Chatham County, NC - 37037020704","2020","79.5%","",,"Distance to Parks: 1/2 Mile"
"37","North Carolina","37037020704","Chatham County, NC - 37037020704","2020","96.7%","",,"Distance to Parks: 1 Mile"
"37","North Carolina","37037020801","Chatham County, NC - 37037020801","2020","9.6%","",,"Distance to Parks: 1/2 Mile"
"37","North Carolina","37037020801","Chatham County, NC - 37037020801","2020","21.6%","",,"Distance to Parks: 1 Mile"
"37","North Carolina","37037020802","Chatham County, NC - 37037020802","2020","41.2%","",,"Distance to Parks: 1/2 Mile"
"37","North Carolina","37037020802","Chatham County, NC - 37037020802","2020","74.8%","",,"Distance to Parks: 1 Mile"
"37","North Carolina","37037020803","Chatham County, NC - 37037020803","2020","54.1%","",,"Distance to Parks: 1/2 Mile"
"37","North Carolina","37037020803","Chatham County, NC - 37037020803","2020","70.9%","",,"Distance to Parks: 1 Mile"
"37","North Carolina","37039930101","Cherokee County, NC - 37039930101","2020","100.0%","",,"Distance to Parks: 1/2 Mile"
"37","North Carolina","37039930101","Cherokee County, NC - 37039930101","2020","100.0%","",,"Distance to Parks: 1 Mile"
"37","North Carolina","37039930102","Cherokee County, NC - 37039930102","2020","100.0%","",,"Distance to Parks: 1/2 Mile"
"37","North Carolina","37039930102","Cherokee County, NC - 37039930102","2020","100.0%","",,"Distance to Parks: 1 Mile"
"37","North Carolina","37039930200","Cherokee County, NC - 37039930200","2020","100.0%","",,"Distance to Parks: 1/2 Mile"
"37","North Carolina","37039930200","Cherokee County, NC - 37039930200","2020","100.0%","",,"Distance to Parks: 1 Mile"
"37","North Carolina","37039930300","Cherokee County, NC - 37039930300","2020","100.0%","",,"Distance to Parks: 1/2 Mile"
"37","North Carolina","37039930300","Cherokee County, NC - 37039930300","2020","100.0%","",,"Distance to Parks: 1 Mile"
"37","North Carolina","37039930401","Cherokee County, NC - 37039930401","2020","90.5%","",,"Distance to Parks: 1/2 Mile"
"37","North Carolina","37039930401","Cherokee County, NC - 37039930401","2020","97.2%","",,"Distance to Parks: 1 Mile"
"37","North Carolina","37039930402","Cherokee County, NC - 37039930402","2020","100.0%","",,"Distance to Parks: 1/2 Mile"
"37","North Carolina","37039930402","Cherokee County, NC - 37039930402","2020","100.0%","",,"Distance to Parks: 1 Mile"
"37","North Carolina","37039930501","Cherokee County, NC - 37039930501","2020","100.0%","",,"Distance to Parks: 1/2 Mile"
"37","North Carolina","37039930501","Cherokee County, NC - 37039930501","2020","100.0%","",,"Distance to Parks: 1 Mile"
"37","North Carolina","37039930502","Cherokee County, NC - 37039930502","2020","100.0%","",,"Distance to Parks: 1/2 Mile"
"37","North Carolina","37039930502","Cherokee County, NC - 37039930502","2020","100.0%","",,"Distance to Parks: 1 Mile"
"37","North Carolina","37039930603","Cherokee County, NC - 37039930603","2020","100.0%","",,"Distance to Parks: 1/2 Mile"
"37","North Carolina","37039930603","Cherokee County, NC - 37039930603","2020","100.0%","",,"Distance to Parks: 1 Mile"
"37","North Carolina","37039930604","Cherokee County, NC - 37039930604","2020","84.6%","",,"Distance to Parks: 1/2 Mile"
"37","North Carolina","37039930604","Cherokee County, NC - 37039930604","2020","97.2%","",,"Distance to Parks: 1 Mile"
"37","North Carolina","37039930605","Cherokee County, NC - 37039930605","2020","49.0%","",,"Distance to Parks: 1/2 Mile"
"37","North Carolina","37039930605","Cherokee County, NC - 37039930605","2020","71.9%","",,"Distance to Parks: 1 Mile"
"37","North Carolina","37039930606","Cherokee County, NC - 37039930606","2020","100.0%","",,"Distance to Parks: 1/2 Mile"
"37","North Carolina","37039930606","Cherokee County, NC - 37039930606","2020","100.0%","",,"Distance to Parks: 1 Mile"
"37","North Carolina","37041930101","Chowan County, NC - 37041930101","2020","31.7%","",,"Distance to Parks: 1/2 Mile"
"37","North Carolina","37041930101","Chowan County, NC - 37041930101","2020","68.0%","",,"Distance to Parks: 1 Mile"
"37","North Carolina","37041930102","Chowan County, NC - 37041930102","2020","0.3%","",,"Distance to Parks: 1/2 Mile"
"37","North Carolina","37041930102","Chowan County, NC - 37041930102","2020","1.4%","",,"Distance to Parks: 1 Mile"
"37","North Carolina","37041930201","Chowan County, NC - 37041930201","2020","0.6%","",,"Distance to Parks: 1/2 Mile"
"37","North Carolina","37041930201","Chowan County, NC - 37041930201","2020","2.2%","",,"Distance to Parks: 1 Mile"
"37","North Carolina","37041930202","Chowan County, NC - 37041930202","2020","2.2%","",,"Distance to Parks: 1/2 Mile"
"37","North Carolina","37041930202","Chowan County, NC - 37041930202","2020","7.7%","",,"Distance to Parks: 1 Mile"
"37","North Carolina","37043950101","Clay County, NC - 37043950101","2020","93.6%","",,"Distance to Parks: 1/2 Mile"
"37","North Carolina","37043950101","Clay County, NC - 37043950101","2020","99.8%","",,"Distance to Parks: 1 Mile"
"37","North Carolina","37043950102","Clay County, NC - 37043950102","2020","99.5%","",,"Distance to Parks: 1/2 Mile"
"37","North Carolina","37043950102","Clay County, NC - 37043950102","2020","100.0%","",,"Distance to Parks: 1 Mile"
"37","North Carolina","37043950201","Clay County, NC - 37043950201","2020","7.9%","",,"Distance to Parks: 1/2 Mile"
"37","North Carolina","37043950201","Clay County, NC - 37043950201","2020","20.9%","",,"Distance to Parks: 1 Mile"
"37","North Carolina","37043950202","Clay County, NC - 37043950202","2020","48.5%","",,"Distance to Parks: 1/2 Mile"
"37","North Carolina","37043950202","Clay County, NC - 37043950202","2020","70.6%","",,"Distance to Parks: 1 Mile"
"37","North Carolina","37045950101","Cleveland County, NC - 37045950101","2020","12.8%","",,"Distance to Parks: 1/2 Mile"
"37","North Carolina","37045950101","Cleveland County, NC - 37045950101","2020","17.3%","",,"Distance to Parks: 1 Mile"
"37","North Carolina","37045950102","Cleveland County, NC - 37045950102","2020","0.0%","",,"Distance to Parks: 1/2 Mile"
"37","North Carolina","37045950102","Cleveland County, NC - 37045950102","2020","0.0%","",,"Distance to Parks: 1 Mile"
"37","North Carolina","37045950200","Cleveland County, NC - 37045950200","2020","0.0%","",,"Distance to Parks: 1/2 Mile"
"37","North Carolina","37045950200","Cleveland County, NC - 37045950200","2020","0.0%","",,"Distance to Parks: 1 Mile"
"37","North Carolina","37045950301","Cleveland County, NC - 37045950301","2020","0.0%","",,"Distance to Parks: 1/2 Mile"
"37","North Carolina","37045950301","Cleveland County, NC - 37045950301","2020","1.3%","",,"Distance to Parks: 1 Mile"
"37","North Carolina","37045950302","Cleveland County, NC - 37045950302","2020","0.0%","",,"Distance to Parks: 1/2 Mile"
"37","North Carolina","37045950302","Cleveland County, NC - 37045950302","2020","0.0%","",,"Distance to Parks: 1 Mile"
"37","North Carolina","37045950400","Cleveland County, NC - 37045950400","2020","3.1%","",,"Distance to Parks: 1/2 Mile"
"37","North Carolina","37045950400","Cleveland County, NC - 37045950400","2020","18.6%","",,"Distance to Parks: 1 Mile"
"37","North Carolina","37045950500","Cleveland County, NC - 37045950500","2020","25.4%","",,"Distance to Parks: 1/2 Mile"
"37","North Carolina","37045950500","Cleveland County, NC - 37045950500","2020","46.9%","",,"Distance to Parks: 1 Mile"
"37","North Carolina","37045950601","Cleveland County, NC - 37045950601","2020","0.0%","",,"Distance to Parks: 1/2 Mile"
"37","North Carolina","37045950601","Cleveland County, NC - 37045950601","2020","0.0%","",,"Distance to Parks: 1 Mile"
"37","North Carolina","37045950603","Cleveland County, NC - 37045950603","2020","32.9%","",,"Distance to Parks: 1/2 Mile"
"37","North Carolina","37045950603","Cleveland County, NC - 37045950603","2020","48.9%","",,"Distance to Parks: 1 Mile"
"37","North Carolina","37045950604","Cleveland County, NC - 37045950604","2020","0.0%","",,"Distance to Parks: 1/2 Mile"
"37","North Carolina","37045950604","Cleveland County, NC - 37045950604","2020","0.0%","",,"Distance to Parks: 1 Mile"
"37","North Carolina","37045950701","Cleveland County, NC - 37045950701","2020","0.0%","",,"Distance to Parks: 1/2 Mile"
"37","North Carolina","37045950701","Cleveland County, NC - 37045950701","2020","0.1%","",,"Distance to Parks: 1 Mile"
"37","North Carolina","37045950702","Cleveland County, NC - 37045950702","2020","22.3%","",,"Distance to Parks: 1/2 Mile"
"37","North Carolina","37045950702","Cleveland County, NC - 37045950702","2020","39.2%","",,"Distance to Parks: 1 Mile"
"37","North Carolina","37045950800","Cleveland County, NC - 37045950800","2020","6.9%","",,"Distance to Parks: 1/2 Mile"
"37","North Carolina","37045950800","Cleveland County, NC - 37045950800","2020","19.1%","",,"Distance to Parks: 1 Mile"
"37","North Carolina","37045950900","Cleveland County, NC - 37045950900","2020","47.1%","",,"Distance to Parks: 1/2 Mile"
"37","North Carolina","37045950900","Cleveland County, NC - 37045950900","2020","96.5%","",,"Distance to Parks: 1 Mile"
"37","North Carolina","37045951000","Cleveland County, NC - 37045951000","2020","66.0%","",,"Distance to Parks: 1/2 Mile"
"37","North Carolina","37045951000","Cleveland County, NC - 37045951000","2020","97.8%","",,"Distance to Parks: 1 Mile"
"37","North Carolina","37045951100","Cleveland County, NC - 37045951100","2020","98.6%","",,"Distance to Parks: 1/2 Mile"
"37","North Carolina","37045951100","Cleveland County, NC - 37045951100","2020","100.0%","",,"Distance to Parks: 1 Mile"
"37","North Carolina","37045951200","Cleveland County, NC - 37045951200","2020","33.5%","",,"Distance to Parks: 1/2 Mile"
"37","North Carolina","37045951200","Cleveland County, NC - 37045951200","2020","61.5%","",,"Distance to Parks: 1 Mile"
"37","North Carolina","37045951300","Cleveland County, NC - 37045951300","2020","1.7%","",,"Distance to Parks: 1/2 Mile"
"37","North Carolina","37045951300","Cleveland County, NC - 37045951300","2020","7.2%","",,"Distance to Parks: 1 Mile"
"37","North Carolina","37045951400","Cleveland County, NC - 37045951400","2020","0.0%","",,"Distance to Parks: 1/2 Mile"
"37","North Carolina","37045951400","Cleveland County, NC - 37045951400","2020","0.0%","",,"Distance to Parks: 1 Mile"
"37","North Carolina","37045951501","Cleveland County, NC - 37045951501","2020","4.8%","",,"Distance to Parks: 1/2 Mile"
"37","North Carolina","37045951501","Cleveland County, NC - 37045951501","2020","18.2%","",,"Distance to Parks: 1 Mile"
"37","North Carolina","37045951502","Cleveland County, NC - 37045951502","2020","18.7%","",,"Distance to Parks: 1/2 Mile"
"37","North Carolina","37045951502","Cleveland County, NC - 37045951502","2020","32.2%","",,"Distance to Parks: 1 Mile"
"37","North Carolina","37045951503","Cleveland County, NC - 37045951503","2020","0.0%","",,"Distance to Parks: 1/2 Mile"
"37","North Carolina","37045951503","Cleveland County, NC - 37045951503","2020","10.5%","",,"Distance to Parks: 1 Mile"
"37","North Carolina","37045951601","Cleveland County, NC - 37045951601","2020","0.0%","",,"Distance to Parks: 1/2 Mile"
"37","North Carolina","37045951601","Cleveland County, NC - 37045951601","2020","1.1%","",,"Distance to Parks: 1 Mile"
"37","North Carolina","37045951602","Cleveland County, NC - 37045951602","2020","6.4%","",,"Distance to Parks: 1/2 Mile"
"37","North Carolina","37045951602","Cleveland County, NC - 37045951602","2020","27.2%","",,"Distance to Parks: 1 Mile"
"37","North Carolina","37047930100","Columbus County, NC - 37047930100","2020","0.0%","",,"Distance to Parks: 1/2 Mile"
"37","North Carolina","37047930100","Columbus County, NC - 37047930100","2020","0.0%","",,"Distance to Parks: 1 Mile"
"37","North Carolina","37047930200","Columbus County, NC - 37047930200","2020","13.9%","",,"Distance to Parks: 1/2 Mile"
"37","North Carolina","37047930200","Columbus County, NC - 37047930200","2020","20.0%","",,"Distance to Parks: 1 Mile"
"37","North Carolina","37047930300","Columbus County, NC - 37047930300","2020","48.0%","",,"Distance to Parks: 1/2 Mile"
"37","North Carolina","37047930300","Columbus County, NC - 37047930300","2020","66.5%","",,"Distance to Parks: 1 Mile"
"37","North Carolina","37047930400","Columbus County, NC - 37047930400","2020","3.7%","",,"Distance to Parks: 1/2 Mile"
"37","North Carolina","37047930400","Columbus County, NC - 37047930400","2020","8.2%","",,"Distance to Parks: 1 Mile"
"37","North Carolina","37047930500","Columbus County, NC - 37047930500","2020","9.9%","",,"Distance to Parks: 1/2 Mile"
"37","North Carolina","37047930500","Columbus County, NC - 37047930500","2020","15.1%","",,"Distance to Parks: 1 Mile"
"37","North Carolina","37047930600","Columbus County, NC - 37047930600","2020","0.3%","",,"Distance to Parks: 1/2 Mile"
"37","North Carolina","37047930600","Columbus County, NC - 37047930600","2020","1.5%","",,"Distance to Parks: 1 Mile"
"37","North Carolina","37047930700","Columbus County, NC - 37047930700","2020","0.0%","",,"Distance to Parks: 1/2 Mile"
"37","North Carolina","37047930700","Columbus County, NC - 37047930700","2020","0.0%","",,"Distance to Parks: 1 Mile"
"37","North Carolina","37047930800","Columbus County, NC - 37047930800","2020","4.9%","",,"Distance to Parks: 1/2 Mile"
"37","North Carolina","37047930800","Columbus County, NC - 37047930800","2020","16.4%","",,"Distance to Parks: 1 Mile"
"37","North Carolina","37047930900","Columbus County, NC - 37047930900","2020","19.4%","",,"Distance to Parks: 1/2 Mile"
"37","North Carolina","37047930900","Columbus County, NC - 37047930900","2020","35.3%","",,"Distance to Parks: 1 Mile"
"37","North Carolina","37047931000","Columbus County, NC - 37047931000","2020","0.0%","",,"Distance to Parks: 1/2 Mile"
"37","North Carolina","37047931000","Columbus County, NC - 37047931000","2020","1.4%","",,"Distance to Parks: 1 Mile"
"37","North Carolina","37047931100","Columbus County, NC - 37047931100","2020","0.0%","",,"Distance to Parks: 1/2 Mile"
"37","North Carolina","37047931100","Columbus County, NC - 37047931100","2020","0.0%","",,"Distance to Parks: 1 Mile"
"37","North Carolina","37047931201","Columbus County, NC - 37047931201","2020","3.3%","",,"Distance to Parks: 1/2 Mile"
"37","North Carolina","37047931201","Columbus County, NC - 37047931201","2020","11.6%","",,"Distance to Parks: 1 Mile"
"37","North Carolina","37047931202","Columbus County, NC - 37047931202","2020","0.0%","",,"Distance to Parks: 1/2 Mile"
"37","North Carolina","37047931202","Columbus County, NC - 37047931202","2020","0.0%","",,"Distance to Parks: 1 Mile"
"37","North Carolina","37047931301","Columbus County, NC - 37047931301","2020","2.8%","",,"Distance to Parks: 1/2 Mile"
"37","North Carolina","37047931301","Columbus County, NC - 37047931301","2020","8.3%","",,"Distance to Parks: 1 Mile"
"37","North Carolina","37047931302","Columbus County, NC - 37047931302","2020","16.6%","",,"Distance to Parks: 1/2 Mile"
"37","North Carolina","37047931302","Columbus County, NC - 37047931302","2020","25.6%","",,"Distance to Parks: 1 Mile"
"37","North Carolina","37049960101","Craven County, NC - 37049960101","2020","72.1%","",,"Distance to Parks: 1/2 Mile"
"37","North Carolina","37049960101","Craven County, NC - 37049960101","2020","91.7%","",,"Distance to Parks: 1 Mile"
"37","North Carolina","37049960102","Craven County, NC - 37049960102","2020","1.3%","",,"Distance to Parks: 1/2 Mile"
"37","North Carolina","37049960102","Craven County, NC - 37049960102","2020","5.5%","",,"Distance to Parks: 1 Mile"
"37","North Carolina","37049960201","Craven County, NC - 37049960201","2020","8.4%","",,"Distance to Parks: 1/2 Mile"
"37","North Carolina","37049960201","Craven County, NC - 37049960201","2020","19.2%","",,"Distance to Parks: 1 Mile"
"37","North Carolina","37049960202","Craven County, NC - 37049960202","2020","0.0%","",,"Distance to Parks: 1/2 Mile"
"37","North Carolina","37049960202","Craven County, NC - 37049960202","2020","0.0%","",,"Distance to Parks: 1 Mile"
"37","North Carolina","37049960301","Craven County, NC - 37049960301","2020","6.8%","",,"Distance to Parks: 1/2 Mile"
"37","North Carolina","37049960301","Craven County, NC - 37049960301","2020","11.9%","",,"Distance to Parks: 1 Mile"
"37","North Carolina","37049960302","Craven County, NC - 37049960302","2020","1.4%","",,"Distance to Parks: 1/2 Mile"
"37","North Carolina","37049960302","Craven County, NC - 37049960302","2020","4.3%","",,"Distance to Parks: 1 Mile"
"37","North Carolina","37049960401","Craven County, NC - 37049960401","2020","7.1%","",,"Distance to Parks: 1/2 Mile"
"37","North Carolina","37049960401","Craven County, NC - 37049960401","2020","21.3%","",,"Distance to Parks: 1 Mile"
"37","North Carolina","37049960402","Craven County, NC - 37049960402","2020","20.7%","",,"Distance to Parks: 1/2 Mile"
"37","North Carolina","37049960402","Craven County, NC - 37049960402","2020","87.5%","",,"Distance to Parks: 1 Mile"
"37","North Carolina","37049960403","Craven County, NC - 37049960403","2020","66.4%","",,"Distance to Parks: 1/2 Mile"
"37","North Carolina","37049960403","Craven County, NC - 37049960403","2020","100.0%","",,"Distance to Parks: 1 Mile"
"37","North Carolina","37049960404","Craven County, NC - 37049960404","2020","72.0%","",,"Distance to Parks: 1/2 Mile"
"37","North Carolina","37049960404","Craven County, NC - 37049960404","2020","100.0%","",,"Distance to Parks: 1 Mile"
"37","North Carolina","37049960501","Craven County, NC - 37049960501","2020","0.5%","",,"Distance to Parks: 1/2 Mile"
"37","North Carolina","37049960501","Craven County, NC - 37049960501","2020","6.2%","",,"Distance to Parks: 1 Mile"
"37","North Carolina","37049960502","Craven County, NC - 37049960502","2020","11.9%","",,"Distance to Parks: 1/2 Mile"
"37","North Carolina","37049960502","Craven County, NC - 37049960502","2020","23.1%","",,"Distance to Parks: 1 Mile"
"37","North Carolina","37049960600","Craven County, NC - 37049960600","2020","55.4%","",,"Distance to Parks: 1/2 Mile"
"37","North Carolina","37049960600","Craven County, NC - 37049960600","2020","99.5%","",,"Distance to Parks: 1 Mile"
"37","North Carolina","37049960700","Craven County, NC - 37049960700","2020","52.9%","",,"Distance to Parks: 1/2 Mile"
"37","North Carolina","37049960700","Craven County, NC - 37049960700","2020","100.0%","",,"Distance to Parks: 1 Mile"
"37","North Carolina","37049960800","Craven County, NC - 37049960800","2020","96.5%","",,"Distance to Parks: 1/2 Mile"
"37","North Carolina","37049960800","Craven County, NC - 37049960800","2020","100.0%","",,"Distance to Parks: 1 Mile"
"37","North Carolina","37049960900","Craven County, NC - 37049960900","2020","100.0%","",,"Distance to Parks: 1/2 Mile"
"37","North Carolina","37049960900","Craven County, NC - 37049960900","2020","100.0%","",,"Distance to Parks: 1 Mile"
"37","North Carolina","37049961002","Craven County, NC - 37049961002","2020","10.6%","",,"Distance to Parks: 1/2 Mile"
"37","North Carolina","37049961002","Craven County, NC - 37049961002","2020","38.8%","",,"Distance to Parks: 1 Mile"
"37","North Carolina","37049961003","Craven County, NC - 37049961003","2020","70.3%","",,"Distance to Parks: 1/2 Mile"
"37","North Carolina","37049961003","Craven County, NC - 37049961003","2020","94.3%","",,"Distance to Parks: 1 Mile"
"37","North Carolina","37049961004","Craven County, NC - 37049961004","2020","98.0%","",,"Distance to Parks: 1/2 Mile"
"37","North Carolina","37049961004","Craven County, NC - 37049961004","2020","99.5%","",,"Distance to Parks: 1 Mile"
"37","North Carolina","37049961101","Craven County, NC - 37049961101","2020","100.0%","",,"Distance to Parks: 1/2 Mile"
"37","North Carolina","37049961101","Craven County, NC - 37049961101","2020","100.0%","",,"Distance to Parks: 1 Mile"
"37","North Carolina","37049961102","Craven County, NC - 37049961102","2020","99.5%","",,"Distance to Parks: 1/2 Mile"
"37","North Carolina","37049961102","Craven County, NC - 37049961102","2020","100.0%","",,"Distance to Parks: 1 Mile"
"37","North Carolina","37049961201","Craven County, NC - 37049961201","2020","37.3%","",,"Distance to Parks: 1/2 Mile"
"37","North Carolina","37049961201","Craven County, NC - 37049961201","2020","79.6%","",,"Distance to Parks: 1 Mile"
"37","North Carolina","37049961202","Craven County, NC - 37049961202","2020","21.3%","",,"Distance to Parks: 1/2 Mile"
"37","North Carolina","37049961202","Craven County, NC - 37049961202","2020","44.3%","",,"Distance to Parks: 1 Mile"
"37","North Carolina","37049961301","Craven County, NC - 37049961301","2020","98.2%","",,"Distance to Parks: 1/2 Mile"
"37","North Carolina","37049961301","Craven County, NC - 37049961301","2020","100.0%","",,"Distance to Parks: 1 Mile"
"37","North Carolina","37049961302","Craven County, NC - 37049961302","2020","99.9%","",,"Distance to Parks: 1/2 Mile"
"37","North Carolina","37049961302","Craven County, NC - 37049961302","2020","100.0%","",,"Distance to Parks: 1 Mile"
"37","North Carolina","37049961303","Craven County, NC - 37049961303","2020","51.1%","",,"Distance to Parks: 1/2 Mile"
"37","North Carolina","37049961303","Craven County, NC - 37049961303","2020","57.8%","",,"Distance to Parks: 1 Mile"
"37","North Carolina","37051000200","Cumberland County, NC - 37051000200","2020","66.5%","",,"Distance to Parks: 1/2 Mile"
"37","North Carolina","37051000200","Cumberland County, NC - 37051000200","2020","98.9%","",,"Distance to Parks: 1 Mile"
"37","North Carolina","37051000500","Cumberland County, NC - 37051000500","2020","43.3%","",,"Distance to Parks: 1/2 Mile"
"37","North Carolina","37051000500","Cumberland County, NC - 37051000500","2020","88.9%","",,"Distance to Parks: 1 Mile"
"37","North Carolina","37051000600","Cumberland County, NC - 37051000600","2020","43.8%","",,"Distance to Parks: 1/2 Mile"
"37","North Carolina","37051000600","Cumberland County, NC - 37051000600","2020","93.6%","",,"Distance to Parks: 1 Mile"
"37","North Carolina","37051000701","Cumberland County, NC - 37051000701","2020","27.5%","",,"Distance to Parks: 1/2 Mile"
"37","North Carolina","37051000701","Cumberland County, NC - 37051000701","2020","60.5%","",,"Distance to Parks: 1 Mile"
"37","North Carolina","37051000702","Cumberland County, NC - 37051000702","2020","93.5%","",,"Distance to Parks: 1/2 Mile"
"37","North Carolina","37051000702","Cumberland County, NC - 37051000702","2020","100.0%","",,"Distance to Parks: 1 Mile"
"37","North Carolina","37051000800","Cumberland County, NC - 37051000800","2020","100.0%","",,"Distance to Parks: 1/2 Mile"
"37","North Carolina","37051000800","Cumberland County, NC - 37051000800","2020","100.0%","",,"Distance to Parks: 1 Mile"
"37","North Carolina","37051000900","Cumberland County, NC - 37051000900","2020","98.8%","",,"Distance to Parks: 1/2 Mile"
"37","North Carolina","37051000900","Cumberland County, NC - 37051000900","2020","100.0%","",,"Distance to Parks: 1 Mile"
"37","North Carolina","37051001000","Cumberland County, NC - 37051001000","2020","95.6%","",,"Distance to Parks: 1/2 Mile"
"37","North Carolina","37051001000","Cumberland County, NC - 37051001000","2020","100.0%","",,"Distance to Parks: 1 Mile"
"37","North Carolina","37051001100","Cumberland County, NC - 37051001100","2020","43.6%","",,"Distance to Parks: 1/2 Mile"
"37","North Carolina","37051001100","Cumberland County, NC - 37051001100","2020","92.8%","",,"Distance to Parks: 1 Mile"
"37","North Carolina","37051001200","Cumberland County, NC - 37051001200","2020","71.3%","",,"Distance to Parks: 1/2 Mile"
"37","North Carolina","37051001200","Cumberland County, NC - 37051001200","2020","97.5%","",,"Distance to Parks: 1 Mile"
"37","North Carolina","37051001401","Cumberland County, NC - 37051001401","2020","5.8%","",,"Distance to Parks: 1/2 Mile"
"37","North Carolina","37051001401","Cumberland County, NC - 37051001401","2020","14.0%","",,"Distance to Parks: 1 Mile"
"37","North Carolina","37051001402","Cumberland County, NC - 37051001402","2020","20.5%","",,"Distance to Parks: 1/2 Mile"
"37","North Carolina","37051001402","Cumberland County, NC - 37051001402","2020","54.7%","",,"Distance to Parks: 1 Mile"
"37","North Carolina","37051001500","Cumberland County, NC - 37051001500","2020","8.5%","",,"Distance to Parks: 1/2 Mile"
"37","North Carolina","37051001500","Cumberland County, NC - 37051001500","2020","23.9%","",,"Distance to Parks: 1 Mile"
"37","North Carolina","37051001603","Cumberland County, NC - 37051001603","2020","6.0%","",,"Distance to Parks: 1/2 Mile"
"37","North Carolina","37051001603","Cumberland County, NC - 37051001603","2020","27.3%","",,"Distance to Parks: 1 Mile"
"37","North Carolina","37051001604","Cumberland County, NC - 37051001604","2020","0.0%","",,"Distance to Parks: 1/2 Mile"
"37","North Carolina","37051001604","Cumberland County, NC - 37051001604","2020","0.0%","",,"Distance to Parks: 1 Mile"
"37","North Carolina","37051001605","Cumberland County, NC - 37051001605","2020","60.4%","",,"Distance to Parks: 1/2 Mile"
"37","North Carolina","37051001605","Cumberland County, NC - 37051001605","2020","94.7%","",,"Distance to Parks: 1 Mile"
"37","North Carolina","37051001606","Cumberland County, NC - 37051001606","2020","16.6%","",,"Distance to Parks: 1/2 Mile"
"37","North Carolina","37051001606","Cumberland County, NC - 37051001606","2020","60.3%","",,"Distance to Parks: 1 Mile"
"37","North Carolina","37051001701","Cumberland County, NC - 37051001701","2020","0.0%","",,"Distance to Parks: 1/2 Mile"
"37","North Carolina","37051001701","Cumberland County, NC - 37051001701","2020","1.1%","",,"Distance to Parks: 1 Mile"
"37","North Carolina","37051001702","Cumberland County, NC - 37051001702","2020","0.0%","",,"Distance to Parks: 1/2 Mile"
"37","North Carolina","37051001702","Cumberland County, NC - 37051001702","2020","4.2%","",,"Distance to Parks: 1 Mile"
"37","North Carolina","37051001800","Cumberland County, NC - 37051001800","2020","0.1%","",,"Distance to Parks: 1/2 Mile"
"37","North Carolina","37051001800","Cumberland County, NC - 37051001800","2020","38.8%","",,"Distance to Parks: 1 Mile"
"37","North Carolina","37051001901","Cumberland County, NC - 37051001901","2020","0.0%","",,"Distance to Parks: 1/2 Mile"
"37","North Carolina","37051001901","Cumberland County, NC - 37051001901","2020","10.9%","",,"Distance to Parks: 1 Mile"
"37","North Carolina","37051001902","Cumberland County, NC - 37051001902","2020","0.0%","",,"Distance to Parks: 1/2 Mile"
"37","North Carolina","37051001902","Cumberland County, NC - 37051001902","2020","0.0%","",,"Distance to Parks: 1 Mile"
"37","North Carolina","37051001903","Cumberland County, NC - 37051001903","2020","0.0%","",,"Distance to Parks: 1/2 Mile"
"37","North Carolina","37051001903","Cumberland County, NC - 37051001903","2020","0.0%","",,"Distance to Parks: 1 Mile"
"37","North Carolina","37051002001","Cumberland County, NC - 37051002001","2020","9.5%","",,"Distance to Parks: 1/2 Mile"
"37","North Carolina","37051002001","Cumberland County, NC - 37051002001","2020","42.7%","",,"Distance to Parks: 1 Mile"
"37","North Carolina","37051002002","Cumberland County, NC - 37051002002","2020","0.0%","",,"Distance to Parks: 1/2 Mile"
"37","North Carolina","37051002002","Cumberland County, NC - 37051002002","2020","0.0%","",,"Distance to Parks: 1 Mile"
"37","North Carolina","37051002100","Cumberland County, NC - 37051002100","2020","39.7%","",,"Distance to Parks: 1/2 Mile"
"37","North Carolina","37051002100","Cumberland County, NC - 37051002100","2020","98.2%","",,"Distance to Parks: 1 Mile"
"37","North Carolina","37051002200","Cumberland County, NC - 37051002200","2020","16.5%","",,"Distance to Parks: 1/2 Mile"
"37","North Carolina","37051002200","Cumberland County, NC - 37051002200","2020","73.3%","",,"Distance to Parks: 1 Mile"
"37","North Carolina","37051002301","Cumberland County, NC - 37051002301","2020","92.9%","",,"Distance to Parks: 1/2 Mile"
"37","North Carolina","37051002301","Cumberland County, NC - 37051002301","2020","100.0%","",,"Distance to Parks: 1 Mile"
"37","North Carolina","37051002302","Cumberland County, NC - 37051002302","2020","99.1%","",,"Distance to Parks: 1/2 Mile"
"37","North Carolina","37051002302","Cumberland County, NC - 37051002302","2020","100.0%","",,"Distance to Parks: 1 Mile"
"37","North Carolina","37051002401","Cumberland County, NC - 37051002401","2020","100.0%","",,"Distance to Parks: 1/2 Mile"
"37","North Carolina","37051002401","Cumberland County, NC - 37051002401","2020","100.0%","",,"Distance to Parks: 1 Mile"
"37","North Carolina","37051002402","Cumberland County, NC - 37051002402","2020","41.2%","",,"Distance to Parks: 1/2 Mile"
"37","North Carolina","37051002402","Cumberland County, NC - 37051002402","2020","100.0%","",,"Distance to Parks: 1 Mile"
"37","North Carolina","37051002501","Cumberland County, NC - 37051002501","2020","34.4%","",,"Distance to Parks: 1/2 Mile"
"37","North Carolina","37051002501","Cumberland County, NC - 37051002501","2020","92.8%","",,"Distance to Parks: 1 Mile"
"37","North Carolina","37051002503","Cumberland County, NC - 37051002503","2020","7.1%","",,"Distance to Parks: 1/2 Mile"
"37","North Carolina","37051002503","Cumberland County, NC - 37051002503","2020","57.7%","",,"Distance to Parks: 1 Mile"
"37","North Carolina","37051002504","Cumberland County, NC - 37051002504","2020","49.4%","",,"Distance to Parks: 1/2 Mile"
"37","North Carolina","37051002504","Cumberland County, NC - 37051002504","2020","81.5%","",,"Distance to Parks: 1 Mile"
"37","North Carolina","37051002505","Cumberland County, NC - 37051002505","2020","9.5%","",,"Distance to Parks: 1/2 Mile"
"37","North Carolina","37051002505","Cumberland County, NC - 37051002505","2020","37.9%","",,"Distance to Parks: 1 Mile"
"37","North Carolina","37051002506","Cumberland County, NC - 37051002506","2020","0.0%","",,"Distance to Parks: 1/2 Mile"
"37","North Carolina","37051002506","Cumberland County, NC - 37051002506","2020","5.7%","",,"Distance to Parks: 1 Mile"
"37","North Carolina","37051002600","Cumberland County, NC - 37051002600","2020","9.7%","",,"Distance to Parks: 1/2 Mile"
"37","North Carolina","37051002600","Cumberland County, NC - 37051002600","2020","16.4%","",,"Distance to Parks: 1 Mile"
"37","North Carolina","37051002701","Cumberland County, NC - 37051002701","2020","2.4%","",,"Distance to Parks: 1/2 Mile"
"37","North Carolina","37051002701","Cumberland County, NC - 37051002701","2020","9.6%","",,"Distance to Parks: 1 Mile"
"37","North Carolina","37051002702","Cumberland County, NC - 37051002702","2020","0.0%","",,"Distance to Parks: 1/2 Mile"
"37","North Carolina","37051002702","Cumberland County, NC - 37051002702","2020","0.0%","",,"Distance to Parks: 1 Mile"
"37","North Carolina","37051002801","Cumberland County, NC - 37051002801","2020","0.0%","",,"Distance to Parks: 1/2 Mile"
"37","North Carolina","37051002801","Cumberland County, NC - 37051002801","2020","0.0%","",,"Distance to Parks: 1 Mile"
"37","North Carolina","37051002802","Cumberland County, NC - 37051002802","2020","0.0%","",,"Distance to Parks: 1/2 Mile"
"37","North Carolina","37051002802","Cumberland County, NC - 37051002802","2020","0.0%","",,"Distance to Parks: 1 Mile"
"37","North Carolina","37051002900","Cumberland County, NC - 37051002900","2020","19.8%","",,"Distance to Parks: 1/2 Mile"
"37","North Carolina","37051002900","Cumberland County, NC - 37051002900","2020","28.8%","",,"Distance to Parks: 1 Mile"
"37","North Carolina","37051003002","Cumberland County, NC - 37051003002","2020","0.0%","",,"Distance to Parks: 1/2 Mile"
"37","North Carolina","37051003002","Cumberland County, NC - 37051003002","2020","0.0%","",,"Distance to Parks: 1 Mile"
"37","North Carolina","37051003003","Cumberland County, NC - 37051003003","2020","0.0%","",,"Distance to Parks: 1/2 Mile"
"37","North Carolina","37051003003","Cumberland County, NC - 37051003003","2020","0.0%","",,"Distance to Parks: 1 Mile"
"37","North Carolina","37051003004","Cumberland County, NC - 37051003004","2020","0.0%","",,"Distance to Parks: 1/2 Mile"
"37","North Carolina","37051003004","Cumberland County, NC - 37051003004","2020","0.0%","",,"Distance to Parks: 1 Mile"
"37","North Carolina","37051003102","Cumberland County, NC - 37051003102","2020","21.4%","",,"Distance to Parks: 1/2 Mile"
"37","North Carolina","37051003102","Cumberland County, NC - 37051003102","2020","56.4%","",,"Distance to Parks: 1 Mile"
"37","North Carolina","37051003103","Cumberland County, NC - 37051003103","2020","2.6%","",,"Distance to Parks: 1/2 Mile"
"37","North Carolina","37051003103","Cumberland County, NC - 37051003103","2020","14.4%","",,"Distance to Parks: 1 Mile"
"37","North Carolina","37051003105","Cumberland County, NC - 37051003105","2020","0.0%","",,"Distance to Parks: 1/2 Mile"
"37","North Carolina","37051003105","Cumberland County, NC - 37051003105","2020","8.7%","",,"Distance to Parks: 1 Mile"
"37","North Carolina","37051003106","Cumberland County, NC - 37051003106","2020","0.0%","",,"Distance to Parks: 1/2 Mile"
"37","North Carolina","37051003106","Cumberland County, NC - 37051003106","2020","0.6%","",,"Distance to Parks: 1 Mile"
"37","North Carolina","37051003203","Cumberland County, NC - 37051003203","2020","0.0%","",,"Distance to Parks: 1/2 Mile"
"37","North Carolina","37051003203","Cumberland County, NC - 37051003203","2020","0.0%","",,"Distance to Parks: 1 Mile"
"37","North Carolina","37051003205","Cumberland County, NC - 37051003205","2020","8.3%","",,"Distance to Parks: 1/2 Mile"
"37","North Carolina","37051003205","Cumberland County, NC - 37051003205","2020","24.4%","",,"Distance to Parks: 1 Mile"
"37","North Carolina","37051003206","Cumberland County, NC - 37051003206","2020","9.8%","",,"Distance to Parks: 1/2 Mile"
"37","North Carolina","37051003206","Cumberland County, NC - 37051003206","2020","39.8%","",,"Distance to Parks: 1 Mile"
"37","North Carolina","37051003207","Cumberland County, NC - 37051003207","2020","0.0%","",,"Distance to Parks: 1/2 Mile"
"37","North Carolina","37051003207","Cumberland County, NC - 37051003207","2020","1.7%","",,"Distance to Parks: 1 Mile"
"37","North Carolina","37051003208","Cumberland County, NC - 37051003208","2020","0.0%","",,"Distance to Parks: 1/2 Mile"
"37","North Carolina","37051003208","Cumberland County, NC - 37051003208","2020","0.0%","",,"Distance to Parks: 1 Mile"
"37","North Carolina","37051003209","Cumberland County, NC - 37051003209","2020","0.0%","",,"Distance to Parks: 1/2 Mile"
"37","North Carolina","37051003209","Cumberland County, NC - 37051003209","2020","0.0%","",,"Distance to Parks: 1 Mile"
"37","North Carolina","37051003302","Cumberland County, NC - 37051003302","2020","0.0%","",,"Distance to Parks: 1/2 Mile"
"37","North Carolina","37051003302","Cumberland County, NC - 37051003302","2020","0.2%","",,"Distance to Parks: 1 Mile"
"37","North Carolina","37051003304","Cumberland County, NC - 37051003304","2020","0.0%","",,"Distance to Parks: 1/2 Mile"
"37","North Carolina","37051003304","Cumberland County, NC - 37051003304","2020","2.8%","",,"Distance to Parks: 1 Mile"
"37","North Carolina","37051003307","Cumberland County, NC - 37051003307","2020","4.5%","",,"Distance to Parks: 1/2 Mile"
"37","North Carolina","37051003307","Cumberland County, NC - 37051003307","2020","37.1%","",,"Distance to Parks: 1 Mile"
"37","North Carolina","37051003310","Cumberland County, NC - 37051003310","2020","52.6%","",,"Distance to Parks: 1/2 Mile"
"37","North Carolina","37051003310","Cumberland County, NC - 37051003310","2020","81.8%","",,"Distance to Parks: 1 Mile"
"37","North Carolina","37051003311","Cumberland County, NC - 37051003311","2020","37.0%","",,"Distance to Parks: 1/2 Mile"
"37","North Carolina","37051003311","Cumberland County, NC - 37051003311","2020","67.8%","",,"Distance to Parks: 1 Mile"
"37","North Carolina","37051003312","Cumberland County, NC - 37051003312","2020","0.0%","",,"Distance to Parks: 1/2 Mile"
"37","North Carolina","37051003312","Cumberland County, NC - 37051003312","2020","0.0%","",,"Distance to Parks: 1 Mile"
"37","North Carolina","37051003313","Cumberland County, NC - 37051003313","2020","0.0%","",,"Distance to Parks: 1/2 Mile"
"37","North Carolina","37051003313","Cumberland County, NC - 37051003313","2020","1.2%","",,"Distance to Parks: 1 Mile"
"37","North Carolina","37051003314","Cumberland County, NC - 37051003314","2020","12.1%","",,"Distance to Parks: 1/2 Mile"
"37","North Carolina","37051003314","Cumberland County, NC - 37051003314","2020","39.3%","",,"Distance to Parks: 1 Mile"
"37","North Carolina","37051003315","Cumberland County, NC - 37051003315","2020","0.0%","",,"Distance to Parks: 1/2 Mile"
"37","North Carolina","37051003315","Cumberland County, NC - 37051003315","2020","1.4%","",,"Distance to Parks: 1 Mile"
"37","North Carolina","37051003316","Cumberland County, NC - 37051003316","2020","0.0%","",,"Distance to Parks: 1/2 Mile"
"37","North Carolina","37051003316","Cumberland County, NC - 37051003316","2020","4.2%","",,"Distance to Parks: 1 Mile"
"37","North Carolina","37051003317","Cumberland County, NC - 37051003317","2020","3.9%","",,"Distance to Parks: 1/2 Mile"
"37","North Carolina","37051003317","Cumberland County, NC - 37051003317","2020","24.2%","",,"Distance to Parks: 1 Mile"
"37","North Carolina","37051003318","Cumberland County, NC - 37051003318","2020","8.0%","",,"Distance to Parks: 1/2 Mile"
"37","North Carolina","37051003318","Cumberland County, NC - 37051003318","2020","81.0%","",,"Distance to Parks: 1 Mile"
"37","North Carolina","37051003401","Cumberland County, NC - 37051003401","2020","4.6%","",,"Distance to Parks: 1/2 Mile"
"37","North Carolina","37051003401","Cumberland County, NC - 37051003401","2020","20.8%","",,"Distance to Parks: 1 Mile"
"37","North Carolina","37051003403","Cumberland County, NC - 37051003403","2020","0.0%","",,"Distance to Parks: 1/2 Mile"
"37","North Carolina","37051003403","Cumberland County, NC - 37051003403","2020","0.0%","",,"Distance to Parks: 1 Mile"
"37","North Carolina","37051003404","Cumberland County, NC - 37051003404","2020","0.0%","",,"Distance to Parks: 1/2 Mile"
"37","North Carolina","37051003404","Cumberland County, NC - 37051003404","2020","0.0%","",,"Distance to Parks: 1 Mile"
"37","North Carolina","37051003408","Cumberland County, NC - 37051003408","2020","11.8%","",,"Distance to Parks: 1/2 Mile"
"37","North Carolina","37051003408","Cumberland County, NC - 37051003408","2020","27.6%","",,"Distance to Parks: 1 Mile"
"37","North Carolina","37051003409","Cumberland County, NC - 37051003409","2020","0.0%","",,"Distance to Parks: 1/2 Mile"
"37","North Carolina","37051003409","Cumberland County, NC - 37051003409","2020","5.2%","",,"Distance to Parks: 1 Mile"
"37","North Carolina","37051003410","Cumberland County, NC - 37051003410","2020","0.5%","",,"Distance to Parks: 1/2 Mile"
"37","North Carolina","37051003410","Cumberland County, NC - 37051003410","2020","6.3%","",,"Distance to Parks: 1 Mile"
"37","North Carolina","37051003501","Cumberland County, NC - 37051003501","2020","54.9%","",,"Distance to Parks: 1/2 Mile"
"37","North Carolina","37051003501","Cumberland County, NC - 37051003501","2020","99.7%","",,"Distance to Parks: 1 Mile"
"37","North Carolina","37051003502","Cumberland County, NC - 37051003502","2020","4.0%","",,"Distance to Parks: 1/2 Mile"
"37","North Carolina","37051003502","Cumberland County, NC - 37051003502","2020","72.8%","",,"Distance to Parks: 1 Mile"
"37","North Carolina","37051003601","Cumberland County, NC - 37051003601","2020","11.7%","",,"Distance to Parks: 1/2 Mile"
"37","North Carolina","37051003601","Cumberland County, NC - 37051003601","2020","59.3%","",,"Distance to Parks: 1 Mile"
"37","North Carolina","37051003602","Cumberland County, NC - 37051003602","2020","41.7%","",,"Distance to Parks: 1/2 Mile"
"37","North Carolina","37051003602","Cumberland County, NC - 37051003602","2020","57.9%","",,"Distance to Parks: 1 Mile"
"37","North Carolina","37051003700","Cumberland County, NC - 37051003700","2020","11.6%","",,"Distance to Parks: 1/2 Mile"
"37","North Carolina","37051003700","Cumberland County, NC - 37051003700","2020","19.4%","",,"Distance to Parks: 1 Mile"
"37","North Carolina","37051003800","Cumberland County, NC - 37051003800","2020","84.3%","",,"Distance to Parks: 1/2 Mile"
"37","North Carolina","37051003800","Cumberland County, NC - 37051003800","2020","100.0%","",,"Distance to Parks: 1 Mile"
"37","North Carolina","37051980100","Cumberland County, NC - 37051980100","2020","0.0%","",,"Distance to Parks: 1/2 Mile"
"37","North Carolina","37051980100","Cumberland County, NC - 37051980100","2020","0.0%","",,"Distance to Parks: 1 Mile"
"37","North Carolina","37051980200","Cumberland County, NC - 37051980200","2020","10.7%","",,"Distance to Parks: 1/2 Mile"
"37","North Carolina","37051980200","Cumberland County, NC - 37051980200","2020","28.9%","",,"Distance to Parks: 1 Mile"
"37","North Carolina","37053110101","Currituck County, NC - 37053110101","2020","99.7%","",,"Distance to Parks: 1/2 Mile"
"37","North Carolina","37053110101","Currituck County, NC - 37053110101","2020","100.0%","",,"Distance to Parks: 1 Mile"
"37","North Carolina","37053110102","Currituck County, NC - 37053110102","2020","90.0%","",,"Distance to Parks: 1/2 Mile"
"37","North Carolina","37053110102","Currituck County, NC - 37053110102","2020","98.8%","",,"Distance to Parks: 1 Mile"
"37","North Carolina","37053110201","Currituck County, NC - 37053110201","2020","1.0%","",,"Distance to Parks: 1/2 Mile"
"37","North Carolina","37053110201","Currituck County, NC - 37053110201","2020","4.5%","",,"Distance to Parks: 1 Mile"
"37","North Carolina","37053110202","Currituck County, NC - 37053110202","2020","50.7%","",,"Distance to Parks: 1/2 Mile"
"37","North Carolina","37053110202","Currituck County, NC - 37053110202","2020","79.7%","",,"Distance to Parks: 1 Mile"
"37","North Carolina","37053110301","Currituck County, NC - 37053110301","2020","16.1%","",,"Distance to Parks: 1/2 Mile"
"37","North Carolina","37053110301","Currituck County, NC - 37053110301","2020","42.6%","",,"Distance to Parks: 1 Mile"
"37","North Carolina","37053110302","Currituck County, NC - 37053110302","2020","39.0%","",,"Distance to Parks: 1/2 Mile"
"37","North Carolina","37053110302","Currituck County, NC - 37053110302","2020","50.0%","",,"Distance to Parks: 1 Mile"
"37","North Carolina","37053110401","Currituck County, NC - 37053110401","2020","13.0%","",,"Distance to Parks: 1/2 Mile"
"37","North Carolina","37053110401","Currituck County, NC - 37053110401","2020","38.8%","",,"Distance to Parks: 1 Mile"
"37","North Carolina","37053110403","Currituck County, NC - 37053110403","2020","22.3%","",,"Distance to Parks: 1/2 Mile"
"37","North Carolina","37053110403","Currituck County, NC - 37053110403","2020","43.5%","",,"Distance to Parks: 1 Mile"
"37","North Carolina","37053110404","Currituck County, NC - 37053110404","2020","42.1%","",,"Distance to Parks: 1/2 Mile"
"37","North Carolina","37053110404","Currituck County, NC - 37053110404","2020","57.3%","",,"Distance to Parks: 1 Mile"
"37","North Carolina","37055970101","Dare County, NC - 37055970101","2020","11.3%","",,"Distance to Parks: 1/2 Mile"
"37","North Carolina","37055970101","Dare County, NC - 37055970101","2020","34.6%","",,"Distance to Parks: 1 Mile"
"37","North Carolina","37055970102","Dare County, NC - 37055970102","2020","45.3%","",,"Distance to Parks: 1/2 Mile"
"37","North Carolina","37055970102","Dare County, NC - 37055970102","2020","81.6%","",,"Distance to Parks: 1 Mile"
"37","North Carolina","37055970200","Dare County, NC - 37055970200","2020","81.6%","",,"Distance to Parks: 1/2 Mile"
"37","North Carolina","37055970200","Dare County, NC - 37055970200","2020","100.0%","",,"Distance to Parks: 1 Mile"
"37","North Carolina","37055970301","Dare County, NC - 37055970301","2020","0.2%","",,"Distance to Parks: 1/2 Mile"
"37","North Carolina","37055970301","Dare County, NC - 37055970301","2020","17.8%","",,"Distance to Parks: 1 Mile"
"37","North Carolina","37055970302","Dare County, NC - 37055970302","2020","79.2%","",,"Distance to Parks: 1/2 Mile"
"37","North Carolina","37055970302","Dare County, NC - 37055970302","2020","100.0%","",,"Distance to Parks: 1 Mile"
"37","North Carolina","37055970400","Dare County, NC - 37055970400","2020","88.3%","",,"Distance to Parks: 1/2 Mile"
"37","North Carolina","37055970400","Dare County, NC - 37055970400","2020","96.5%","",,"Distance to Parks: 1 Mile"
"37","North Carolina","37055970501","Dare County, NC - 37055970501","2020","100.0%","",,"Distance to Parks: 1/2 Mile"
"37","North Carolina","37055970501","Dare County, NC - 37055970501","2020","100.0%","",,"Distance to Parks: 1 Mile"
"37","North Carolina","37055970502","Dare County, NC - 37055970502","2020","95.1%","",,"Distance to Parks: 1/2 Mile"
"37","North Carolina","37055970502","Dare County, NC - 37055970502","2020","99.2%","",,"Distance to Parks: 1 Mile"
"37","North Carolina","37055970601","Dare County, NC - 37055970601","2020","79.9%","",,"Distance to Parks: 1/2 Mile"
"37","North Carolina","37055970601","Dare County, NC - 37055970601","2020","99.3%","",,"Distance to Parks: 1 Mile"
"37","North Carolina","37055970602","Dare County, NC - 37055970602","2020","51.8%","",,"Distance to Parks: 1/2 Mile"
"37","North Carolina","37055970602","Dare County, NC - 37055970602","2020","68.6%","",,"Distance to Parks: 1 Mile"
"37","North Carolina","37057060101","Davidson County, NC - 37057060101","2020","0.0%","",,"Distance to Parks: 1/2 Mile"
"37","North Carolina","37057060101","Davidson County, NC - 37057060101","2020","21.5%","",,"Distance to Parks: 1 Mile"
"37","North Carolina","37057060103","Davidson County, NC - 37057060103","2020","0.0%","",,"Distance to Parks: 1/2 Mile"
"37","North Carolina","37057060103","Davidson County, NC - 37057060103","2020","1.6%","",,"Distance to Parks: 1 Mile"
"37","North Carolina","37057060104","Davidson County, NC - 37057060104","2020","7.7%","",,"Distance to Parks: 1/2 Mile"
"37","North Carolina","37057060104","Davidson County, NC - 37057060104","2020","25.3%","",,"Distance to Parks: 1 Mile"
"37","North Carolina","37057060201","Davidson County, NC - 37057060201","2020","8.9%","",,"Distance to Parks: 1/2 Mile"
"37","North Carolina","37057060201","Davidson County, NC - 37057060201","2020","13.8%","",,"Distance to Parks: 1 Mile"
"37","North Carolina","37057060202","Davidson County, NC - 37057060202","2020","0.0%","",,"Distance to Parks: 1/2 Mile"
"37","North Carolina","37057060202","Davidson County, NC - 37057060202","2020","0.0%","",,"Distance to Parks: 1 Mile"
"37","North Carolina","37057060203","Davidson County, NC - 37057060203","2020","1.6%","",,"Distance to Parks: 1/2 Mile"
"37","North Carolina","37057060203","Davidson County, NC - 37057060203","2020","5.8%","",,"Distance to Parks: 1 Mile"
"37","North Carolina","37057060301","Davidson County, NC - 37057060301","2020","0.0%","",,"Distance to Parks: 1/2 Mile"
"37","North Carolina","37057060301","Davidson County, NC - 37057060301","2020","0.0%","",,"Distance to Parks: 1 Mile"
"37","North Carolina","37057060302","Davidson County, NC - 37057060302","2020","0.0%","",,"Distance to Parks: 1/2 Mile"
"37","North Carolina","37057060302","Davidson County, NC - 37057060302","2020","0.0%","",,"Distance to Parks: 1 Mile"
"37","North Carolina","37057060303","Davidson County, NC - 37057060303","2020","2.8%","",,"Distance to Parks: 1/2 Mile"
"37","North Carolina","37057060303","Davidson County, NC - 37057060303","2020","11.9%","",,"Distance to Parks: 1 Mile"
"37","North Carolina","37057060304","Davidson County, NC - 37057060304","2020","4.0%","",,"Distance to Parks: 1/2 Mile"
"37","North Carolina","37057060304","Davidson County, NC - 37057060304","2020","12.3%","",,"Distance to Parks: 1 Mile"
"37","North Carolina","37057060400","Davidson County, NC - 37057060400","2020","28.1%","",,"Distance to Parks: 1/2 Mile"
"37","North Carolina","37057060400","Davidson County, NC - 37057060400","2020","42.3%","",,"Distance to Parks: 1 Mile"
"37","North Carolina","37057060500","Davidson County, NC - 37057060500","2020","15.6%","",,"Distance to Parks: 1/2 Mile"
"37","North Carolina","37057060500","Davidson County, NC - 37057060500","2020","32.6%","",,"Distance to Parks: 1 Mile"
"37","North Carolina","37057060601","Davidson County, NC - 37057060601","2020","10.8%","",,"Distance to Parks: 1/2 Mile"
"37","North Carolina","37057060601","Davidson County, NC - 37057060601","2020","29.3%","",,"Distance to Parks: 1 Mile"
"37","North Carolina","37057060602","Davidson County, NC - 37057060602","2020","5.2%","",,"Distance to Parks: 1/2 Mile"
"37","North Carolina","37057060602","Davidson County, NC - 37057060602","2020","20.7%","",,"Distance to Parks: 1 Mile"
"37","North Carolina","37057060700","Davidson County, NC - 37057060700","2020","46.5%","",,"Distance to Parks: 1/2 Mile"
"37","North Carolina","37057060700","Davidson County, NC - 37057060700","2020","99.1%","",,"Distance to Parks: 1 Mile"
"37","North Carolina","37057060800","Davidson County, NC - 37057060800","2020","82.7%","",,"Distance to Parks: 1/2 Mile"
"37","North Carolina","37057060800","Davidson County, NC - 37057060800","2020","97.5%","",,"Distance to Parks: 1 Mile"
"37","North Carolina","37057060900","Davidson County, NC - 37057060900","2020","51.5%","",,"Distance to Parks: 1/2 Mile"
"37","North Carolina","37057060900","Davidson County, NC - 37057060900","2020","99.7%","",,"Distance to Parks: 1 Mile"
"37","North Carolina","37057061000","Davidson County, NC - 37057061000","2020","48.8%","",,"Distance to Parks: 1/2 Mile"
"37","North Carolina","37057061000","Davidson County, NC - 37057061000","2020","95.2%","",,"Distance to Parks: 1 Mile"
"37","North Carolina","37057061101","Davidson County, NC - 37057061101","2020","24.0%","",,"Distance to Parks: 1/2 Mile"
"37","North Carolina","37057061101","Davidson County, NC - 37057061101","2020","71.8%","",,"Distance to Parks: 1 Mile"
"37","North Carolina","37057061102","Davidson County, NC - 37057061102","2020","3.3%","",,"Distance to Parks: 1/2 Mile"
"37","North Carolina","37057061102","Davidson County, NC - 37057061102","2020","16.3%","",,"Distance to Parks: 1 Mile"
"37","North Carolina","37057061202","Davidson County, NC - 37057061202","2020","0.0%","",,"Distance to Parks: 1/2 Mile"
"37","North Carolina","37057061202","Davidson County, NC - 37057061202","2020","5.2%","",,"Distance to Parks: 1 Mile"
"37","North Carolina","37057061203","Davidson County, NC - 37057061203","2020","44.3%","",,"Distance to Parks: 1/2 Mile"
"37","North Carolina","37057061203","Davidson County, NC - 37057061203","2020","85.9%","",,"Distance to Parks: 1 Mile"
"37","North Carolina","37057061204","Davidson County, NC - 37057061204","2020","14.0%","",,"Distance to Parks: 1/2 Mile"
"37","North Carolina","37057061204","Davidson County, NC - 37057061204","2020","56.9%","",,"Distance to Parks: 1 Mile"
"37","North Carolina","37057061300","Davidson County, NC - 37057061300","2020","99.7%","",,"Distance to Parks: 1/2 Mile"
"37","North Carolina","37057061300","Davidson County, NC - 37057061300","2020","100.0%","",,"Distance to Parks: 1 Mile"
"37","North Carolina","37057061400","Davidson County, NC - 37057061400","2020","85.3%","",,"Distance to Parks: 1/2 Mile"
"37","North Carolina","37057061400","Davidson County, NC - 37057061400","2020","100.0%","",,"Distance to Parks: 1 Mile"
"37","North Carolina","37057061501","Davidson County, NC - 37057061501","2020","59.4%","",,"Distance to Parks: 1/2 Mile"
"37","North Carolina","37057061501","Davidson County, NC - 37057061501","2020","99.9%","",,"Distance to Parks: 1 Mile"
"37","North Carolina","37057061502","Davidson County, NC - 37057061502","2020","76.7%","",,"Distance to Parks: 1/2 Mile"
"37","North Carolina","37057061502","Davidson County, NC - 37057061502","2020","100.0%","",,"Distance to Parks: 1 Mile"
"37","North Carolina","37057061600","Davidson County, NC - 37057061600","2020","22.5%","",,"Distance to Parks: 1/2 Mile"
"37","North Carolina","37057061600","Davidson County, NC - 37057061600","2020","57.5%","",,"Distance to Parks: 1 Mile"
"37","North Carolina","37057061701","Davidson County, NC - 37057061701","2020","2.6%","",,"Distance to Parks: 1/2 Mile"
"37","North Carolina","37057061701","Davidson County, NC - 37057061701","2020","9.0%","",,"Distance to Parks: 1 Mile"
"37","North Carolina","37057061703","Davidson County, NC - 37057061703","2020","0.5%","",,"Distance to Parks: 1/2 Mile"
"37","North Carolina","37057061703","Davidson County, NC - 37057061703","2020","2.8%","",,"Distance to Parks: 1 Mile"
"37","North Carolina","37057061704","Davidson County, NC - 37057061704","2020","5.4%","",,"Distance to Parks: 1/2 Mile"
"37","North Carolina","37057061704","Davidson County, NC - 37057061704","2020","14.3%","",,"Distance to Parks: 1 Mile"
"37","North Carolina","37057061705","Davidson County, NC - 37057061705","2020","0.0%","",,"Distance to Parks: 1/2 Mile"
"37","North Carolina","37057061705","Davidson County, NC - 37057061705","2020","0.0%","",,"Distance to Parks: 1 Mile"
"37","North Carolina","37057061803","Davidson County, NC - 37057061803","2020","7.8%","",,"Distance to Parks: 1/2 Mile"
"37","North Carolina","37057061803","Davidson County, NC - 37057061803","2020","27.8%","",,"Distance to Parks: 1 Mile"
"37","North Carolina","37057061805","Davidson County, NC - 37057061805","2020","0.0%","",,"Distance to Parks: 1/2 Mile"
"37","North Carolina","37057061805","Davidson County, NC - 37057061805","2020","4.0%","",,"Distance to Parks: 1 Mile"
"37","North Carolina","37057061806","Davidson County, NC - 37057061806","2020","0.0%","",,"Distance to Parks: 1/2 Mile"
"37","North Carolina","37057061806","Davidson County, NC - 37057061806","2020","0.0%","",,"Distance to Parks: 1 Mile"
"37","North Carolina","37057061807","Davidson County, NC - 37057061807","2020","16.8%","",,"Distance to Parks: 1/2 Mile"
"37","North Carolina","37057061807","Davidson County, NC - 37057061807","2020","43.0%","",,"Distance to Parks: 1 Mile"
"37","North Carolina","37057061808","Davidson County, NC - 37057061808","2020","2.8%","",,"Distance to Parks: 1/2 Mile"
"37","North Carolina","37057061808","Davidson County, NC - 37057061808","2020","12.0%","",,"Distance to Parks: 1 Mile"
"37","North Carolina","37057061902","Davidson County, NC - 37057061902","2020","1.1%","",,"Distance to Parks: 1/2 Mile"
"37","North Carolina","37057061902","Davidson County, NC - 37057061902","2020","3.6%","",,"Distance to Parks: 1 Mile"
"37","North Carolina","37057061903","Davidson County, NC - 37057061903","2020","0.0%","",,"Distance to Parks: 1/2 Mile"
"37","North Carolina","37057061903","Davidson County, NC - 37057061903","2020","0.0%","",,"Distance to Parks: 1 Mile"
"37","North Carolina","37057061904","Davidson County, NC - 37057061904","2020","0.0%","",,"Distance to Parks: 1/2 Mile"
"37","North Carolina","37057061904","Davidson County, NC - 37057061904","2020","0.1%","",,"Distance to Parks: 1 Mile"
"37","North Carolina","37057062001","Davidson County, NC - 37057062001","2020","14.5%","",,"Distance to Parks: 1/2 Mile"
"37","North Carolina","37057062001","Davidson County, NC - 37057062001","2020","19.4%","",,"Distance to Parks: 1 Mile"
"37","North Carolina","37057062002","Davidson County, NC - 37057062002","2020","3.4%","",,"Distance to Parks: 1/2 Mile"
"37","North Carolina","37057062002","Davidson County, NC - 37057062002","2020","11.6%","",,"Distance to Parks: 1 Mile"
"37","North Carolina","37059080101","Davie County, NC - 37059080101","2020","4.5%","",,"Distance to Parks: 1/2 Mile"
"37","North Carolina","37059080101","Davie County, NC - 37059080101","2020","15.4%","",,"Distance to Parks: 1 Mile"
"37","North Carolina","37059080102","Davie County, NC - 37059080102","2020","6.9%","",,"Distance to Parks: 1/2 Mile"
"37","North Carolina","37059080102","Davie County, NC - 37059080102","2020","24.2%","",,"Distance to Parks: 1 Mile"
"37","North Carolina","37059080200","Davie County, NC - 37059080200","2020","8.4%","",,"Distance to Parks: 1/2 Mile"
"37","North Carolina","37059080200","Davie County, NC - 37059080200","2020","22.6%","",,"Distance to Parks: 1 Mile"
"37","North Carolina","37059080301","Davie County, NC - 37059080301","2020","19.8%","",,"Distance to Parks: 1/2 Mile"
"37","North Carolina","37059080301","Davie County, NC - 37059080301","2020","49.5%","",,"Distance to Parks: 1 Mile"
"37","North Carolina","37059080302","Davie County, NC - 37059080302","2020","9.4%","",,"Distance to Parks: 1/2 Mile"
"37","North Carolina","37059080302","Davie County, NC - 37059080302","2020","29.7%","",,"Distance to Parks: 1 Mile"
"37","North Carolina","37059080400","Davie County, NC - 37059080400","2020","7.2%","",,"Distance to Parks: 1/2 Mile"
"37","North Carolina","37059080400","Davie County, NC - 37059080400","2020","18.9%","",,"Distance to Parks: 1 Mile"
"37","North Carolina","37059080500","Davie County, NC - 37059080500","2020","14.2%","",,"Distance to Parks: 1/2 Mile"
"37","North Carolina","37059080500","Davie County, NC - 37059080500","2020","41.6%","",,"Distance to Parks: 1 Mile"
"37","North Carolina","37059080600","Davie County, NC - 37059080600","2020","18.6%","",,"Distance to Parks: 1/2 Mile"
"37","North Carolina","37059080600","Davie County, NC - 37059080600","2020","39.1%","",,"Distance to Parks: 1 Mile"
"37","North Carolina","37059080701","Davie County, NC - 37059080701","2020","4.0%","",,"Distance to Parks: 1/2 Mile"
"37","North Carolina","37059080701","Davie County, NC - 37059080701","2020","13.7%","",,"Distance to Parks: 1 Mile"
"37","North Carolina","37059080702","Davie County, NC - 37059080702","2020","20.2%","",,"Distance to Parks: 1/2 Mile"
"37","North Carolina","37059080702","Davie County, NC - 37059080702","2020","44.8%","",,"Distance to Parks: 1 Mile"
"37","North Carolina","37061090101","Duplin County, NC - 37061090101","2020","0.0%","",,"Distance to Parks: 1/2 Mile"
"37","North Carolina","37061090101","Duplin County, NC - 37061090101","2020","0.0%","",,"Distance to Parks: 1 Mile"
"37","North Carolina","37061090102","Duplin County, NC - 37061090102","2020","0.4%","",,"Distance to Parks: 1/2 Mile"
"37","North Carolina","37061090102","Duplin County, NC - 37061090102","2020","1.4%","",,"Distance to Parks: 1 Mile"
"37","North Carolina","37061090103","Duplin County, NC - 37061090103","2020","0.0%","",,"Distance to Parks: 1/2 Mile"
"37","North Carolina","37061090103","Duplin County, NC - 37061090103","2020","0.4%","",,"Distance to Parks: 1 Mile"
"37","North Carolina","37061090201","Duplin County, NC - 37061090201","2020","0.0%","",,"Distance to Parks: 1/2 Mile"
"37","North Carolina","37061090201","Duplin County, NC - 37061090201","2020","0.0%","",,"Distance to Parks: 1 Mile"
"37","North Carolina","37061090202","Duplin County, NC - 37061090202","2020","3.5%","",,"Distance to Parks: 1/2 Mile"
"37","North Carolina","37061090202","Duplin County, NC - 37061090202","2020","15.3%","",,"Distance to Parks: 1 Mile"
"37","North Carolina","37061090301","Duplin County, NC - 37061090301","2020","3.9%","",,"Distance to Parks: 1/2 Mile"
"37","North Carolina","37061090301","Duplin County, NC - 37061090301","2020","10.1%","",,"Distance to Parks: 1 Mile"
"37","North Carolina","37061090302","Duplin County, NC - 37061090302","2020","3.3%","",,"Distance to Parks: 1/2 Mile"
"37","North Carolina","37061090302","Duplin County, NC - 37061090302","2020","10.9%","",,"Distance to Parks: 1 Mile"
"37","North Carolina","37061090401","Duplin County, NC - 37061090401","2020","0.0%","",,"Distance to Parks: 1/2 Mile"
"37","North Carolina","37061090401","Duplin County, NC - 37061090401","2020","0.0%","",,"Distance to Parks: 1 Mile"
"37","North Carolina","37061090402","Duplin County, NC - 37061090402","2020","0.0%","",,"Distance to Parks: 1/2 Mile"
"37","North Carolina","37061090402","Duplin County, NC - 37061090402","2020","0.0%","",,"Distance to Parks: 1 Mile"
"37","North Carolina","37061090503","Duplin County, NC - 37061090503","2020","0.0%","",,"Distance to Parks: 1/2 Mile"
"37","North Carolina","37061090503","Duplin County, NC - 37061090503","2020","0.0%","",,"Distance to Parks: 1 Mile"
"37","North Carolina","37061090504","Duplin County, NC - 37061090504","2020","0.0%","",,"Distance to Parks: 1/2 Mile"
"37","North Carolina","37061090504","Duplin County, NC - 37061090504","2020","0.0%","",,"Distance to Parks: 1 Mile"
"37","North Carolina","37061090505","Duplin County, NC - 37061090505","2020","0.0%","",,"Distance to Parks: 1/2 Mile"
"37","North Carolina","37061090505","Duplin County, NC - 37061090505","2020","0.0%","",,"Distance to Parks: 1 Mile"
"37","North Carolina","37061090506","Duplin County, NC - 37061090506","2020","0.0%","",,"Distance to Parks: 1/2 Mile"
"37","North Carolina","37061090506","Duplin County, NC - 37061090506","2020","0.0%","",,"Distance to Parks: 1 Mile"
"37","North Carolina","37061090600","Duplin County, NC - 37061090600","2020","17.8%","",,"Distance to Parks: 1/2 Mile"
"37","North Carolina","37061090600","Duplin County, NC - 37061090600","2020","23.0%","",,"Distance to Parks: 1 Mile"
"37","North Carolina","37061090703","Duplin County, NC - 37061090703","2020","0.8%","",,"Distance to Parks: 1/2 Mile"
"37","North Carolina","37061090703","Duplin County, NC - 37061090703","2020","12.9%","",,"Distance to Parks: 1 Mile"
"37","North Carolina","37061090704","Duplin County, NC - 37061090704","2020","0.0%","",,"Distance to Parks: 1/2 Mile"
"37","North Carolina","37061090704","Duplin County, NC - 37061090704","2020","1.1%","",,"Distance to Parks: 1 Mile"
"37","North Carolina","37061090705","Duplin County, NC - 37061090705","2020","17.4%","",,"Distance to Parks: 1/2 Mile"
"37","North Carolina","37061090705","Duplin County, NC - 37061090705","2020","41.4%","",,"Distance to Parks: 1 Mile"
"37","North Carolina","37061090706","Duplin County, NC - 37061090706","2020","4.0%","",,"Distance to Parks: 1/2 Mile"
"37","North Carolina","37061090706","Duplin County, NC - 37061090706","2020","9.7%","",,"Distance to Parks: 1 Mile"
"37","North Carolina","37061090801","Duplin County, NC - 37061090801","2020","0.0%","",,"Distance to Parks: 1/2 Mile"
"37","North Carolina","37061090801","Duplin County, NC - 37061090801","2020","0.0%","",,"Distance to Parks: 1 Mile"
"37","North Carolina","37061090803","Duplin County, NC - 37061090803","2020","0.0%","",,"Distance to Parks: 1/2 Mile"
"37","North Carolina","37061090803","Duplin County, NC - 37061090803","2020","1.5%","",,"Distance to Parks: 1 Mile"
"37","North Carolina","37061090804","Duplin County, NC - 37061090804","2020","0.0%","",,"Distance to Parks: 1/2 Mile"
"37","North Carolina","37061090804","Duplin County, NC - 37061090804","2020","0.0%","",,"Distance to Parks: 1 Mile"
"37","North Carolina","37063000101","Durham County, NC - 37063000101","2020","67.0%","",,"Distance to Parks: 1/2 Mile"
"37","North Carolina","37063000101","Durham County, NC - 37063000101","2020","100.0%","",,"Distance to Parks: 1 Mile"
"37","North Carolina","37063000102","Durham County, NC - 37063000102","2020","97.4%","",,"Distance to Parks: 1/2 Mile"
"37","North Carolina","37063000102","Durham County, NC - 37063000102","2020","100.0%","",,"Distance to Parks: 1 Mile"
"37","North Carolina","37063000200","Durham County, NC - 37063000200","2020","90.1%","",,"Distance to Parks: 1/2 Mile"
"37","North Carolina","37063000200","Durham County, NC - 37063000200","2020","100.0%","",,"Distance to Parks: 1 Mile"
"37","North Carolina","37063000301","Durham County, NC - 37063000301","2020","100.0%","",,"Distance to Parks: 1/2 Mile"
"37","North Carolina","37063000301","Durham County, NC - 37063000301","2020","100.0%","",,"Distance to Parks: 1 Mile"
"37","North Carolina","37063000302","Durham County, NC - 37063000302","2020","100.0%","",,"Distance to Parks: 1/2 Mile"
"37","North Carolina","37063000302","Durham County, NC - 37063000302","2020","100.0%","",,"Distance to Parks: 1 Mile"
"37","North Carolina","37063000401","Durham County, NC - 37063000401","2020","100.0%","",,"Distance to Parks: 1/2 Mile"
"37","North Carolina","37063000401","Durham County, NC - 37063000401","2020","100.0%","",,"Distance to Parks: 1 Mile"
"37","North Carolina","37063000402","Durham County, NC - 37063000402","2020","100.0%","",,"Distance to Parks: 1/2 Mile"
"37","North Carolina","37063000402","Durham County, NC - 37063000402","2020","100.0%","",,"Distance to Parks: 1 Mile"
"37","North Carolina","37063000500","Durham County, NC - 37063000500","2020","100.0%","",,"Distance to Parks: 1/2 Mile"
"37","North Carolina","37063000500","Durham County, NC - 37063000500","2020","100.0%","",,"Distance to Parks: 1 Mile"
"37","North Carolina","37063000600","Durham County, NC - 37063000600","2020","100.0%","",,"Distance to Parks: 1/2 Mile"
"37","North Carolina","37063000600","Durham County, NC - 37063000600","2020","100.0%","",,"Distance to Parks: 1 Mile"
"37","North Carolina","37063000700","Durham County, NC - 37063000700","2020","100.0%","",,"Distance to Parks: 1/2 Mile"
"37","North Carolina","37063000700","Durham County, NC - 37063000700","2020","100.0%","",,"Distance to Parks: 1 Mile"
"37","North Carolina","37063000900","Durham County, NC - 37063000900","2020","100.0%","",,"Distance to Parks: 1/2 Mile"
"37","North Carolina","37063000900","Durham County, NC - 37063000900","2020","100.0%","",,"Distance to Parks: 1 Mile"
"37","North Carolina","37063001001","Durham County, NC - 37063001001","2020","98.6%","",,"Distance to Parks: 1/2 Mile"
"37","North Carolina","37063001001","Durham County, NC - 37063001001","2020","100.0%","",,"Distance to Parks: 1 Mile"
"37","North Carolina","37063001002","Durham County, NC - 37063001002","2020","98.5%","",,"Distance to Parks: 1/2 Mile"
"37","North Carolina","37063001002","Durham County, NC - 37063001002","2020","100.0%","",,"Distance to Parks: 1 Mile"
"37","North Carolina","37063001100","Durham County, NC - 37063001100","2020","100.0%","",,"Distance to Parks: 1/2 Mile"
"37","North Carolina","37063001100","Durham County, NC - 37063001100","2020","100.0%","",,"Distance to Parks: 1 Mile"
"37","North Carolina","37063001301","Durham County, NC - 37063001301","2020","100.0%","",,"Distance to Parks: 1/2 Mile"
"37","North Carolina","37063001301","Durham County, NC - 37063001301","2020","100.0%","",,"Distance to Parks: 1 Mile"
"37","North Carolina","37063001303","Durham County, NC - 37063001303","2020","100.0%","",,"Distance to Parks: 1/2 Mile"
"37","North Carolina","37063001303","Durham County, NC - 37063001303","2020","100.0%","",,"Distance to Parks: 1 Mile"
"37","North Carolina","37063001304","Durham County, NC - 37063001304","2020","100.0%","",,"Distance to Parks: 1/2 Mile"
"37","North Carolina","37063001304","Durham County, NC - 37063001304","2020","100.0%","",,"Distance to Parks: 1 Mile"
"37","North Carolina","37063001400","Durham County, NC - 37063001400","2020","96.0%","",,"Distance to Parks: 1/2 Mile"
"37","North Carolina","37063001400","Durham County, NC - 37063001400","2020","100.0%","",,"Distance to Parks: 1 Mile"
"37","North Carolina","37063001501","Durham County, NC - 37063001501","2020","97.5%","",,"Distance to Parks: 1/2 Mile"
"37","North Carolina","37063001501","Durham County, NC - 37063001501","2020","100.0%","",,"Distance to Parks: 1 Mile"
"37","North Carolina","37063001503","Durham County, NC - 37063001503","2020","100.0%","",,"Distance to Parks: 1/2 Mile"
"37","North Carolina","37063001503","Durham County, NC - 37063001503","2020","100.0%","",,"Distance to Parks: 1 Mile"
"37","North Carolina","37063001504","Durham County, NC - 37063001504","2020","99.1%","",,"Distance to Parks: 1/2 Mile"
"37","North Carolina","37063001504","Durham County, NC - 37063001504","2020","100.0%","",,"Distance to Parks: 1 Mile"
"37","North Carolina","37063001505","Durham County, NC - 37063001505","2020","100.0%","",,"Distance to Parks: 1/2 Mile"
"37","North Carolina","37063001505","Durham County, NC - 37063001505","2020","100.0%","",,"Distance to Parks: 1 Mile"
"37","North Carolina","37063001601","Durham County, NC - 37063001601","2020","69.3%","",,"Distance to Parks: 1/2 Mile"
"37","North Carolina","37063001601","Durham County, NC - 37063001601","2020","99.8%","",,"Distance to Parks: 1 Mile"
"37","North Carolina","37063001603","Durham County, NC - 37063001603","2020","40.9%","",,"Distance to Parks: 1/2 Mile"
"37","North Carolina","37063001603","Durham County, NC - 37063001603","2020","74.3%","",,"Distance to Parks: 1 Mile"
"37","North Carolina","37063001604","Durham County, NC - 37063001604","2020","24.1%","",,"Distance to Parks: 1/2 Mile"
"37","North Carolina","37063001604","Durham County, NC - 37063001604","2020","40.3%","",,"Distance to Parks: 1 Mile"
"37","North Carolina","37063001705","Durham County, NC - 37063001705","2020","75.3%","",,"Distance to Parks: 1/2 Mile"
"37","North Carolina","37063001705","Durham County, NC - 37063001705","2020","99.8%","",,"Distance to Parks: 1 Mile"
"37","North Carolina","37063001706","Durham County, NC - 37063001706","2020","68.3%","",,"Distance to Parks: 1/2 Mile"
"37","North Carolina","37063001706","Durham County, NC - 37063001706","2020","100.0%","",,"Distance to Parks: 1 Mile"
"37","North Carolina","37063001708","Durham County, NC - 37063001708","2020","94.7%","",,"Distance to Parks: 1/2 Mile"
"37","North Carolina","37063001708","Durham County, NC - 37063001708","2020","100.0%","",,"Distance to Parks: 1 Mile"
"37","North Carolina","37063001709","Durham County, NC - 37063001709","2020","63.1%","",,"Distance to Parks: 1/2 Mile"
"37","North Carolina","37063001709","Durham County, NC - 37063001709","2020","100.0%","",,"Distance to Parks: 1 Mile"
"37","North Carolina","37063001710","Durham County, NC - 37063001710","2020","99.1%","",,"Distance to Parks: 1/2 Mile"
"37","North Carolina","37063001710","Durham County, NC - 37063001710","2020","100.0%","",,"Distance to Parks: 1 Mile"
"37","North Carolina","37063001711","Durham County, NC - 37063001711","2020","97.8%","",,"Distance to Parks: 1/2 Mile"
"37","North Carolina","37063001711","Durham County, NC - 37063001711","2020","100.0%","",,"Distance to Parks: 1 Mile"
"37","North Carolina","37063001712","Durham County, NC - 37063001712","2020","75.6%","",,"Distance to Parks: 1/2 Mile"
"37","North Carolina","37063001712","Durham County, NC - 37063001712","2020","100.0%","",,"Distance to Parks: 1 Mile"
"37","North Carolina","37063001713","Durham County, NC - 37063001713","2020","62.5%","",,"Distance to Parks: 1/2 Mile"
"37","North Carolina","37063001713","Durham County, NC - 37063001713","2020","99.4%","",,"Distance to Parks: 1 Mile"
"37","North Carolina","37063001801","Durham County, NC - 37063001801","2020","57.2%","",,"Distance to Parks: 1/2 Mile"
"37","North Carolina","37063001801","Durham County, NC - 37063001801","2020","96.0%","",,"Distance to Parks: 1 Mile"
"37","North Carolina","37063001802","Durham County, NC - 37063001802","2020","74.9%","",,"Distance to Parks: 1/2 Mile"
"37","North Carolina","37063001802","Durham County, NC - 37063001802","2020","100.0%","",,"Distance to Parks: 1 Mile"
"37","North Carolina","37063001806","Durham County, NC - 37063001806","2020","50.5%","",,"Distance to Parks: 1/2 Mile"
"37","North Carolina","37063001806","Durham County, NC - 37063001806","2020","81.1%","",,"Distance to Parks: 1 Mile"
"37","North Carolina","37063001808","Durham County, NC - 37063001808","2020","41.0%","",,"Distance to Parks: 1/2 Mile"
"37","North Carolina","37063001808","Durham County, NC - 37063001808","2020","95.8%","",,"Distance to Parks: 1 Mile"
"37","North Carolina","37063001809","Durham County, NC - 37063001809","2020","41.7%","",,"Distance to Parks: 1/2 Mile"
"37","North Carolina","37063001809","Durham County, NC - 37063001809","2020","87.3%","",,"Distance to Parks: 1 Mile"
"37","North Carolina","37063001810","Durham County, NC - 37063001810","2020","51.7%","",,"Distance to Parks: 1/2 Mile"
"37","North Carolina","37063001810","Durham County, NC - 37063001810","2020","100.0%","",,"Distance to Parks: 1 Mile"
"37","North Carolina","37063001811","Durham County, NC - 37063001811","2020","38.1%","",,"Distance to Parks: 1/2 Mile"
"37","North Carolina","37063001811","Durham County, NC - 37063001811","2020","99.6%","",,"Distance to Parks: 1 Mile"
"37","North Carolina","37063001900","Durham County, NC - 37063001900","2020","37.8%","",,"Distance to Parks: 1/2 Mile"
"37","North Carolina","37063001900","Durham County, NC - 37063001900","2020","61.1%","",,"Distance to Parks: 1 Mile"
"37","North Carolina","37063002007","Durham County, NC - 37063002007","2020","74.5%","",,"Distance to Parks: 1/2 Mile"
"37","North Carolina","37063002007","Durham County, NC - 37063002007","2020","100.0%","",,"Distance to Parks: 1 Mile"
"37","North Carolina","37063002008","Durham County, NC - 37063002008","2020","21.8%","",,"Distance to Parks: 1/2 Mile"
"37","North Carolina","37063002008","Durham County, NC - 37063002008","2020","88.2%","",,"Distance to Parks: 1 Mile"
"37","North Carolina","37063002009","Durham County, NC - 37063002009","2020","93.3%","",,"Distance to Parks: 1/2 Mile"
"37","North Carolina","37063002009","Durham County, NC - 37063002009","2020","100.0%","",,"Distance to Parks: 1 Mile"
"37","North Carolina","37063002013","Durham County, NC - 37063002013","2020","46.2%","",,"Distance to Parks: 1/2 Mile"
"37","North Carolina","37063002013","Durham County, NC - 37063002013","2020","96.6%","",,"Distance to Parks: 1 Mile"
"37","North Carolina","37063002015","Durham County, NC - 37063002015","2020","74.6%","",,"Distance to Parks: 1/2 Mile"
"37","North Carolina","37063002015","Durham County, NC - 37063002015","2020","99.9%","",,"Distance to Parks: 1 Mile"
"37","North Carolina","37063002019","Durham County, NC - 37063002019","2020","34.6%","",,"Distance to Parks: 1/2 Mile"
"37","North Carolina","37063002019","Durham County, NC - 37063002019","2020","82.0%","",,"Distance to Parks: 1 Mile"
"37","North Carolina","37063002020","Durham County, NC - 37063002020","2020","52.5%","",,"Distance to Parks: 1/2 Mile"
"37","North Carolina","37063002020","Durham County, NC - 37063002020","2020","98.1%","",,"Distance to Parks: 1 Mile"
"37","North Carolina","37063002021","Durham County, NC - 37063002021","2020","26.0%","",,"Distance to Parks: 1/2 Mile"
"37","North Carolina","37063002021","Durham County, NC - 37063002021","2020","93.4%","",,"Distance to Parks: 1 Mile"
"37","North Carolina","37063002022","Durham County, NC - 37063002022","2020","99.9%","",,"Distance to Parks: 1/2 Mile"
"37","North Carolina","37063002022","Durham County, NC - 37063002022","2020","100.0%","",,"Distance to Parks: 1 Mile"
"37","North Carolina","37063002023","Durham County, NC - 37063002023","2020","24.7%","",,"Distance to Parks: 1/2 Mile"
"37","North Carolina","37063002023","Durham County, NC - 37063002023","2020","99.6%","",,"Distance to Parks: 1 Mile"
"37","North Carolina","37063002024","Durham County, NC - 37063002024","2020","62.1%","",,"Distance to Parks: 1/2 Mile"
"37","North Carolina","37063002024","Durham County, NC - 37063002024","2020","100.0%","",,"Distance to Parks: 1 Mile"
"37","North Carolina","37063002025","Durham County, NC - 37063002025","2020","59.1%","",,"Distance to Parks: 1/2 Mile"
"37","North Carolina","37063002025","Durham County, NC - 37063002025","2020","97.5%","",,"Distance to Parks: 1 Mile"
"37","North Carolina","37063002026","Durham County, NC - 37063002026","2020","49.8%","",,"Distance to Parks: 1/2 Mile"
"37","North Carolina","37063002026","Durham County, NC - 37063002026","2020","92.3%","",,"Distance to Parks: 1 Mile"
"37","North Carolina","37063002029","Durham County, NC - 37063002029","2020","82.7%","",,"Distance to Parks: 1/2 Mile"
"37","North Carolina","37063002029","Durham County, NC - 37063002029","2020","99.7%","",,"Distance to Parks: 1 Mile"
"37","North Carolina","37063002030","Durham County, NC - 37063002030","2020","44.5%","",,"Distance to Parks: 1/2 Mile"
"37","North Carolina","37063002030","Durham County, NC - 37063002030","2020","89.6%","",,"Distance to Parks: 1 Mile"
"37","North Carolina","37063002031","Durham County, NC - 37063002031","2020","31.0%","",,"Distance to Parks: 1/2 Mile"
"37","North Carolina","37063002031","Durham County, NC - 37063002031","2020","96.7%","",,"Distance to Parks: 1 Mile"
"37","North Carolina","37063002032","Durham County, NC - 37063002032","2020","75.4%","",,"Distance to Parks: 1/2 Mile"
"37","North Carolina","37063002032","Durham County, NC - 37063002032","2020","100.0%","",,"Distance to Parks: 1 Mile"
"37","North Carolina","37063002033","Durham County, NC - 37063002033","2020","73.9%","",,"Distance to Parks: 1/2 Mile"
"37","North Carolina","37063002033","Durham County, NC - 37063002033","2020","99.8%","",,"Distance to Parks: 1 Mile"
"37","North Carolina","37063002034","Durham County, NC - 37063002034","2020","77.5%","",,"Distance to Parks: 1/2 Mile"
"37","North Carolina","37063002034","Durham County, NC - 37063002034","2020","100.0%","",,"Distance to Parks: 1 Mile"
"37","North Carolina","37063002035","Durham County, NC - 37063002035","2020","29.7%","",,"Distance to Parks: 1/2 Mile"
"37","North Carolina","37063002035","Durham County, NC - 37063002035","2020","65.4%","",,"Distance to Parks: 1 Mile"
"37","North Carolina","37063002036","Durham County, NC - 37063002036","2020","31.1%","",,"Distance to Parks: 1/2 Mile"
"37","North Carolina","37063002036","Durham County, NC - 37063002036","2020","69.1%","",,"Distance to Parks: 1 Mile"
"37","North Carolina","37063002037","Durham County, NC - 37063002037","2020","12.3%","",,"Distance to Parks: 1/2 Mile"
"37","North Carolina","37063002037","Durham County, NC - 37063002037","2020","43.5%","",,"Distance to Parks: 1 Mile"
"37","North Carolina","37063002038","Durham County, NC - 37063002038","2020","3.0%","",,"Distance to Parks: 1/2 Mile"
"37","North Carolina","37063002038","Durham County, NC - 37063002038","2020","43.4%","",,"Distance to Parks: 1 Mile"
"37","North Carolina","37063002100","Durham County, NC - 37063002100","2020","36.4%","",,"Distance to Parks: 1/2 Mile"
"37","North Carolina","37063002100","Durham County, NC - 37063002100","2020","55.4%","",,"Distance to Parks: 1 Mile"
"37","North Carolina","37063002200","Durham County, NC - 37063002200","2020","100.0%","",,"Distance to Parks: 1/2 Mile"
"37","North Carolina","37063002200","Durham County, NC - 37063002200","2020","100.0%","",,"Distance to Parks: 1 Mile"
"37","North Carolina","37063002300","Durham County, NC - 37063002300","2020","100.0%","",,"Distance to Parks: 1/2 Mile"
"37","North Carolina","37063002300","Durham County, NC - 37063002300","2020","100.0%","",,"Distance to Parks: 1 Mile"
"37","North Carolina","37063980100","Durham County, NC - 37063980100","2020","0.0%","",,"Distance to Parks: 1/2 Mile"
"37","North Carolina","37063980100","Durham County, NC - 37063980100","2020","0.0%","",,"Distance to Parks: 1 Mile"
"37","North Carolina","37065020200","Edgecombe County, NC - 37065020200","2020","21.4%","",,"Distance to Parks: 1/2 Mile"
"37","North Carolina","37065020200","Edgecombe County, NC - 37065020200","2020","41.6%","",,"Distance to Parks: 1 Mile"
"37","North Carolina","37065020300","Edgecombe County, NC - 37065020300","2020","44.9%","",,"Distance to Parks: 1/2 Mile"
"37","North Carolina","37065020300","Edgecombe County, NC - 37065020300","2020","66.3%","",,"Distance to Parks: 1 Mile"
"37","North Carolina","37065020400","Edgecombe County, NC - 37065020400","2020","48.9%","",,"Distance to Parks: 1/2 Mile"
"37","North Carolina","37065020400","Edgecombe County, NC - 37065020400","2020","70.6%","",,"Distance to Parks: 1 Mile"
"37","North Carolina","37065020600","Edgecombe County, NC - 37065020600","2020","4.3%","",,"Distance to Parks: 1/2 Mile"
"37","North Carolina","37065020600","Edgecombe County, NC - 37065020600","2020","10.3%","",,"Distance to Parks: 1 Mile"
"37","North Carolina","37065020700","Edgecombe County, NC - 37065020700","2020","8.7%","",,"Distance to Parks: 1/2 Mile"
"37","North Carolina","37065020700","Edgecombe County, NC - 37065020700","2020","17.5%","",,"Distance to Parks: 1 Mile"
"37","North Carolina","37065020800","Edgecombe County, NC - 37065020800","2020","0.8%","",,"Distance to Parks: 1/2 Mile"
"37","North Carolina","37065020800","Edgecombe County, NC - 37065020800","2020","2.4%","",,"Distance to Parks: 1 Mile"
"37","North Carolina","37065020900","Edgecombe County, NC - 37065020900","2020","30.7%","",,"Distance to Parks: 1/2 Mile"
"37","North Carolina","37065020900","Edgecombe County, NC - 37065020900","2020","57.8%","",,"Distance to Parks: 1 Mile"
"37","North Carolina","37065021000","Edgecombe County, NC - 37065021000","2020","59.4%","",,"Distance to Parks: 1/2 Mile"
"37","North Carolina","37065021000","Edgecombe County, NC - 37065021000","2020","93.3%","",,"Distance to Parks: 1 Mile"
"37","North Carolina","37065021100","Edgecombe County, NC - 37065021100","2020","17.9%","",,"Distance to Parks: 1/2 Mile"
"37","North Carolina","37065021100","Edgecombe County, NC - 37065021100","2020","45.1%","",,"Distance to Parks: 1 Mile"
"37","North Carolina","37065021200","Edgecombe County, NC - 37065021200","2020","24.4%","",,"Distance to Parks: 1/2 Mile"
"37","North Carolina","37065021200","Edgecombe County, NC - 37065021200","2020","48.2%","",,"Distance to Parks: 1 Mile"
"37","North Carolina","37065021300","Edgecombe County, NC - 37065021300","2020","1.1%","",,"Distance to Parks: 1/2 Mile"
"37","North Carolina","37065021300","Edgecombe County, NC - 37065021300","2020","3.7%","",,"Distance to Parks: 1 Mile"
"37","North Carolina","37065021400","Edgecombe County, NC - 37065021400","2020","0.4%","",,"Distance to Parks: 1/2 Mile"
"37","North Carolina","37065021400","Edgecombe County, NC - 37065021400","2020","2.1%","",,"Distance to Parks: 1 Mile"
"37","North Carolina","37065021500","Edgecombe County, NC - 37065021500","2020","0.0%","",,"Distance to Parks: 1/2 Mile"
"37","North Carolina","37065021500","Edgecombe County, NC - 37065021500","2020","0.0%","",,"Distance to Parks: 1 Mile"
"37","North Carolina","37065021600","Edgecombe County, NC - 37065021600","2020","0.8%","",,"Distance to Parks: 1/2 Mile"
"37","North Carolina","37065021600","Edgecombe County, NC - 37065021600","2020","2.9%","",,"Distance to Parks: 1 Mile"
"37","North Carolina","37067000100","Forsyth County, NC - 37067000100","2020","95.2%","",,"Distance to Parks: 1/2 Mile"
"37","North Carolina","37067000100","Forsyth County, NC - 37067000100","2020","100.0%","",,"Distance to Parks: 1 Mile"
"37","North Carolina","37067000200","Forsyth County, NC - 37067000200","2020","94.4%","",,"Distance to Parks: 1/2 Mile"
"37","North Carolina","37067000200","Forsyth County, NC - 37067000200","2020","100.0%","",,"Distance to Parks: 1 Mile"
"37","North Carolina","37067000301","Forsyth County, NC - 37067000301","2020","100.0%","",,"Distance to Parks: 1/2 Mile"
"37","North Carolina","37067000301","Forsyth County, NC - 37067000301","2020","100.0%","",,"Distance to Parks: 1 Mile"
"37","North Carolina","37067000302","Forsyth County, NC - 37067000302","2020","91.7%","",,"Distance to Parks: 1/2 Mile"
"37","North Carolina","37067000302","Forsyth County, NC - 37067000302","2020","100.0%","",,"Distance to Parks: 1 Mile"
"37","North Carolina","37067000400","Forsyth County, NC - 37067000400","2020","100.0%","",,"Distance to Parks: 1/2 Mile"
"37","North Carolina","37067000400","Forsyth County, NC - 37067000400","2020","100.0%","",,"Distance to Parks: 1 Mile"
"37","North Carolina","37067000500","Forsyth County, NC - 37067000500","2020","100.0%","",,"Distance to Parks: 1/2 Mile"
"37","North Carolina","37067000500","Forsyth County, NC - 37067000500","2020","100.0%","",,"Distance to Parks: 1 Mile"
"37","North Carolina","37067000600","Forsyth County, NC - 37067000600","2020","100.0%","",,"Distance to Parks: 1/2 Mile"
"37","North Carolina","37067000600","Forsyth County, NC - 37067000600","2020","100.0%","",,"Distance to Parks: 1 Mile"
"37","North Carolina","37067000700","Forsyth County, NC - 37067000700","2020","87.5%","",,"Distance to Parks: 1/2 Mile"
"37","North Carolina","37067000700","Forsyth County, NC - 37067000700","2020","100.0%","",,"Distance to Parks: 1 Mile"
"37","North Carolina","37067000801","Forsyth County, NC - 37067000801","2020","99.9%","",,"Distance to Parks: 1/2 Mile"
"37","North Carolina","37067000801","Forsyth County, NC - 37067000801","2020","100.0%","",,"Distance to Parks: 1 Mile"
"37","North Carolina","37067000802","Forsyth County, NC - 37067000802","2020","85.0%","",,"Distance to Parks: 1/2 Mile"
"37","North Carolina","37067000802","Forsyth County, NC - 37067000802","2020","100.0%","",,"Distance to Parks: 1 Mile"
"37","North Carolina","37067000900","Forsyth County, NC - 37067000900","2020","100.0%","",,"Distance to Parks: 1/2 Mile"
"37","North Carolina","37067000900","Forsyth County, NC - 37067000900","2020","100.0%","",,"Distance to Parks: 1 Mile"
"37","North Carolina","37067001000","Forsyth County, NC - 37067001000","2020","86.7%","",,"Distance to Parks: 1/2 Mile"
"37","North Carolina","37067001000","Forsyth County, NC - 37067001000","2020","100.0%","",,"Distance to Parks: 1 Mile"
"37","North Carolina","37067001100","Forsyth County, NC - 37067001100","2020","100.0%","",,"Distance to Parks: 1/2 Mile"
"37","North Carolina","37067001100","Forsyth County, NC - 37067001100","2020","100.0%","",,"Distance to Parks: 1 Mile"
"37","North Carolina","37067001200","Forsyth County, NC - 37067001200","2020","87.0%","",,"Distance to Parks: 1/2 Mile"
"37","North Carolina","37067001200","Forsyth County, NC - 37067001200","2020","100.0%","",,"Distance to Parks: 1 Mile"
"37","North Carolina","37067001300","Forsyth County, NC - 37067001300","2020","19.4%","",,"Distance to Parks: 1/2 Mile"
"37","North Carolina","37067001300","Forsyth County, NC - 37067001300","2020","91.8%","",,"Distance to Parks: 1 Mile"
"37","North Carolina","37067001400","Forsyth County, NC - 37067001400","2020","73.5%","",,"Distance to Parks: 1/2 Mile"
"37","North Carolina","37067001400","Forsyth County, NC - 37067001400","2020","98.8%","",,"Distance to Parks: 1 Mile"
"37","North Carolina","37067001500","Forsyth County, NC - 37067001500","2020","66.3%","",,"Distance to Parks: 1/2 Mile"
"37","North Carolina","37067001500","Forsyth County, NC - 37067001500","2020","99.0%","",,"Distance to Parks: 1 Mile"
"37","North Carolina","37067001601","Forsyth County, NC - 37067001601","2020","59.9%","",,"Distance to Parks: 1/2 Mile"
"37","North Carolina","37067001601","Forsyth County, NC - 37067001601","2020","95.9%","",,"Distance to Parks: 1 Mile"
"37","North Carolina","37067001602","Forsyth County, NC - 37067001602","2020","73.5%","",,"Distance to Parks: 1/2 Mile"
"37","North Carolina","37067001602","Forsyth County, NC - 37067001602","2020","99.7%","",,"Distance to Parks: 1 Mile"
"37","North Carolina","37067001700","Forsyth County, NC - 37067001700","2020","91.2%","",,"Distance to Parks: 1/2 Mile"
"37","North Carolina","37067001700","Forsyth County, NC - 37067001700","2020","100.0%","",,"Distance to Parks: 1 Mile"
"37","North Carolina","37067001800","Forsyth County, NC - 37067001800","2020","89.4%","",,"Distance to Parks: 1/2 Mile"
"37","North Carolina","37067001800","Forsyth County, NC - 37067001800","2020","100.0%","",,"Distance to Parks: 1 Mile"
"37","North Carolina","37067001901","Forsyth County, NC - 37067001901","2020","79.8%","",,"Distance to Parks: 1/2 Mile"
"37","North Carolina","37067001901","Forsyth County, NC - 37067001901","2020","100.0%","",,"Distance to Parks: 1 Mile"
"37","North Carolina","37067001902","Forsyth County, NC - 37067001902","2020","97.5%","",,"Distance to Parks: 1/2 Mile"
"37","North Carolina","37067001902","Forsyth County, NC - 37067001902","2020","100.0%","",,"Distance to Parks: 1 Mile"
"37","North Carolina","37067002001","Forsyth County, NC - 37067002001","2020","91.1%","",,"Distance to Parks: 1/2 Mile"
"37","North Carolina","37067002001","Forsyth County, NC - 37067002001","2020","100.0%","",,"Distance to Parks: 1 Mile"
"37","North Carolina","37067002002","Forsyth County, NC - 37067002002","2020","91.0%","",,"Distance to Parks: 1/2 Mile"
"37","North Carolina","37067002002","Forsyth County, NC - 37067002002","2020","100.0%","",,"Distance to Parks: 1 Mile"
"37","North Carolina","37067002100","Forsyth County, NC - 37067002100","2020","93.7%","",,"Distance to Parks: 1/2 Mile"
"37","North Carolina","37067002100","Forsyth County, NC - 37067002100","2020","100.0%","",,"Distance to Parks: 1 Mile"
"37","North Carolina","37067002200","Forsyth County, NC - 37067002200","2020","100.0%","",,"Distance to Parks: 1/2 Mile"
"37","North Carolina","37067002200","Forsyth County, NC - 37067002200","2020","100.0%","",,"Distance to Parks: 1 Mile"
"37","North Carolina","37067002501","Forsyth County, NC - 37067002501","2020","90.5%","",,"Distance to Parks: 1/2 Mile"
"37","North Carolina","37067002501","Forsyth County, NC - 37067002501","2020","100.0%","",,"Distance to Parks: 1 Mile"
"37","North Carolina","37067002502","Forsyth County, NC - 37067002502","2020","99.4%","",,"Distance to Parks: 1/2 Mile"
"37","North Carolina","37067002502","Forsyth County, NC - 37067002502","2020","100.0%","",,"Distance to Parks: 1 Mile"
"37","North Carolina","37067002601","Forsyth County, NC - 37067002601","2020","58.7%","",,"Distance to Parks: 1/2 Mile"
"37","North Carolina","37067002601","Forsyth County, NC - 37067002601","2020","100.0%","",,"Distance to Parks: 1 Mile"
"37","North Carolina","37067002604","Forsyth County, NC - 37067002604","2020","66.9%","",,"Distance to Parks: 1/2 Mile"
"37","North Carolina","37067002604","Forsyth County, NC - 37067002604","2020","99.1%","",,"Distance to Parks: 1 Mile"
"37","North Carolina","37067002605","Forsyth County, NC - 37067002605","2020","61.0%","",,"Distance to Parks: 1/2 Mile"
"37","North Carolina","37067002605","Forsyth County, NC - 37067002605","2020","100.0%","",,"Distance to Parks: 1 Mile"
"37","North Carolina","37067002606","Forsyth County, NC - 37067002606","2020","55.6%","",,"Distance to Parks: 1/2 Mile"
"37","North Carolina","37067002606","Forsyth County, NC - 37067002606","2020","100.0%","",,"Distance to Parks: 1 Mile"
"37","North Carolina","37067002701","Forsyth County, NC - 37067002701","2020","64.1%","",,"Distance to Parks: 1/2 Mile"
"37","North Carolina","37067002701","Forsyth County, NC - 37067002701","2020","100.0%","",,"Distance to Parks: 1 Mile"
"37","North Carolina","37067002702","Forsyth County, NC - 37067002702","2020","85.3%","",,"Distance to Parks: 1/2 Mile"
"37","North Carolina","37067002702","Forsyth County, NC - 37067002702","2020","100.0%","",,"Distance to Parks: 1 Mile"
"37","North Carolina","37067002704","Forsyth County, NC - 37067002704","2020","55.4%","",,"Distance to Parks: 1/2 Mile"
"37","North Carolina","37067002704","Forsyth County, NC - 37067002704","2020","99.8%","",,"Distance to Parks: 1 Mile"
"37","North Carolina","37067002705","Forsyth County, NC - 37067002705","2020","93.9%","",,"Distance to Parks: 1/2 Mile"
"37","North Carolina","37067002705","Forsyth County, NC - 37067002705","2020","100.0%","",,"Distance to Parks: 1 Mile"
"37","North Carolina","37067002801","Forsyth County, NC - 37067002801","2020","19.3%","",,"Distance to Parks: 1/2 Mile"
"37","North Carolina","37067002801","Forsyth County, NC - 37067002801","2020","45.1%","",,"Distance to Parks: 1 Mile"
"37","North Carolina","37067002804","Forsyth County, NC - 37067002804","2020","27.1%","",,"Distance to Parks: 1/2 Mile"
"37","North Carolina","37067002804","Forsyth County, NC - 37067002804","2020","61.6%","",,"Distance to Parks: 1 Mile"
"37","North Carolina","37067002806","Forsyth County, NC - 37067002806","2020","45.2%","",,"Distance to Parks: 1/2 Mile"
"37","North Carolina","37067002806","Forsyth County, NC - 37067002806","2020","84.9%","",,"Distance to Parks: 1 Mile"
"37","North Carolina","37067002807","Forsyth County, NC - 37067002807","2020","5.8%","",,"Distance to Parks: 1/2 Mile"
"37","North Carolina","37067002807","Forsyth County, NC - 37067002807","2020","24.1%","",,"Distance to Parks: 1 Mile"
"37","North Carolina","37067002808","Forsyth County, NC - 37067002808","2020","7.8%","",,"Distance to Parks: 1/2 Mile"
"37","North Carolina","37067002808","Forsyth County, NC - 37067002808","2020","32.6%","",,"Distance to Parks: 1 Mile"
"37","North Carolina","37067002809","Forsyth County, NC - 37067002809","2020","6.5%","",,"Distance to Parks: 1/2 Mile"
"37","North Carolina","37067002809","Forsyth County, NC - 37067002809","2020","23.8%","",,"Distance to Parks: 1 Mile"
"37","North Carolina","37067002901","Forsyth County, NC - 37067002901","2020","28.9%","",,"Distance to Parks: 1/2 Mile"
"37","North Carolina","37067002901","Forsyth County, NC - 37067002901","2020","66.4%","",,"Distance to Parks: 1 Mile"
"37","North Carolina","37067002903","Forsyth County, NC - 37067002903","2020","0.0%","",,"Distance to Parks: 1/2 Mile"
"37","North Carolina","37067002903","Forsyth County, NC - 37067002903","2020","17.1%","",,"Distance to Parks: 1 Mile"
"37","North Carolina","37067002904","Forsyth County, NC - 37067002904","2020","1.6%","",,"Distance to Parks: 1/2 Mile"
"37","North Carolina","37067002904","Forsyth County, NC - 37067002904","2020","6.2%","",,"Distance to Parks: 1 Mile"
"37","North Carolina","37067003002","Forsyth County, NC - 37067003002","2020","21.0%","",,"Distance to Parks: 1/2 Mile"
"37","North Carolina","37067003002","Forsyth County, NC - 37067003002","2020","57.0%","",,"Distance to Parks: 1 Mile"
"37","North Carolina","37067003003","Forsyth County, NC - 37067003003","2020","50.7%","",,"Distance to Parks: 1/2 Mile"
"37","North Carolina","37067003003","Forsyth County, NC - 37067003003","2020","89.9%","",,"Distance to Parks: 1 Mile"
"37","North Carolina","37067003004","Forsyth County, NC - 37067003004","2020","38.5%","",,"Distance to Parks: 1/2 Mile"
"37","North Carolina","37067003004","Forsyth County, NC - 37067003004","2020","82.0%","",,"Distance to Parks: 1 Mile"
"37","North Carolina","37067003103","Forsyth County, NC - 37067003103","2020","8.4%","",,"Distance to Parks: 1/2 Mile"
"37","North Carolina","37067003103","Forsyth County, NC - 37067003103","2020","30.6%","",,"Distance to Parks: 1 Mile"
"37","North Carolina","37067003105","Forsyth County, NC - 37067003105","2020","21.3%","",,"Distance to Parks: 1/2 Mile"
"37","North Carolina","37067003105","Forsyth County, NC - 37067003105","2020","42.9%","",,"Distance to Parks: 1 Mile"
"37","North Carolina","37067003106","Forsyth County, NC - 37067003106","2020","0.0%","",,"Distance to Parks: 1/2 Mile"
"37","North Carolina","37067003106","Forsyth County, NC - 37067003106","2020","0.0%","",,"Distance to Parks: 1 Mile"
"37","North Carolina","37067003107","Forsyth County, NC - 37067003107","2020","38.4%","",,"Distance to Parks: 1/2 Mile"
"37","North Carolina","37067003107","Forsyth County, NC - 37067003107","2020","69.8%","",,"Distance to Parks: 1 Mile"
"37","North Carolina","37067003108","Forsyth County, NC - 37067003108","2020","7.0%","",,"Distance to Parks: 1/2 Mile"
"37","North Carolina","37067003108","Forsyth County, NC - 37067003108","2020","27.9%","",,"Distance to Parks: 1 Mile"
"37","North Carolina","37067003201","Forsyth County, NC - 37067003201","2020","65.6%","",,"Distance to Parks: 1/2 Mile"
"37","North Carolina","37067003201","Forsyth County, NC - 37067003201","2020","100.0%","",,"Distance to Parks: 1 Mile"
"37","North Carolina","37067003202","Forsyth County, NC - 37067003202","2020","73.3%","",,"Distance to Parks: 1/2 Mile"
"37","North Carolina","37067003202","Forsyth County, NC - 37067003202","2020","98.1%","",,"Distance to Parks: 1 Mile"
"37","North Carolina","37067003307","Forsyth County, NC - 37067003307","2020","33.7%","",,"Distance to Parks: 1/2 Mile"
"37","North Carolina","37067003307","Forsyth County, NC - 37067003307","2020","71.1%","",,"Distance to Parks: 1 Mile"
"37","North Carolina","37067003308","Forsyth County, NC - 37067003308","2020","21.2%","",,"Distance to Parks: 1/2 Mile"
"37","North Carolina","37067003308","Forsyth County, NC - 37067003308","2020","35.8%","",,"Distance to Parks: 1 Mile"
"37","North Carolina","37067003309","Forsyth County, NC - 37067003309","2020","82.2%","",,"Distance to Parks: 1/2 Mile"
"37","North Carolina","37067003309","Forsyth County, NC - 37067003309","2020","99.5%","",,"Distance to Parks: 1 Mile"
"37","North Carolina","37067003310","Forsyth County, NC - 37067003310","2020","47.7%","",,"Distance to Parks: 1/2 Mile"
"37","North Carolina","37067003310","Forsyth County, NC - 37067003310","2020","94.0%","",,"Distance to Parks: 1 Mile"
"37","North Carolina","37067003311","Forsyth County, NC - 37067003311","2020","1.9%","",,"Distance to Parks: 1/2 Mile"
"37","North Carolina","37067003311","Forsyth County, NC - 37067003311","2020","52.4%","",,"Distance to Parks: 1 Mile"
"37","North Carolina","37067003312","Forsyth County, NC - 37067003312","2020","0.0%","",,"Distance to Parks: 1/2 Mile"
"37","North Carolina","37067003312","Forsyth County, NC - 37067003312","2020","10.6%","",,"Distance to Parks: 1 Mile"
"37","North Carolina","37067003313","Forsyth County, NC - 37067003313","2020","0.0%","",,"Distance to Parks: 1/2 Mile"
"37","North Carolina","37067003313","Forsyth County, NC - 37067003313","2020","1.3%","",,"Distance to Parks: 1 Mile"
"37","North Carolina","37067003314","Forsyth County, NC - 37067003314","2020","6.6%","",,"Distance to Parks: 1/2 Mile"
"37","North Carolina","37067003314","Forsyth County, NC - 37067003314","2020","17.6%","",,"Distance to Parks: 1 Mile"
"37","North Carolina","37067003315","Forsyth County, NC - 37067003315","2020","30.4%","",,"Distance to Parks: 1/2 Mile"
"37","North Carolina","37067003315","Forsyth County, NC - 37067003315","2020","73.9%","",,"Distance to Parks: 1 Mile"
"37","North Carolina","37067003402","Forsyth County, NC - 37067003402","2020","15.3%","",,"Distance to Parks: 1/2 Mile"
"37","North Carolina","37067003402","Forsyth County, NC - 37067003402","2020","45.2%","",,"Distance to Parks: 1 Mile"
"37","North Carolina","37067003403","Forsyth County, NC - 37067003403","2020","8.6%","",,"Distance to Parks: 1/2 Mile"
"37","North Carolina","37067003403","Forsyth County, NC - 37067003403","2020","40.9%","",,"Distance to Parks: 1 Mile"
"37","North Carolina","37067003404","Forsyth County, NC - 37067003404","2020","36.2%","",,"Distance to Parks: 1/2 Mile"
"37","North Carolina","37067003404","Forsyth County, NC - 37067003404","2020","90.1%","",,"Distance to Parks: 1 Mile"
"37","North Carolina","37067003500","Forsyth County, NC - 37067003500","2020","31.5%","",,"Distance to Parks: 1/2 Mile"
"37","North Carolina","37067003500","Forsyth County, NC - 37067003500","2020","52.3%","",,"Distance to Parks: 1 Mile"
"37","North Carolina","37067003600","Forsyth County, NC - 37067003600","2020","11.0%","",,"Distance to Parks: 1/2 Mile"
"37","North Carolina","37067003600","Forsyth County, NC - 37067003600","2020","31.8%","",,"Distance to Parks: 1 Mile"
"37","North Carolina","37067003701","Forsyth County, NC - 37067003701","2020","41.1%","",,"Distance to Parks: 1/2 Mile"
"37","North Carolina","37067003701","Forsyth County, NC - 37067003701","2020","100.0%","",,"Distance to Parks: 1 Mile"
"37","North Carolina","37067003702","Forsyth County, NC - 37067003702","2020","33.8%","",,"Distance to Parks: 1/2 Mile"
"37","North Carolina","37067003702","Forsyth County, NC - 37067003702","2020","99.1%","",,"Distance to Parks: 1 Mile"
"37","North Carolina","37067003703","Forsyth County, NC - 37067003703","2020","0.2%","",,"Distance to Parks: 1/2 Mile"
"37","North Carolina","37067003703","Forsyth County, NC - 37067003703","2020","15.8%","",,"Distance to Parks: 1 Mile"
"37","North Carolina","37067003803","Forsyth County, NC - 37067003803","2020","34.1%","",,"Distance to Parks: 1/2 Mile"
"37","North Carolina","37067003803","Forsyth County, NC - 37067003803","2020","54.1%","",,"Distance to Parks: 1 Mile"
"37","North Carolina","37067003804","Forsyth County, NC - 37067003804","2020","31.1%","",,"Distance to Parks: 1/2 Mile"
"37","North Carolina","37067003804","Forsyth County, NC - 37067003804","2020","84.3%","",,"Distance to Parks: 1 Mile"
"37","North Carolina","37067003805","Forsyth County, NC - 37067003805","2020","40.4%","",,"Distance to Parks: 1/2 Mile"
"37","North Carolina","37067003805","Forsyth County, NC - 37067003805","2020","100.0%","",,"Distance to Parks: 1 Mile"
"37","North Carolina","37067003806","Forsyth County, NC - 37067003806","2020","10.8%","",,"Distance to Parks: 1/2 Mile"
"37","North Carolina","37067003806","Forsyth County, NC - 37067003806","2020","56.3%","",,"Distance to Parks: 1 Mile"
"37","North Carolina","37067003903","Forsyth County, NC - 37067003903","2020","66.3%","",,"Distance to Parks: 1/2 Mile"
"37","North Carolina","37067003903","Forsyth County, NC - 37067003903","2020","100.0%","",,"Distance to Parks: 1 Mile"
"37","North Carolina","37067003904","Forsyth County, NC - 37067003904","2020","7.3%","",,"Distance to Parks: 1/2 Mile"
"37","North Carolina","37067003904","Forsyth County, NC - 37067003904","2020","46.6%","",,"Distance to Parks: 1 Mile"
"37","North Carolina","37067003905","Forsyth County, NC - 37067003905","2020","83.4%","",,"Distance to Parks: 1/2 Mile"
"37","North Carolina","37067003905","Forsyth County, NC - 37067003905","2020","100.0%","",,"Distance to Parks: 1 Mile"
"37","North Carolina","37067003906","Forsyth County, NC - 37067003906","2020","63.0%","",,"Distance to Parks: 1/2 Mile"
"37","North Carolina","37067003906","Forsyth County, NC - 37067003906","2020","100.0%","",,"Distance to Parks: 1 Mile"
"37","North Carolina","37067003908","Forsyth County, NC - 37067003908","2020","59.4%","",,"Distance to Parks: 1/2 Mile"
"37","North Carolina","37067003908","Forsyth County, NC - 37067003908","2020","99.6%","",,"Distance to Parks: 1 Mile"
"37","North Carolina","37067003909","Forsyth County, NC - 37067003909","2020","33.6%","",,"Distance to Parks: 1/2 Mile"
"37","North Carolina","37067003909","Forsyth County, NC - 37067003909","2020","94.0%","",,"Distance to Parks: 1 Mile"
"37","North Carolina","37067004005","Forsyth County, NC - 37067004005","2020","84.7%","",,"Distance to Parks: 1/2 Mile"
"37","North Carolina","37067004005","Forsyth County, NC - 37067004005","2020","100.0%","",,"Distance to Parks: 1 Mile"
"37","North Carolina","37067004007","Forsyth County, NC - 37067004007","2020","1.8%","",,"Distance to Parks: 1/2 Mile"
"37","North Carolina","37067004007","Forsyth County, NC - 37067004007","2020","9.4%","",,"Distance to Parks: 1 Mile"
"37","North Carolina","37067004009","Forsyth County, NC - 37067004009","2020","9.0%","",,"Distance to Parks: 1/2 Mile"
"37","North Carolina","37067004009","Forsyth County, NC - 37067004009","2020","31.4%","",,"Distance to Parks: 1 Mile"
"37","North Carolina","37067004010","Forsyth County, NC - 37067004010","2020","26.1%","",,"Distance to Parks: 1/2 Mile"
"37","North Carolina","37067004010","Forsyth County, NC - 37067004010","2020","53.1%","",,"Distance to Parks: 1 Mile"
"37","North Carolina","37067004011","Forsyth County, NC - 37067004011","2020","38.8%","",,"Distance to Parks: 1/2 Mile"
"37","North Carolina","37067004011","Forsyth County, NC - 37067004011","2020","80.1%","",,"Distance to Parks: 1 Mile"
"37","North Carolina","37067004012","Forsyth County, NC - 37067004012","2020","0.9%","",,"Distance to Parks: 1/2 Mile"
"37","North Carolina","37067004012","Forsyth County, NC - 37067004012","2020","23.2%","",,"Distance to Parks: 1 Mile"
"37","North Carolina","37067004013","Forsyth County, NC - 37067004013","2020","56.9%","",,"Distance to Parks: 1/2 Mile"
"37","North Carolina","37067004013","Forsyth County, NC - 37067004013","2020","99.2%","",,"Distance to Parks: 1 Mile"
"37","North Carolina","37067004014","Forsyth County, NC - 37067004014","2020","33.6%","",,"Distance to Parks: 1/2 Mile"
"37","North Carolina","37067004014","Forsyth County, NC - 37067004014","2020","82.7%","",,"Distance to Parks: 1 Mile"
"37","North Carolina","37067004015","Forsyth County, NC - 37067004015","2020","21.9%","",,"Distance to Parks: 1/2 Mile"
"37","North Carolina","37067004015","Forsyth County, NC - 37067004015","2020","45.6%","",,"Distance to Parks: 1 Mile"
"37","North Carolina","37067004102","Forsyth County, NC - 37067004102","2020","7.7%","",,"Distance to Parks: 1/2 Mile"
"37","North Carolina","37067004102","Forsyth County, NC - 37067004102","2020","19.3%","",,"Distance to Parks: 1 Mile"
"37","North Carolina","37067004103","Forsyth County, NC - 37067004103","2020","9.6%","",,"Distance to Parks: 1/2 Mile"
"37","North Carolina","37067004103","Forsyth County, NC - 37067004103","2020","26.7%","",,"Distance to Parks: 1 Mile"
"37","North Carolina","37067004104","Forsyth County, NC - 37067004104","2020","33.7%","",,"Distance to Parks: 1/2 Mile"
"37","North Carolina","37067004104","Forsyth County, NC - 37067004104","2020","91.9%","",,"Distance to Parks: 1 Mile"
"37","North Carolina","37069060100","Franklin County, NC - 37069060100","2020","3.1%","",,"Distance to Parks: 1/2 Mile"
"37","North Carolina","37069060100","Franklin County, NC - 37069060100","2020","6.6%","",,"Distance to Parks: 1 Mile"
"37","North Carolina","37069060200","Franklin County, NC - 37069060200","2020","11.4%","",,"Distance to Parks: 1/2 Mile"
"37","North Carolina","37069060200","Franklin County, NC - 37069060200","2020","19.8%","",,"Distance to Parks: 1 Mile"
"37","North Carolina","37069060301","Franklin County, NC - 37069060301","2020","2.5%","",,"Distance to Parks: 1/2 Mile"
"37","North Carolina","37069060301","Franklin County, NC - 37069060301","2020","6.4%","",,"Distance to Parks: 1 Mile"
"37","North Carolina","37069060302","Franklin County, NC - 37069060302","2020","5.7%","",,"Distance to Parks: 1/2 Mile"
"37","North Carolina","37069060302","Franklin County, NC - 37069060302","2020","14.4%","",,"Distance to Parks: 1 Mile"
"37","North Carolina","37069060401","Franklin County, NC - 37069060401","2020","0.0%","",,"Distance to Parks: 1/2 Mile"
"37","North Carolina","37069060401","Franklin County, NC - 37069060401","2020","0.0%","",,"Distance to Parks: 1 Mile"
"37","North Carolina","37069060403","Franklin County, NC - 37069060403","2020","0.0%","",,"Distance to Parks: 1/2 Mile"
"37","North Carolina","37069060403","Franklin County, NC - 37069060403","2020","0.0%","",,"Distance to Parks: 1 Mile"
"37","North Carolina","37069060404","Franklin County, NC - 37069060404","2020","0.0%","",,"Distance to Parks: 1/2 Mile"
"37","North Carolina","37069060404","Franklin County, NC - 37069060404","2020","0.0%","",,"Distance to Parks: 1 Mile"
"37","North Carolina","37069060501","Franklin County, NC - 37069060501","2020","8.9%","",,"Distance to Parks: 1/2 Mile"
"37","North Carolina","37069060501","Franklin County, NC - 37069060501","2020","16.8%","",,"Distance to Parks: 1 Mile"
"37","North Carolina","37069060502","Franklin County, NC - 37069060502","2020","3.6%","",,"Distance to Parks: 1/2 Mile"
"37","North Carolina","37069060502","Franklin County, NC - 37069060502","2020","12.3%","",,"Distance to Parks: 1 Mile"
"37","North Carolina","37069060601","Franklin County, NC - 37069060601","2020","0.0%","",,"Distance to Parks: 1/2 Mile"
"37","North Carolina","37069060601","Franklin County, NC - 37069060601","2020","3.5%","",,"Distance to Parks: 1 Mile"
"37","North Carolina","37069060602","Franklin County, NC - 37069060602","2020","0.0%","",,"Distance to Parks: 1/2 Mile"
"37","North Carolina","37069060602","Franklin County, NC - 37069060602","2020","0.0%","",,"Distance to Parks: 1 Mile"
"37","North Carolina","37069060701","Franklin County, NC - 37069060701","2020","0.0%","",,"Distance to Parks: 1/2 Mile"
"37","North Carolina","37069060701","Franklin County, NC - 37069060701","2020","0.0%","",,"Distance to Parks: 1 Mile"
"37","North Carolina","37069060702","Franklin County, NC - 37069060702","2020","0.0%","",,"Distance to Parks: 1/2 Mile"
"37","North Carolina","37069060702","Franklin County, NC - 37069060702","2020","0.0%","",,"Distance to Parks: 1 Mile"
"37","North Carolina","37069060703","Franklin County, NC - 37069060703","2020","0.0%","",,"Distance to Parks: 1/2 Mile"
"37","North Carolina","37069060703","Franklin County, NC - 37069060703","2020","0.0%","",,"Distance to Parks: 1 Mile"
"37","North Carolina","37069060801","Franklin County, NC - 37069060801","2020","0.0%","",,"Distance to Parks: 1/2 Mile"
"37","North Carolina","37069060801","Franklin County, NC - 37069060801","2020","0.0%","",,"Distance to Parks: 1 Mile"
"37","North Carolina","37069060802","Franklin County, NC - 37069060802","2020","0.0%","",,"Distance to Parks: 1/2 Mile"
"37","North Carolina","37069060802","Franklin County, NC - 37069060802","2020","0.2%","",,"Distance to Parks: 1 Mile"
"37","North Carolina","37071030103","Gaston County, NC - 37071030103","2020","0.3%","",,"Distance to Parks: 1/2 Mile"
"37","North Carolina","37071030103","Gaston County, NC - 37071030103","2020","5.7%","",,"Distance to Parks: 1 Mile"
"37","North Carolina","37071030104","Gaston County, NC - 37071030104","2020","10.2%","",,"Distance to Parks: 1/2 Mile"
"37","North Carolina","37071030104","Gaston County, NC - 37071030104","2020","27.8%","",,"Distance to Parks: 1 Mile"
"37","North Carolina","37071030105","Gaston County, NC - 37071030105","2020","40.9%","",,"Distance to Parks: 1/2 Mile"
"37","North Carolina","37071030105","Gaston County, NC - 37071030105","2020","95.3%","",,"Distance to Parks: 1 Mile"
"37","North Carolina","37071030106","Gaston County, NC - 37071030106","2020","49.6%","",,"Distance to Parks: 1/2 Mile"
"37","North Carolina","37071030106","Gaston County, NC - 37071030106","2020","90.5%","",,"Distance to Parks: 1 Mile"
"37","North Carolina","37071030205","Gaston County, NC - 37071030205","2020","12.1%","",,"Distance to Parks: 1/2 Mile"
"37","North Carolina","37071030205","Gaston County, NC - 37071030205","2020","26.1%","",,"Distance to Parks: 1 Mile"
"37","North Carolina","37071030206","Gaston County, NC - 37071030206","2020","0.0%","",,"Distance to Parks: 1/2 Mile"
"37","North Carolina","37071030206","Gaston County, NC - 37071030206","2020","3.5%","",,"Distance to Parks: 1 Mile"
"37","North Carolina","37071030207","Gaston County, NC - 37071030207","2020","7.4%","",,"Distance to Parks: 1/2 Mile"
"37","North Carolina","37071030207","Gaston County, NC - 37071030207","2020","24.1%","",,"Distance to Parks: 1 Mile"
"37","North Carolina","37071030208","Gaston County, NC - 37071030208","2020","0.0%","",,"Distance to Parks: 1/2 Mile"
"37","North Carolina","37071030208","Gaston County, NC - 37071030208","2020","0.0%","",,"Distance to Parks: 1 Mile"
"37","North Carolina","37071030209","Gaston County, NC - 37071030209","2020","15.4%","",,"Distance to Parks: 1/2 Mile"
"37","North Carolina","37071030209","Gaston County, NC - 37071030209","2020","31.2%","",,"Distance to Parks: 1 Mile"
"37","North Carolina","37071030301","Gaston County, NC - 37071030301","2020","6.9%","",,"Distance to Parks: 1/2 Mile"
"37","North Carolina","37071030301","Gaston County, NC - 37071030301","2020","17.1%","",,"Distance to Parks: 1 Mile"
"37","North Carolina","37071030302","Gaston County, NC - 37071030302","2020","0.0%","",,"Distance to Parks: 1/2 Mile"
"37","North Carolina","37071030302","Gaston County, NC - 37071030302","2020","4.6%","",,"Distance to Parks: 1 Mile"
"37","North Carolina","37071030401","Gaston County, NC - 37071030401","2020","0.1%","",,"Distance to Parks: 1/2 Mile"
"37","North Carolina","37071030401","Gaston County, NC - 37071030401","2020","4.3%","",,"Distance to Parks: 1 Mile"
"37","North Carolina","37071030403","Gaston County, NC - 37071030403","2020","19.9%","",,"Distance to Parks: 1/2 Mile"
"37","North Carolina","37071030403","Gaston County, NC - 37071030403","2020","48.5%","",,"Distance to Parks: 1 Mile"
"37","North Carolina","37071030404","Gaston County, NC - 37071030404","2020","51.1%","",,"Distance to Parks: 1/2 Mile"
"37","North Carolina","37071030404","Gaston County, NC - 37071030404","2020","78.3%","",,"Distance to Parks: 1 Mile"
"37","North Carolina","37071030501","Gaston County, NC - 37071030501","2020","0.1%","",,"Distance to Parks: 1/2 Mile"
"37","North Carolina","37071030501","Gaston County, NC - 37071030501","2020","1.9%","",,"Distance to Parks: 1 Mile"
"37","North Carolina","37071030503","Gaston County, NC - 37071030503","2020","10.1%","",,"Distance to Parks: 1/2 Mile"
"37","North Carolina","37071030503","Gaston County, NC - 37071030503","2020","25.8%","",,"Distance to Parks: 1 Mile"
"37","North Carolina","37071030504","Gaston County, NC - 37071030504","2020","9.3%","",,"Distance to Parks: 1/2 Mile"
"37","North Carolina","37071030504","Gaston County, NC - 37071030504","2020","38.4%","",,"Distance to Parks: 1 Mile"
"37","North Carolina","37071030601","Gaston County, NC - 37071030601","2020","17.2%","",,"Distance to Parks: 1/2 Mile"
"37","North Carolina","37071030601","Gaston County, NC - 37071030601","2020","35.2%","",,"Distance to Parks: 1 Mile"
"37","North Carolina","37071030602","Gaston County, NC - 37071030602","2020","4.5%","",,"Distance to Parks: 1/2 Mile"
"37","North Carolina","37071030602","Gaston County, NC - 37071030602","2020","19.7%","",,"Distance to Parks: 1 Mile"
"37","North Carolina","37071030700","Gaston County, NC - 37071030700","2020","42.0%","",,"Distance to Parks: 1/2 Mile"
"37","North Carolina","37071030700","Gaston County, NC - 37071030700","2020","71.2%","",,"Distance to Parks: 1 Mile"
"37","North Carolina","37071030801","Gaston County, NC - 37071030801","2020","8.8%","",,"Distance to Parks: 1/2 Mile"
"37","North Carolina","37071030801","Gaston County, NC - 37071030801","2020","25.0%","",,"Distance to Parks: 1 Mile"
"37","North Carolina","37071030802","Gaston County, NC - 37071030802","2020","23.5%","",,"Distance to Parks: 1/2 Mile"
"37","North Carolina","37071030802","Gaston County, NC - 37071030802","2020","48.4%","",,"Distance to Parks: 1 Mile"
"37","North Carolina","37071030901","Gaston County, NC - 37071030901","2020","63.3%","",,"Distance to Parks: 1/2 Mile"
"37","North Carolina","37071030901","Gaston County, NC - 37071030901","2020","99.4%","",,"Distance to Parks: 1 Mile"
"37","North Carolina","37071030902","Gaston County, NC - 37071030902","2020","33.5%","",,"Distance to Parks: 1/2 Mile"
"37","North Carolina","37071030902","Gaston County, NC - 37071030902","2020","73.5%","",,"Distance to Parks: 1 Mile"
"37","North Carolina","37071031001","Gaston County, NC - 37071031001","2020","40.3%","",,"Distance to Parks: 1/2 Mile"
"37","North Carolina","37071031001","Gaston County, NC - 37071031001","2020","80.7%","",,"Distance to Parks: 1 Mile"
"37","North Carolina","37071031004","Gaston County, NC - 37071031004","2020","26.1%","",,"Distance to Parks: 1/2 Mile"
"37","North Carolina","37071031004","Gaston County, NC - 37071031004","2020","79.0%","",,"Distance to Parks: 1 Mile"
"37","North Carolina","37071031005","Gaston County, NC - 37071031005","2020","31.0%","",,"Distance to Parks: 1/2 Mile"
"37","North Carolina","37071031005","Gaston County, NC - 37071031005","2020","80.5%","",,"Distance to Parks: 1 Mile"
"37","North Carolina","37071031006","Gaston County, NC - 37071031006","2020","39.9%","",,"Distance to Parks: 1/2 Mile"
"37","North Carolina","37071031006","Gaston County, NC - 37071031006","2020","78.9%","",,"Distance to Parks: 1 Mile"
"37","North Carolina","37071031101","Gaston County, NC - 37071031101","2020","26.3%","",,"Distance to Parks: 1/2 Mile"
"37","North Carolina","37071031101","Gaston County, NC - 37071031101","2020","44.0%","",,"Distance to Parks: 1 Mile"
"37","North Carolina","37071031102","Gaston County, NC - 37071031102","2020","86.2%","",,"Distance to Parks: 1/2 Mile"
"37","North Carolina","37071031102","Gaston County, NC - 37071031102","2020","100.0%","",,"Distance to Parks: 1 Mile"
"37","North Carolina","37071031202","Gaston County, NC - 37071031202","2020","30.0%","",,"Distance to Parks: 1/2 Mile"
"37","North Carolina","37071031202","Gaston County, NC - 37071031202","2020","86.8%","",,"Distance to Parks: 1 Mile"
"37","North Carolina","37071031203","Gaston County, NC - 37071031203","2020","81.7%","",,"Distance to Parks: 1/2 Mile"
"37","North Carolina","37071031203","Gaston County, NC - 37071031203","2020","100.0%","",,"Distance to Parks: 1 Mile"
"37","North Carolina","37071031204","Gaston County, NC - 37071031204","2020","64.2%","",,"Distance to Parks: 1/2 Mile"
"37","North Carolina","37071031204","Gaston County, NC - 37071031204","2020","100.0%","",,"Distance to Parks: 1 Mile"
"37","North Carolina","37071031301","Gaston County, NC - 37071031301","2020","66.4%","",,"Distance to Parks: 1/2 Mile"
"37","North Carolina","37071031301","Gaston County, NC - 37071031301","2020","98.8%","",,"Distance to Parks: 1 Mile"
"37","North Carolina","37071031303","Gaston County, NC - 37071031303","2020","21.7%","",,"Distance to Parks: 1/2 Mile"
"37","North Carolina","37071031303","Gaston County, NC - 37071031303","2020","94.4%","",,"Distance to Parks: 1 Mile"
"37","North Carolina","37071031304","Gaston County, NC - 37071031304","2020","93.3%","",,"Distance to Parks: 1/2 Mile"
"37","North Carolina","37071031304","Gaston County, NC - 37071031304","2020","100.0%","",,"Distance to Parks: 1 Mile"
"37","North Carolina","37071031401","Gaston County, NC - 37071031401","2020","87.6%","",,"Distance to Parks: 1/2 Mile"
"37","North Carolina","37071031401","Gaston County, NC - 37071031401","2020","100.0%","",,"Distance to Parks: 1 Mile"
"37","North Carolina","37071031402","Gaston County, NC - 37071031402","2020","23.3%","",,"Distance to Parks: 1/2 Mile"
"37","North Carolina","37071031402","Gaston County, NC - 37071031402","2020","76.0%","",,"Distance to Parks: 1 Mile"
"37","North Carolina","37071031500","Gaston County, NC - 37071031500","2020","39.7%","",,"Distance to Parks: 1/2 Mile"
"37","North Carolina","37071031500","Gaston County, NC - 37071031500","2020","75.7%","",,"Distance to Parks: 1 Mile"
"37","North Carolina","37071031600","Gaston County, NC - 37071031600","2020","25.2%","",,"Distance to Parks: 1/2 Mile"
"37","North Carolina","37071031600","Gaston County, NC - 37071031600","2020","67.1%","",,"Distance to Parks: 1 Mile"
"37","North Carolina","37071031703","Gaston County, NC - 37071031703","2020","25.7%","",,"Distance to Parks: 1/2 Mile"
"37","North Carolina","37071031703","Gaston County, NC - 37071031703","2020","71.6%","",,"Distance to Parks: 1 Mile"
"37","North Carolina","37071031704","Gaston County, NC - 37071031704","2020","59.7%","",,"Distance to Parks: 1/2 Mile"
"37","North Carolina","37071031704","Gaston County, NC - 37071031704","2020","85.7%","",,"Distance to Parks: 1 Mile"
"37","North Carolina","37071031705","Gaston County, NC - 37071031705","2020","19.9%","",,"Distance to Parks: 1/2 Mile"
"37","North Carolina","37071031705","Gaston County, NC - 37071031705","2020","32.3%","",,"Distance to Parks: 1 Mile"
"37","North Carolina","37071031706","Gaston County, NC - 37071031706","2020","65.2%","",,"Distance to Parks: 1/2 Mile"
"37","North Carolina","37071031706","Gaston County, NC - 37071031706","2020","90.2%","",,"Distance to Parks: 1 Mile"
"37","North Carolina","37071031800","Gaston County, NC - 37071031800","2020","56.7%","",,"Distance to Parks: 1/2 Mile"
"37","North Carolina","37071031800","Gaston County, NC - 37071031800","2020","89.3%","",,"Distance to Parks: 1 Mile"
"37","North Carolina","37071031901","Gaston County, NC - 37071031901","2020","99.9%","",,"Distance to Parks: 1/2 Mile"
"37","North Carolina","37071031901","Gaston County, NC - 37071031901","2020","100.0%","",,"Distance to Parks: 1 Mile"
"37","North Carolina","37071031902","Gaston County, NC - 37071031902","2020","94.9%","",,"Distance to Parks: 1/2 Mile"
"37","North Carolina","37071031902","Gaston County, NC - 37071031902","2020","100.0%","",,"Distance to Parks: 1 Mile"
"37","North Carolina","37071032000","Gaston County, NC - 37071032000","2020","94.8%","",,"Distance to Parks: 1/2 Mile"
"37","North Carolina","37071032000","Gaston County, NC - 37071032000","2020","100.0%","",,"Distance to Parks: 1 Mile"
"37","North Carolina","37071032100","Gaston County, NC - 37071032100","2020","18.0%","",,"Distance to Parks: 1/2 Mile"
"37","North Carolina","37071032100","Gaston County, NC - 37071032100","2020","85.1%","",,"Distance to Parks: 1 Mile"
"37","North Carolina","37071032201","Gaston County, NC - 37071032201","2020","40.8%","",,"Distance to Parks: 1/2 Mile"
"37","North Carolina","37071032201","Gaston County, NC - 37071032201","2020","84.9%","",,"Distance to Parks: 1 Mile"
"37","North Carolina","37071032202","Gaston County, NC - 37071032202","2020","91.0%","",,"Distance to Parks: 1/2 Mile"
"37","North Carolina","37071032202","Gaston County, NC - 37071032202","2020","100.0%","",,"Distance to Parks: 1 Mile"
"37","North Carolina","37071032301","Gaston County, NC - 37071032301","2020","55.4%","",,"Distance to Parks: 1/2 Mile"
"37","North Carolina","37071032301","Gaston County, NC - 37071032301","2020","98.9%","",,"Distance to Parks: 1 Mile"
"37","North Carolina","37071032302","Gaston County, NC - 37071032302","2020","50.7%","",,"Distance to Parks: 1/2 Mile"
"37","North Carolina","37071032302","Gaston County, NC - 37071032302","2020","98.7%","",,"Distance to Parks: 1 Mile"
"37","North Carolina","37071032403","Gaston County, NC - 37071032403","2020","18.8%","",,"Distance to Parks: 1/2 Mile"
"37","North Carolina","37071032403","Gaston County, NC - 37071032403","2020","59.7%","",,"Distance to Parks: 1 Mile"
"37","North Carolina","37071032404","Gaston County, NC - 37071032404","2020","60.4%","",,"Distance to Parks: 1/2 Mile"
"37","North Carolina","37071032404","Gaston County, NC - 37071032404","2020","95.3%","",,"Distance to Parks: 1 Mile"
"37","North Carolina","37071032405","Gaston County, NC - 37071032405","2020","0.0%","",,"Distance to Parks: 1/2 Mile"
"37","North Carolina","37071032405","Gaston County, NC - 37071032405","2020","3.0%","",,"Distance to Parks: 1 Mile"
"37","North Carolina","37071032406","Gaston County, NC - 37071032406","2020","5.6%","",,"Distance to Parks: 1/2 Mile"
"37","North Carolina","37071032406","Gaston County, NC - 37071032406","2020","20.8%","",,"Distance to Parks: 1 Mile"
"37","North Carolina","37071032505","Gaston County, NC - 37071032505","2020","77.5%","",,"Distance to Parks: 1/2 Mile"
"37","North Carolina","37071032505","Gaston County, NC - 37071032505","2020","100.0%","",,"Distance to Parks: 1 Mile"
"37","North Carolina","37071032506","Gaston County, NC - 37071032506","2020","40.9%","",,"Distance to Parks: 1/2 Mile"
"37","North Carolina","37071032506","Gaston County, NC - 37071032506","2020","84.6%","",,"Distance to Parks: 1 Mile"
"37","North Carolina","37071032507","Gaston County, NC - 37071032507","2020","15.1%","",,"Distance to Parks: 1/2 Mile"
"37","North Carolina","37071032507","Gaston County, NC - 37071032507","2020","73.0%","",,"Distance to Parks: 1 Mile"
"37","North Carolina","37071032508","Gaston County, NC - 37071032508","2020","45.4%","",,"Distance to Parks: 1/2 Mile"
"37","North Carolina","37071032508","Gaston County, NC - 37071032508","2020","84.0%","",,"Distance to Parks: 1 Mile"
"37","North Carolina","37071032509","Gaston County, NC - 37071032509","2020","54.3%","",,"Distance to Parks: 1/2 Mile"
"37","North Carolina","37071032509","Gaston County, NC - 37071032509","2020","96.5%","",,"Distance to Parks: 1 Mile"
"37","North Carolina","37071032510","Gaston County, NC - 37071032510","2020","0.0%","",,"Distance to Parks: 1/2 Mile"
"37","North Carolina","37071032510","Gaston County, NC - 37071032510","2020","5.6%","",,"Distance to Parks: 1 Mile"
"37","North Carolina","37071032600","Gaston County, NC - 37071032600","2020","61.8%","",,"Distance to Parks: 1/2 Mile"
"37","North Carolina","37071032600","Gaston County, NC - 37071032600","2020","98.5%","",,"Distance to Parks: 1 Mile"
"37","North Carolina","37071032702","Gaston County, NC - 37071032702","2020","48.8%","",,"Distance to Parks: 1/2 Mile"
"37","North Carolina","37071032702","Gaston County, NC - 37071032702","2020","100.0%","",,"Distance to Parks: 1 Mile"
"37","North Carolina","37071032703","Gaston County, NC - 37071032703","2020","54.8%","",,"Distance to Parks: 1/2 Mile"
"37","North Carolina","37071032703","Gaston County, NC - 37071032703","2020","96.8%","",,"Distance to Parks: 1 Mile"
"37","North Carolina","37071032704","Gaston County, NC - 37071032704","2020","40.0%","",,"Distance to Parks: 1/2 Mile"
"37","North Carolina","37071032704","Gaston County, NC - 37071032704","2020","100.0%","",,"Distance to Parks: 1 Mile"
"37","North Carolina","37071032801","Gaston County, NC - 37071032801","2020","97.8%","",,"Distance to Parks: 1/2 Mile"
"37","North Carolina","37071032801","Gaston County, NC - 37071032801","2020","100.0%","",,"Distance to Parks: 1 Mile"
"37","North Carolina","37071032802","Gaston County, NC - 37071032802","2020","60.8%","",,"Distance to Parks: 1/2 Mile"
"37","North Carolina","37071032802","Gaston County, NC - 37071032802","2020","100.0%","",,"Distance to Parks: 1 Mile"
"37","North Carolina","37071032900","Gaston County, NC - 37071032900","2020","91.0%","",,"Distance to Parks: 1/2 Mile"
"37","North Carolina","37071032900","Gaston County, NC - 37071032900","2020","100.0%","",,"Distance to Parks: 1 Mile"
"37","North Carolina","37071033100","Gaston County, NC - 37071033100","2020","39.6%","",,"Distance to Parks: 1/2 Mile"
"37","North Carolina","37071033100","Gaston County, NC - 37071033100","2020","99.3%","",,"Distance to Parks: 1 Mile"
"37","North Carolina","37071033202","Gaston County, NC - 37071033202","2020","46.5%","",,"Distance to Parks: 1/2 Mile"
"37","North Carolina","37071033202","Gaston County, NC - 37071033202","2020","94.5%","",,"Distance to Parks: 1 Mile"
"37","North Carolina","37071033203","Gaston County, NC - 37071033203","2020","95.0%","",,"Distance to Parks: 1/2 Mile"
"37","North Carolina","37071033203","Gaston County, NC - 37071033203","2020","100.0%","",,"Distance to Parks: 1 Mile"
"37","North Carolina","37071033204","Gaston County, NC - 37071033204","2020","64.6%","",,"Distance to Parks: 1/2 Mile"
"37","North Carolina","37071033204","Gaston County, NC - 37071033204","2020","98.9%","",,"Distance to Parks: 1 Mile"
"37","North Carolina","37071033303","Gaston County, NC - 37071033303","2020","22.6%","",,"Distance to Parks: 1/2 Mile"
"37","North Carolina","37071033303","Gaston County, NC - 37071033303","2020","66.4%","",,"Distance to Parks: 1 Mile"
"37","North Carolina","37071033306","Gaston County, NC - 37071033306","2020","4.3%","",,"Distance to Parks: 1/2 Mile"
"37","North Carolina","37071033306","Gaston County, NC - 37071033306","2020","19.0%","",,"Distance to Parks: 1 Mile"
"37","North Carolina","37071033308","Gaston County, NC - 37071033308","2020","0.0%","",,"Distance to Parks: 1/2 Mile"
"37","North Carolina","37071033308","Gaston County, NC - 37071033308","2020","0.1%","",,"Distance to Parks: 1 Mile"
"37","North Carolina","37071033309","Gaston County, NC - 37071033309","2020","2.0%","",,"Distance to Parks: 1/2 Mile"
"37","North Carolina","37071033309","Gaston County, NC - 37071033309","2020","17.1%","",,"Distance to Parks: 1 Mile"
"37","North Carolina","37071033310","Gaston County, NC - 37071033310","2020","0.0%","",,"Distance to Parks: 1/2 Mile"
"37","North Carolina","37071033310","Gaston County, NC - 37071033310","2020","1.8%","",,"Distance to Parks: 1 Mile"
"37","North Carolina","37071033311","Gaston County, NC - 37071033311","2020","22.3%","",,"Distance to Parks: 1/2 Mile"
"37","North Carolina","37071033311","Gaston County, NC - 37071033311","2020","53.7%","",,"Distance to Parks: 1 Mile"
"37","North Carolina","37071033312","Gaston County, NC - 37071033312","2020","22.1%","",,"Distance to Parks: 1/2 Mile"
"37","North Carolina","37071033312","Gaston County, NC - 37071033312","2020","65.8%","",,"Distance to Parks: 1 Mile"
"37","North Carolina","37071033313","Gaston County, NC - 37071033313","2020","38.1%","",,"Distance to Parks: 1/2 Mile"
"37","North Carolina","37071033313","Gaston County, NC - 37071033313","2020","74.2%","",,"Distance to Parks: 1 Mile"
"37","North Carolina","37071033400","Gaston County, NC - 37071033400","2020","5.6%","",,"Distance to Parks: 1/2 Mile"
"37","North Carolina","37071033400","Gaston County, NC - 37071033400","2020","14.9%","",,"Distance to Parks: 1 Mile"
"37","North Carolina","37071033501","Gaston County, NC - 37071033501","2020","19.4%","",,"Distance to Parks: 1/2 Mile"
"37","North Carolina","37071033501","Gaston County, NC - 37071033501","2020","37.2%","",,"Distance to Parks: 1 Mile"
"37","North Carolina","37071033502","Gaston County, NC - 37071033502","2020","8.1%","",,"Distance to Parks: 1/2 Mile"
"37","North Carolina","37071033502","Gaston County, NC - 37071033502","2020","39.7%","",,"Distance to Parks: 1 Mile"
"37","North Carolina","37073970100","Gates County, NC - 37073970100","2020","27.8%","",,"Distance to Parks: 1/2 Mile"
"37","North Carolina","37073970100","Gates County, NC - 37073970100","2020","38.4%","",,"Distance to Parks: 1 Mile"
"37","North Carolina","37073970200","Gates County, NC - 37073970200","2020","20.4%","",,"Distance to Parks: 1/2 Mile"
"37","North Carolina","37073970200","Gates County, NC - 37073970200","2020","28.2%","",,"Distance to Parks: 1 Mile"
"37","North Carolina","37073970300","Gates County, NC - 37073970300","2020","38.1%","",,"Distance to Parks: 1/2 Mile"
"37","North Carolina","37073970300","Gates County, NC - 37073970300","2020","46.3%","",,"Distance to Parks: 1 Mile"
"37","North Carolina","37075920100","Graham County, NC - 37075920100","2020","100.0%","",,"Distance to Parks: 1/2 Mile"
"37","North Carolina","37075920100","Graham County, NC - 37075920100","2020","100.0%","",,"Distance to Parks: 1 Mile"
"37","North Carolina","37075920200","Graham County, NC - 37075920200","2020","100.0%","",,"Distance to Parks: 1/2 Mile"
"37","North Carolina","37075920200","Graham County, NC - 37075920200","2020","100.0%","",,"Distance to Parks: 1 Mile"
"37","North Carolina","37075920300","Graham County, NC - 37075920300","2020","100.0%","",,"Distance to Parks: 1/2 Mile"
"37","North Carolina","37075920300","Graham County, NC - 37075920300","2020","100.0%","",,"Distance to Parks: 1 Mile"
"37","North Carolina","37077970101","Granville County, NC - 37077970101","2020","7.8%","",,"Distance to Parks: 1/2 Mile"
"37","North Carolina","37077970101","Granville County, NC - 37077970101","2020","13.4%","",,"Distance to Parks: 1 Mile"
"37","North Carolina","37077970102","Granville County, NC - 37077970102","2020","0.0%","",,"Distance to Parks: 1/2 Mile"
"37","North Carolina","37077970102","Granville County, NC - 37077970102","2020","0.0%","",,"Distance to Parks: 1 Mile"
"37","North Carolina","37077970200","Granville County, NC - 37077970200","2020","4.9%","",,"Distance to Parks: 1/2 Mile"
"37","North Carolina","37077970200","Granville County, NC - 37077970200","2020","14.8%","",,"Distance to Parks: 1 Mile"
"37","North Carolina","37077970300","Granville County, NC - 37077970300","2020","7.7%","",,"Distance to Parks: 1/2 Mile"
"37","North Carolina","37077970300","Granville County, NC - 37077970300","2020","25.1%","",,"Distance to Parks: 1 Mile"
"37","North Carolina","37077970400","Granville County, NC - 37077970400","2020","36.6%","",,"Distance to Parks: 1/2 Mile"
"37","North Carolina","37077970400","Granville County, NC - 37077970400","2020","72.3%","",,"Distance to Parks: 1 Mile"
"37","North Carolina","37077970500","Granville County, NC - 37077970500","2020","1.2%","",,"Distance to Parks: 1/2 Mile"
"37","North Carolina","37077970500","Granville County, NC - 37077970500","2020","5.1%","",,"Distance to Parks: 1 Mile"
"37","North Carolina","37077970601","Granville County, NC - 37077970601","2020","1.1%","",,"Distance to Parks: 1/2 Mile"
"37","North Carolina","37077970601","Granville County, NC - 37077970601","2020","3.3%","",,"Distance to Parks: 1 Mile"
"37","North Carolina","37077970604","Granville County, NC - 37077970604","2020","1.8%","",,"Distance to Parks: 1/2 Mile"
"37","North Carolina","37077970604","Granville County, NC - 37077970604","2020","5.8%","",,"Distance to Parks: 1 Mile"
"37","North Carolina","37077970605","Granville County, NC - 37077970605","2020","0.1%","",,"Distance to Parks: 1/2 Mile"
"37","North Carolina","37077970605","Granville County, NC - 37077970605","2020","4.2%","",,"Distance to Parks: 1 Mile"
"37","North Carolina","37077970606","Granville County, NC - 37077970606","2020","16.5%","",,"Distance to Parks: 1/2 Mile"
"37","North Carolina","37077970606","Granville County, NC - 37077970606","2020","47.0%","",,"Distance to Parks: 1 Mile"
"37","North Carolina","37077970607","Granville County, NC - 37077970607","2020","15.2%","",,"Distance to Parks: 1/2 Mile"
"37","North Carolina","37077970607","Granville County, NC - 37077970607","2020","41.8%","",,"Distance to Parks: 1 Mile"
"37","North Carolina","37077970701","Granville County, NC - 37077970701","2020","9.1%","",,"Distance to Parks: 1/2 Mile"
"37","North Carolina","37077970701","Granville County, NC - 37077970701","2020","14.1%","",,"Distance to Parks: 1 Mile"
"37","North Carolina","37077970702","Granville County, NC - 37077970702","2020","12.9%","",,"Distance to Parks: 1/2 Mile"
"37","North Carolina","37077970702","Granville County, NC - 37077970702","2020","52.7%","",,"Distance to Parks: 1 Mile"
"37","North Carolina","37077970703","Granville County, NC - 37077970703","2020","51.1%","",,"Distance to Parks: 1/2 Mile"
"37","North Carolina","37077970703","Granville County, NC - 37077970703","2020","91.8%","",,"Distance to Parks: 1 Mile"
"37","North Carolina","37077970704","Granville County, NC - 37077970704","2020","99.8%","",,"Distance to Parks: 1/2 Mile"
"37","North Carolina","37077970704","Granville County, NC - 37077970704","2020","100.0%","",,"Distance to Parks: 1 Mile"
"37","North Carolina","37079950101","Greene County, NC - 37079950101","2020","0.0%","",,"Distance to Parks: 1/2 Mile"
"37","North Carolina","37079950101","Greene County, NC - 37079950101","2020","0.0%","",,"Distance to Parks: 1 Mile"
"37","North Carolina","37079950102","Greene County, NC - 37079950102","2020","0.0%","",,"Distance to Parks: 1/2 Mile"
"37","North Carolina","37079950102","Greene County, NC - 37079950102","2020","0.0%","",,"Distance to Parks: 1 Mile"
"37","North Carolina","37079950200","Greene County, NC - 37079950200","2020","0.0%","",,"Distance to Parks: 1/2 Mile"
"37","North Carolina","37079950200","Greene County, NC - 37079950200","2020","0.0%","",,"Distance to Parks: 1 Mile"
"37","North Carolina","37079950301","Greene County, NC - 37079950301","2020","0.0%","",,"Distance to Parks: 1/2 Mile"
"37","North Carolina","37079950301","Greene County, NC - 37079950301","2020","0.0%","",,"Distance to Parks: 1 Mile"
"37","North Carolina","37079950302","Greene County, NC - 37079950302","2020","0.0%","",,"Distance to Parks: 1/2 Mile"
"37","North Carolina","37079950302","Greene County, NC - 37079950302","2020","0.0%","",,"Distance to Parks: 1 Mile"
"37","North Carolina","37081010100","Guilford County, NC - 37081010100","2020","100.0%","",,"Distance to Parks: 1/2 Mile"
"37","North Carolina","37081010100","Guilford County, NC - 37081010100","2020","100.0%","",,"Distance to Parks: 1 Mile"
"37","North Carolina","37081010200","Guilford County, NC - 37081010200","2020","100.0%","",,"Distance to Parks: 1/2 Mile"
"37","North Carolina","37081010200","Guilford County, NC - 37081010200","2020","100.0%","",,"Distance to Parks: 1 Mile"
"37","North Carolina","37081010300","Guilford County, NC - 37081010300","2020","100.0%","",,"Distance to Parks: 1/2 Mile"
"37","North Carolina","37081010300","Guilford County, NC - 37081010300","2020","100.0%","",,"Distance to Parks: 1 Mile"
"37","North Carolina","37081010401","Guilford County, NC - 37081010401","2020","100.0%","",,"Distance to Parks: 1/2 Mile"
"37","North Carolina","37081010401","Guilford County, NC - 37081010401","2020","100.0%","",,"Distance to Parks: 1 Mile"
"37","North Carolina","37081010403","Guilford County, NC - 37081010403","2020","100.0%","",,"Distance to Parks: 1/2 Mile"
"37","North Carolina","37081010403","Guilford County, NC - 37081010403","2020","100.0%","",,"Distance to Parks: 1 Mile"
"37","North Carolina","37081010404","Guilford County, NC - 37081010404","2020","100.0%","",,"Distance to Parks: 1/2 Mile"
"37","North Carolina","37081010404","Guilford County, NC - 37081010404","2020","100.0%","",,"Distance to Parks: 1 Mile"
"37","North Carolina","37081010500","Guilford County, NC - 37081010500","2020","100.0%","",,"Distance to Parks: 1/2 Mile"
"37","North Carolina","37081010500","Guilford County, NC - 37081010500","2020","100.0%","",,"Distance to Parks: 1 Mile"
"37","North Carolina","37081010601","Guilford County, NC - 37081010601","2020","100.0%","",,"Distance to Parks: 1/2 Mile"
"37","North Carolina","37081010601","Guilford County, NC - 37081010601","2020","100.0%","",,"Distance to Parks: 1 Mile"
"37","North Carolina","37081010602","Guilford County, NC - 37081010602","2020","100.0%","",,"Distance to Parks: 1/2 Mile"
"37","North Carolina","37081010602","Guilford County, NC - 37081010602","2020","100.0%","",,"Distance to Parks: 1 Mile"
"37","North Carolina","37081010701","Guilford County, NC - 37081010701","2020","100.0%","",,"Distance to Parks: 1/2 Mile"
"37","North Carolina","37081010701","Guilford County, NC - 37081010701","2020","100.0%","",,"Distance to Parks: 1 Mile"
"37","North Carolina","37081010702","Guilford County, NC - 37081010702","2020","100.0%","",,"Distance to Parks: 1/2 Mile"
"37","North Carolina","37081010702","Guilford County, NC - 37081010702","2020","100.0%","",,"Distance to Parks: 1 Mile"
"37","North Carolina","37081010800","Guilford County, NC - 37081010800","2020","100.0%","",,"Distance to Parks: 1/2 Mile"
"37","North Carolina","37081010800","Guilford County, NC - 37081010800","2020","100.0%","",,"Distance to Parks: 1 Mile"
"37","North Carolina","37081010900","Guilford County, NC - 37081010900","2020","100.0%","",,"Distance to Parks: 1/2 Mile"
"37","North Carolina","37081010900","Guilford County, NC - 37081010900","2020","100.0%","",,"Distance to Parks: 1 Mile"
"37","North Carolina","37081011000","Guilford County, NC - 37081011000","2020","100.0%","",,"Distance to Parks: 1/2 Mile"
"37","North Carolina","37081011000","Guilford County, NC - 37081011000","2020","100.0%","",,"Distance to Parks: 1 Mile"
"37","North Carolina","37081011101","Guilford County, NC - 37081011101","2020","100.0%","",,"Distance to Parks: 1/2 Mile"
"37","North Carolina","37081011101","Guilford County, NC - 37081011101","2020","100.0%","",,"Distance to Parks: 1 Mile"
"37","North Carolina","37081011102","Guilford County, NC - 37081011102","2020","100.0%","",,"Distance to Parks: 1/2 Mile"
"37","North Carolina","37081011102","Guilford County, NC - 37081011102","2020","100.0%","",,"Distance to Parks: 1 Mile"
"37","North Carolina","37081011201","Guilford County, NC - 37081011201","2020","100.0%","",,"Distance to Parks: 1/2 Mile"
"37","North Carolina","37081011201","Guilford County, NC - 37081011201","2020","100.0%","",,"Distance to Parks: 1 Mile"
"37","North Carolina","37081011202","Guilford County, NC - 37081011202","2020","100.0%","",,"Distance to Parks: 1/2 Mile"
"37","North Carolina","37081011202","Guilford County, NC - 37081011202","2020","100.0%","",,"Distance to Parks: 1 Mile"
"37","North Carolina","37081011300","Guilford County, NC - 37081011300","2020","100.0%","",,"Distance to Parks: 1/2 Mile"
"37","North Carolina","37081011300","Guilford County, NC - 37081011300","2020","100.0%","",,"Distance to Parks: 1 Mile"
"37","North Carolina","37081011400","Guilford County, NC - 37081011400","2020","100.0%","",,"Distance to Parks: 1/2 Mile"
"37","North Carolina","37081011400","Guilford County, NC - 37081011400","2020","100.0%","",,"Distance to Parks: 1 Mile"
"37","North Carolina","37081011500","Guilford County, NC - 37081011500","2020","100.0%","",,"Distance to Parks: 1/2 Mile"
"37","North Carolina","37081011500","Guilford County, NC - 37081011500","2020","100.0%","",,"Distance to Parks: 1 Mile"
"37","North Carolina","37081011601","Guilford County, NC - 37081011601","2020","100.0%","",,"Distance to Parks: 1/2 Mile"
"37","North Carolina","37081011601","Guilford County, NC - 37081011601","2020","100.0%","",,"Distance to Parks: 1 Mile"
"37","North Carolina","37081011602","Guilford County, NC - 37081011602","2020","100.0%","",,"Distance to Parks: 1/2 Mile"
"37","North Carolina","37081011602","Guilford County, NC - 37081011602","2020","100.0%","",,"Distance to Parks: 1 Mile"
"37","North Carolina","37081011904","Guilford County, NC - 37081011904","2020","99.8%","",,"Distance to Parks: 1/2 Mile"
"37","North Carolina","37081011904","Guilford County, NC - 37081011904","2020","100.0%","",,"Distance to Parks: 1 Mile"
"37","North Carolina","37081011905","Guilford County, NC - 37081011905","2020","98.8%","",,"Distance to Parks: 1/2 Mile"
"37","North Carolina","37081011905","Guilford County, NC - 37081011905","2020","100.0%","",,"Distance to Parks: 1 Mile"
"37","North Carolina","37081012503","Guilford County, NC - 37081012503","2020","100.0%","",,"Distance to Parks: 1/2 Mile"
"37","North Carolina","37081012503","Guilford County, NC - 37081012503","2020","100.0%","",,"Distance to Parks: 1 Mile"
"37","North Carolina","37081012504","Guilford County, NC - 37081012504","2020","99.4%","",,"Distance to Parks: 1/2 Mile"
"37","North Carolina","37081012504","Guilford County, NC - 37081012504","2020","100.0%","",,"Distance to Parks: 1 Mile"
"37","North Carolina","37081012505","Guilford County, NC - 37081012505","2020","100.0%","",,"Distance to Parks: 1/2 Mile"
"37","North Carolina","37081012505","Guilford County, NC - 37081012505","2020","100.0%","",,"Distance to Parks: 1 Mile"
"37","North Carolina","37081012508","Guilford County, NC - 37081012508","2020","100.0%","",,"Distance to Parks: 1/2 Mile"
"37","North Carolina","37081012508","Guilford County, NC - 37081012508","2020","100.0%","",,"Distance to Parks: 1 Mile"
"37","North Carolina","37081012509","Guilford County, NC - 37081012509","2020","100.0%","",,"Distance to Parks: 1/2 Mile"
"37","North Carolina","37081012509","Guilford County, NC - 37081012509","2020","100.0%","",,"Distance to Parks: 1 Mile"
"37","North Carolina","37081012510","Guilford County, NC - 37081012510","2020","100.0%","",,"Distance to Parks: 1/2 Mile"
"37","North Carolina","37081012510","Guilford County, NC - 37081012510","2020","100.0%","",,"Distance to Parks: 1 Mile"
"37","North Carolina","37081012511","Guilford County, NC - 37081012511","2020","100.0%","",,"Distance to Parks: 1/2 Mile"
"37","North Carolina","37081012511","Guilford County, NC - 37081012511","2020","100.0%","",,"Distance to Parks: 1 Mile"
"37","North Carolina","37081012604","Guilford County, NC - 37081012604","2020","100.0%","",,"Distance to Parks: 1/2 Mile"
"37","North Carolina","37081012604","Guilford County, NC - 37081012604","2020","100.0%","",,"Distance to Parks: 1 Mile"
"37","North Carolina","37081012607","Guilford County, NC - 37081012607","2020","96.5%","",,"Distance to Parks: 1/2 Mile"
"37","North Carolina","37081012607","Guilford County, NC - 37081012607","2020","100.0%","",,"Distance to Parks: 1 Mile"
"37","North Carolina","37081012608","Guilford County, NC - 37081012608","2020","100.0%","",,"Distance to Parks: 1/2 Mile"
"37","North Carolina","37081012608","Guilford County, NC - 37081012608","2020","100.0%","",,"Distance to Parks: 1 Mile"
"37","North Carolina","37081012610","Guilford County, NC - 37081012610","2020","100.0%","",,"Distance to Parks: 1/2 Mile"
"37","North Carolina","37081012610","Guilford County, NC - 37081012610","2020","100.0%","",,"Distance to Parks: 1 Mile"
"37","North Carolina","37081012611","Guilford County, NC - 37081012611","2020","100.0%","",,"Distance to Parks: 1/2 Mile"
"37","North Carolina","37081012611","Guilford County, NC - 37081012611","2020","100.0%","",,"Distance to Parks: 1 Mile"
"37","North Carolina","37081012612","Guilford County, NC - 37081012612","2020","100.0%","",,"Distance to Parks: 1/2 Mile"
"37","North Carolina","37081012612","Guilford County, NC - 37081012612","2020","100.0%","",,"Distance to Parks: 1 Mile"
"37","North Carolina","37081012617","Guilford County, NC - 37081012617","2020","100.0%","",,"Distance to Parks: 1/2 Mile"
"37","North Carolina","37081012617","Guilford County, NC - 37081012617","2020","100.0%","",,"Distance to Parks: 1 Mile"
"37","North Carolina","37081012618","Guilford County, NC - 37081012618","2020","100.0%","",,"Distance to Parks: 1/2 Mile"
"37","North Carolina","37081012618","Guilford County, NC - 37081012618","2020","100.0%","",,"Distance to Parks: 1 Mile"
"37","North Carolina","37081012619","Guilford County, NC - 37081012619","2020","96.5%","",,"Distance to Parks: 1/2 Mile"
"37","North Carolina","37081012619","Guilford County, NC - 37081012619","2020","100.0%","",,"Distance to Parks: 1 Mile"
"37","North Carolina","37081012620","Guilford County, NC - 37081012620","2020","100.0%","",,"Distance to Parks: 1/2 Mile"
"37","North Carolina","37081012620","Guilford County, NC - 37081012620","2020","100.0%","",,"Distance to Parks: 1 Mile"
"37","North Carolina","37081012621","Guilford County, NC - 37081012621","2020","99.8%","",,"Distance to Parks: 1/2 Mile"
"37","North Carolina","37081012621","Guilford County, NC - 37081012621","2020","100.0%","",,"Distance to Parks: 1 Mile"
"37","North Carolina","37081012703","Guilford County, NC - 37081012703","2020","94.6%","",,"Distance to Parks: 1/2 Mile"
"37","North Carolina","37081012703","Guilford County, NC - 37081012703","2020","100.0%","",,"Distance to Parks: 1 Mile"
"37","North Carolina","37081012704","Guilford County, NC - 37081012704","2020","99.2%","",,"Distance to Parks: 1/2 Mile"
"37","North Carolina","37081012704","Guilford County, NC - 37081012704","2020","100.0%","",,"Distance to Parks: 1 Mile"
"37","North Carolina","37081012705","Guilford County, NC - 37081012705","2020","100.0%","",,"Distance to Parks: 1/2 Mile"
"37","North Carolina","37081012705","Guilford County, NC - 37081012705","2020","100.0%","",,"Distance to Parks: 1 Mile"
"37","North Carolina","37081012706","Guilford County, NC - 37081012706","2020","100.0%","",,"Distance to Parks: 1/2 Mile"
"37","North Carolina","37081012706","Guilford County, NC - 37081012706","2020","100.0%","",,"Distance to Parks: 1 Mile"
"37","North Carolina","37081012707","Guilford County, NC - 37081012707","2020","99.9%","",,"Distance to Parks: 1/2 Mile"
"37","North Carolina","37081012707","Guilford County, NC - 37081012707","2020","100.0%","",,"Distance to Parks: 1 Mile"
"37","North Carolina","37081012803","Guilford County, NC - 37081012803","2020","58.2%","",,"Distance to Parks: 1/2 Mile"
"37","North Carolina","37081012803","Guilford County, NC - 37081012803","2020","91.7%","",,"Distance to Parks: 1 Mile"
"37","North Carolina","37081012804","Guilford County, NC - 37081012804","2020","99.7%","",,"Distance to Parks: 1/2 Mile"
"37","North Carolina","37081012804","Guilford County, NC - 37081012804","2020","100.0%","",,"Distance to Parks: 1 Mile"
"37","North Carolina","37081012805","Guilford County, NC - 37081012805","2020","98.8%","",,"Distance to Parks: 1/2 Mile"
"37","North Carolina","37081012805","Guilford County, NC - 37081012805","2020","100.0%","",,"Distance to Parks: 1 Mile"
"37","North Carolina","37081013601","Guilford County, NC - 37081013601","2020","100.0%","",,"Distance to Parks: 1/2 Mile"
"37","North Carolina","37081013601","Guilford County, NC - 37081013601","2020","100.0%","",,"Distance to Parks: 1 Mile"
"37","North Carolina","37081013602","Guilford County, NC - 37081013602","2020","95.5%","",,"Distance to Parks: 1/2 Mile"
"37","North Carolina","37081013602","Guilford County, NC - 37081013602","2020","100.0%","",,"Distance to Parks: 1 Mile"
"37","North Carolina","37081013700","Guilford County, NC - 37081013700","2020","84.3%","",,"Distance to Parks: 1/2 Mile"
"37","North Carolina","37081013700","Guilford County, NC - 37081013700","2020","100.0%","",,"Distance to Parks: 1 Mile"
"37","North Carolina","37081013800","Guilford County, NC - 37081013800","2020","99.2%","",,"Distance to Parks: 1/2 Mile"
"37","North Carolina","37081013800","Guilford County, NC - 37081013800","2020","100.0%","",,"Distance to Parks: 1 Mile"
"37","North Carolina","37081013900","Guilford County, NC - 37081013900","2020","99.0%","",,"Distance to Parks: 1/2 Mile"
"37","North Carolina","37081013900","Guilford County, NC - 37081013900","2020","100.0%","",,"Distance to Parks: 1 Mile"
"37","North Carolina","37081014000","Guilford County, NC - 37081014000","2020","78.6%","",,"Distance to Parks: 1/2 Mile"
"37","North Carolina","37081014000","Guilford County, NC - 37081014000","2020","100.0%","",,"Distance to Parks: 1 Mile"
"37","North Carolina","37081014200","Guilford County, NC - 37081014200","2020","100.0%","",,"Distance to Parks: 1/2 Mile"
"37","North Carolina","37081014200","Guilford County, NC - 37081014200","2020","100.0%","",,"Distance to Parks: 1 Mile"
"37","North Carolina","37081014300","Guilford County, NC - 37081014300","2020","98.6%","",,"Distance to Parks: 1/2 Mile"
"37","North Carolina","37081014300","Guilford County, NC - 37081014300","2020","100.0%","",,"Distance to Parks: 1 Mile"
"37","North Carolina","37081014406","Guilford County, NC - 37081014406","2020","96.3%","",,"Distance to Parks: 1/2 Mile"
"37","North Carolina","37081014406","Guilford County, NC - 37081014406","2020","100.0%","",,"Distance to Parks: 1 Mile"
"37","North Carolina","37081014407","Guilford County, NC - 37081014407","2020","46.8%","",,"Distance to Parks: 1/2 Mile"
"37","North Carolina","37081014407","Guilford County, NC - 37081014407","2020","94.3%","",,"Distance to Parks: 1 Mile"
"37","North Carolina","37081014408","Guilford County, NC - 37081014408","2020","3.7%","",,"Distance to Parks: 1/2 Mile"
"37","North Carolina","37081014408","Guilford County, NC - 37081014408","2020","39.1%","",,"Distance to Parks: 1 Mile"
"37","North Carolina","37081014409","Guilford County, NC - 37081014409","2020","100.0%","",,"Distance to Parks: 1/2 Mile"
"37","North Carolina","37081014409","Guilford County, NC - 37081014409","2020","100.0%","",,"Distance to Parks: 1 Mile"
"37","North Carolina","37081014410","Guilford County, NC - 37081014410","2020","60.5%","",,"Distance to Parks: 1/2 Mile"
"37","North Carolina","37081014410","Guilford County, NC - 37081014410","2020","100.0%","",,"Distance to Parks: 1 Mile"
"37","North Carolina","37081014411","Guilford County, NC - 37081014411","2020","75.2%","",,"Distance to Parks: 1/2 Mile"
"37","North Carolina","37081014411","Guilford County, NC - 37081014411","2020","100.0%","",,"Distance to Parks: 1 Mile"
"37","North Carolina","37081014412","Guilford County, NC - 37081014412","2020","88.3%","",,"Distance to Parks: 1/2 Mile"
"37","North Carolina","37081014412","Guilford County, NC - 37081014412","2020","100.0%","",,"Distance to Parks: 1 Mile"
"37","North Carolina","37081014501","Guilford County, NC - 37081014501","2020","16.1%","",,"Distance to Parks: 1/2 Mile"
"37","North Carolina","37081014501","Guilford County, NC - 37081014501","2020","68.8%","",,"Distance to Parks: 1 Mile"
"37","North Carolina","37081014502","Guilford County, NC - 37081014502","2020","62.7%","",,"Distance to Parks: 1/2 Mile"
"37","North Carolina","37081014502","Guilford County, NC - 37081014502","2020","98.4%","",,"Distance to Parks: 1 Mile"
"37","North Carolina","37081014503","Guilford County, NC - 37081014503","2020","38.6%","",,"Distance to Parks: 1/2 Mile"
"37","North Carolina","37081014503","Guilford County, NC - 37081014503","2020","88.7%","",,"Distance to Parks: 1 Mile"
"37","North Carolina","37081015100","Guilford County, NC - 37081015100","2020","10.3%","",,"Distance to Parks: 1/2 Mile"
"37","North Carolina","37081015100","Guilford County, NC - 37081015100","2020","19.8%","",,"Distance to Parks: 1 Mile"
"37","North Carolina","37081015201","Guilford County, NC - 37081015201","2020","33.6%","",,"Distance to Parks: 1/2 Mile"
"37","North Carolina","37081015201","Guilford County, NC - 37081015201","2020","61.5%","",,"Distance to Parks: 1 Mile"
"37","North Carolina","37081015202","Guilford County, NC - 37081015202","2020","49.3%","",,"Distance to Parks: 1/2 Mile"
"37","North Carolina","37081015202","Guilford County, NC - 37081015202","2020","80.9%","",,"Distance to Parks: 1 Mile"
"37","North Carolina","37081015301","Guilford County, NC - 37081015301","2020","8.6%","",,"Distance to Parks: 1/2 Mile"
"37","North Carolina","37081015301","Guilford County, NC - 37081015301","2020","16.4%","",,"Distance to Parks: 1 Mile"
"37","North Carolina","37081015302","Guilford County, NC - 37081015302","2020","46.4%","",,"Distance to Parks: 1/2 Mile"
"37","North Carolina","37081015302","Guilford County, NC - 37081015302","2020","93.8%","",,"Distance to Parks: 1 Mile"
"37","North Carolina","37081015401","Guilford County, NC - 37081015401","2020","43.8%","",,"Distance to Parks: 1/2 Mile"
"37","North Carolina","37081015401","Guilford County, NC - 37081015401","2020","70.9%","",,"Distance to Parks: 1 Mile"
"37","North Carolina","37081015402","Guilford County, NC - 37081015402","2020","43.5%","",,"Distance to Parks: 1/2 Mile"
"37","North Carolina","37081015402","Guilford County, NC - 37081015402","2020","67.9%","",,"Distance to Parks: 1 Mile"
"37","North Carolina","37081015500","Guilford County, NC - 37081015500","2020","83.5%","",,"Distance to Parks: 1/2 Mile"
"37","North Carolina","37081015500","Guilford County, NC - 37081015500","2020","99.6%","",,"Distance to Parks: 1 Mile"
"37","North Carolina","37081015601","Guilford County, NC - 37081015601","2020","60.7%","",,"Distance to Parks: 1/2 Mile"
"37","North Carolina","37081015601","Guilford County, NC - 37081015601","2020","93.4%","",,"Distance to Parks: 1 Mile"
"37","North Carolina","37081015602","Guilford County, NC - 37081015602","2020","50.7%","",,"Distance to Parks: 1/2 Mile"
"37","North Carolina","37081015602","Guilford County, NC - 37081015602","2020","75.1%","",,"Distance to Parks: 1 Mile"
"37","North Carolina","37081015703","Guilford County, NC - 37081015703","2020","99.0%","",,"Distance to Parks: 1/2 Mile"
"37","North Carolina","37081015703","Guilford County, NC - 37081015703","2020","100.0%","",,"Distance to Parks: 1 Mile"
"37","North Carolina","37081015704","Guilford County, NC - 37081015704","2020","99.5%","",,"Distance to Parks: 1/2 Mile"
"37","North Carolina","37081015704","Guilford County, NC - 37081015704","2020","100.0%","",,"Distance to Parks: 1 Mile"
"37","North Carolina","37081015705","Guilford County, NC - 37081015705","2020","100.0%","",,"Distance to Parks: 1/2 Mile"
"37","North Carolina","37081015705","Guilford County, NC - 37081015705","2020","100.0%","",,"Distance to Parks: 1 Mile"
"37","North Carolina","37081015706","Guilford County, NC - 37081015706","2020","94.2%","",,"Distance to Parks: 1/2 Mile"
"37","North Carolina","37081015706","Guilford County, NC - 37081015706","2020","100.0%","",,"Distance to Parks: 1 Mile"
"37","North Carolina","37081015707","Guilford County, NC - 37081015707","2020","99.5%","",,"Distance to Parks: 1/2 Mile"
"37","North Carolina","37081015707","Guilford County, NC - 37081015707","2020","100.0%","",,"Distance to Parks: 1 Mile"
"37","North Carolina","37081015800","Guilford County, NC - 37081015800","2020","35.0%","",,"Distance to Parks: 1/2 Mile"
"37","North Carolina","37081015800","Guilford County, NC - 37081015800","2020","63.8%","",,"Distance to Parks: 1 Mile"
"37","North Carolina","37081015901","Guilford County, NC - 37081015901","2020","12.0%","",,"Distance to Parks: 1/2 Mile"
"37","North Carolina","37081015901","Guilford County, NC - 37081015901","2020","34.0%","",,"Distance to Parks: 1 Mile"
"37","North Carolina","37081015902","Guilford County, NC - 37081015902","2020","45.2%","",,"Distance to Parks: 1/2 Mile"
"37","North Carolina","37081015902","Guilford County, NC - 37081015902","2020","83.5%","",,"Distance to Parks: 1 Mile"
"37","North Carolina","37081016003","Guilford County, NC - 37081016003","2020","31.8%","",,"Distance to Parks: 1/2 Mile"
"37","North Carolina","37081016003","Guilford County, NC - 37081016003","2020","84.5%","",,"Distance to Parks: 1 Mile"
"37","North Carolina","37081016005","Guilford County, NC - 37081016005","2020","97.1%","",,"Distance to Parks: 1/2 Mile"
"37","North Carolina","37081016005","Guilford County, NC - 37081016005","2020","100.0%","",,"Distance to Parks: 1 Mile"
"37","North Carolina","37081016006","Guilford County, NC - 37081016006","2020","92.1%","",,"Distance to Parks: 1/2 Mile"
"37","North Carolina","37081016006","Guilford County, NC - 37081016006","2020","100.0%","",,"Distance to Parks: 1 Mile"
"37","North Carolina","37081016007","Guilford County, NC - 37081016007","2020","99.9%","",,"Distance to Parks: 1/2 Mile"
"37","North Carolina","37081016007","Guilford County, NC - 37081016007","2020","100.0%","",,"Distance to Parks: 1 Mile"
"37","North Carolina","37081016008","Guilford County, NC - 37081016008","2020","64.3%","",,"Distance to Parks: 1/2 Mile"
"37","North Carolina","37081016008","Guilford County, NC - 37081016008","2020","81.2%","",,"Distance to Parks: 1 Mile"
"37","North Carolina","37081016009","Guilford County, NC - 37081016009","2020","86.3%","",,"Distance to Parks: 1/2 Mile"
"37","North Carolina","37081016009","Guilford County, NC - 37081016009","2020","100.0%","",,"Distance to Parks: 1 Mile"
"37","North Carolina","37081016010","Guilford County, NC - 37081016010","2020","96.6%","",,"Distance to Parks: 1/2 Mile"
"37","North Carolina","37081016010","Guilford County, NC - 37081016010","2020","100.0%","",,"Distance to Parks: 1 Mile"
"37","North Carolina","37081016011","Guilford County, NC - 37081016011","2020","50.8%","",,"Distance to Parks: 1/2 Mile"
"37","North Carolina","37081016011","Guilford County, NC - 37081016011","2020","88.8%","",,"Distance to Parks: 1 Mile"
"37","North Carolina","37081016101","Guilford County, NC - 37081016101","2020","96.5%","",,"Distance to Parks: 1/2 Mile"
"37","North Carolina","37081016101","Guilford County, NC - 37081016101","2020","100.0%","",,"Distance to Parks: 1 Mile"
"37","North Carolina","37081016102","Guilford County, NC - 37081016102","2020","88.6%","",,"Distance to Parks: 1/2 Mile"
"37","North Carolina","37081016102","Guilford County, NC - 37081016102","2020","100.0%","",,"Distance to Parks: 1 Mile"
"37","North Carolina","37081016103","Guilford County, NC - 37081016103","2020","100.0%","",,"Distance to Parks: 1/2 Mile"
"37","North Carolina","37081016103","Guilford County, NC - 37081016103","2020","100.0%","",,"Distance to Parks: 1 Mile"
"37","North Carolina","37081016201","Guilford County, NC - 37081016201","2020","46.5%","",,"Distance to Parks: 1/2 Mile"
"37","North Carolina","37081016201","Guilford County, NC - 37081016201","2020","79.9%","",,"Distance to Parks: 1 Mile"
"37","North Carolina","37081016203","Guilford County, NC - 37081016203","2020","32.7%","",,"Distance to Parks: 1/2 Mile"
"37","North Carolina","37081016203","Guilford County, NC - 37081016203","2020","72.7%","",,"Distance to Parks: 1 Mile"
"37","North Carolina","37081016204","Guilford County, NC - 37081016204","2020","23.3%","",,"Distance to Parks: 1/2 Mile"
"37","North Carolina","37081016204","Guilford County, NC - 37081016204","2020","70.6%","",,"Distance to Parks: 1 Mile"
"37","North Carolina","37081016205","Guilford County, NC - 37081016205","2020","39.6%","",,"Distance to Parks: 1/2 Mile"
"37","North Carolina","37081016205","Guilford County, NC - 37081016205","2020","97.3%","",,"Distance to Parks: 1 Mile"
"37","North Carolina","37081016303","Guilford County, NC - 37081016303","2020","34.6%","",,"Distance to Parks: 1/2 Mile"
"37","North Carolina","37081016303","Guilford County, NC - 37081016303","2020","78.0%","",,"Distance to Parks: 1 Mile"
"37","North Carolina","37081016304","Guilford County, NC - 37081016304","2020","69.2%","",,"Distance to Parks: 1/2 Mile"
"37","North Carolina","37081016304","Guilford County, NC - 37081016304","2020","100.0%","",,"Distance to Parks: 1 Mile"
"37","North Carolina","37081016305","Guilford County, NC - 37081016305","2020","75.0%","",,"Distance to Parks: 1/2 Mile"
"37","North Carolina","37081016305","Guilford County, NC - 37081016305","2020","100.0%","",,"Distance to Parks: 1 Mile"
"37","North Carolina","37081016306","Guilford County, NC - 37081016306","2020","63.7%","",,"Distance to Parks: 1/2 Mile"
"37","North Carolina","37081016306","Guilford County, NC - 37081016306","2020","100.0%","",,"Distance to Parks: 1 Mile"
"37","North Carolina","37081016405","Guilford County, NC - 37081016405","2020","23.6%","",,"Distance to Parks: 1/2 Mile"
"37","North Carolina","37081016405","Guilford County, NC - 37081016405","2020","65.1%","",,"Distance to Parks: 1 Mile"
"37","North Carolina","37081016406","Guilford County, NC - 37081016406","2020","75.5%","",,"Distance to Parks: 1/2 Mile"
"37","North Carolina","37081016406","Guilford County, NC - 37081016406","2020","99.7%","",,"Distance to Parks: 1 Mile"
"37","North Carolina","37081016407","Guilford County, NC - 37081016407","2020","79.4%","",,"Distance to Parks: 1/2 Mile"
"37","North Carolina","37081016407","Guilford County, NC - 37081016407","2020","100.0%","",,"Distance to Parks: 1 Mile"
"37","North Carolina","37081016408","Guilford County, NC - 37081016408","2020","94.2%","",,"Distance to Parks: 1/2 Mile"
"37","North Carolina","37081016408","Guilford County, NC - 37081016408","2020","100.0%","",,"Distance to Parks: 1 Mile"
"37","North Carolina","37081016409","Guilford County, NC - 37081016409","2020","99.8%","",,"Distance to Parks: 1/2 Mile"
"37","North Carolina","37081016409","Guilford County, NC - 37081016409","2020","100.0%","",,"Distance to Parks: 1 Mile"
"37","North Carolina","37081016410","Guilford County, NC - 37081016410","2020","63.1%","",,"Distance to Parks: 1/2 Mile"
"37","North Carolina","37081016410","Guilford County, NC - 37081016410","2020","86.9%","",,"Distance to Parks: 1 Mile"
"37","North Carolina","37081016502","Guilford County, NC - 37081016502","2020","65.9%","",,"Distance to Parks: 1/2 Mile"
"37","North Carolina","37081016502","Guilford County, NC - 37081016502","2020","99.8%","",,"Distance to Parks: 1 Mile"
"37","North Carolina","37081016503","Guilford County, NC - 37081016503","2020","71.9%","",,"Distance to Parks: 1/2 Mile"
"37","North Carolina","37081016503","Guilford County, NC - 37081016503","2020","100.0%","",,"Distance to Parks: 1 Mile"
"37","North Carolina","37081016505","Guilford County, NC - 37081016505","2020","100.0%","",,"Distance to Parks: 1/2 Mile"
"37","North Carolina","37081016505","Guilford County, NC - 37081016505","2020","100.0%","",,"Distance to Parks: 1 Mile"
"37","North Carolina","37081016506","Guilford County, NC - 37081016506","2020","77.4%","",,"Distance to Parks: 1/2 Mile"
"37","North Carolina","37081016506","Guilford County, NC - 37081016506","2020","100.0%","",,"Distance to Parks: 1 Mile"
"37","North Carolina","37081016600","Guilford County, NC - 37081016600","2020","58.2%","",,"Distance to Parks: 1/2 Mile"
"37","North Carolina","37081016600","Guilford County, NC - 37081016600","2020","88.6%","",,"Distance to Parks: 1 Mile"
"37","North Carolina","37081016701","Guilford County, NC - 37081016701","2020","49.7%","",,"Distance to Parks: 1/2 Mile"
"37","North Carolina","37081016701","Guilford County, NC - 37081016701","2020","89.3%","",,"Distance to Parks: 1 Mile"
"37","North Carolina","37081016702","Guilford County, NC - 37081016702","2020","46.3%","",,"Distance to Parks: 1/2 Mile"
"37","North Carolina","37081016702","Guilford County, NC - 37081016702","2020","75.9%","",,"Distance to Parks: 1 Mile"
"37","North Carolina","37081016800","Guilford County, NC - 37081016800","2020","29.4%","",,"Distance to Parks: 1/2 Mile"
"37","North Carolina","37081016800","Guilford County, NC - 37081016800","2020","65.7%","",,"Distance to Parks: 1 Mile"
"37","North Carolina","37081016900","Guilford County, NC - 37081016900","2020","17.9%","",,"Distance to Parks: 1/2 Mile"
"37","North Carolina","37081016900","Guilford County, NC - 37081016900","2020","42.8%","",,"Distance to Parks: 1 Mile"
"37","North Carolina","37081017000","Guilford County, NC - 37081017000","2020","2.9%","",,"Distance to Parks: 1/2 Mile"
"37","North Carolina","37081017000","Guilford County, NC - 37081017000","2020","7.9%","",,"Distance to Parks: 1 Mile"
"37","North Carolina","37081017101","Guilford County, NC - 37081017101","2020","23.7%","",,"Distance to Parks: 1/2 Mile"
"37","North Carolina","37081017101","Guilford County, NC - 37081017101","2020","61.1%","",,"Distance to Parks: 1 Mile"
"37","North Carolina","37081017102","Guilford County, NC - 37081017102","2020","33.4%","",,"Distance to Parks: 1/2 Mile"
"37","North Carolina","37081017102","Guilford County, NC - 37081017102","2020","76.4%","",,"Distance to Parks: 1 Mile"
"37","North Carolina","37081017200","Guilford County, NC - 37081017200","2020","40.9%","",,"Distance to Parks: 1/2 Mile"
"37","North Carolina","37081017200","Guilford County, NC - 37081017200","2020","67.1%","",,"Distance to Parks: 1 Mile"
"37","North Carolina","37081980100","Guilford County, NC - 37081980100","2020","0.0%","",,"Distance to Parks: 1/2 Mile"
"37","North Carolina","37081980100","Guilford County, NC - 37081980100","2020","0.0%","",,"Distance to Parks: 1 Mile"
"37","North Carolina","37083930100","Halifax County, NC - 37083930100","2020","3.9%","",,"Distance to Parks: 1/2 Mile"
"37","North Carolina","37083930100","Halifax County, NC - 37083930100","2020","15.8%","",,"Distance to Parks: 1 Mile"
"37","North Carolina","37083930200","Halifax County, NC - 37083930200","2020","50.6%","",,"Distance to Parks: 1/2 Mile"
"37","North Carolina","37083930200","Halifax County, NC - 37083930200","2020","92.0%","",,"Distance to Parks: 1 Mile"
"37","North Carolina","37083930300","Halifax County, NC - 37083930300","2020","67.2%","",,"Distance to Parks: 1/2 Mile"
"37","North Carolina","37083930300","Halifax County, NC - 37083930300","2020","99.0%","",,"Distance to Parks: 1 Mile"
"37","North Carolina","37083930400","Halifax County, NC - 37083930400","2020","57.8%","",,"Distance to Parks: 1/2 Mile"
"37","North Carolina","37083930400","Halifax County, NC - 37083930400","2020","99.9%","",,"Distance to Parks: 1 Mile"
"37","North Carolina","37083930501","Halifax County, NC - 37083930501","2020","14.7%","",,"Distance to Parks: 1/2 Mile"
"37","North Carolina","37083930501","Halifax County, NC - 37083930501","2020","50.4%","",,"Distance to Parks: 1 Mile"
"37","North Carolina","37083930503","Halifax County, NC - 37083930503","2020","0.1%","",,"Distance to Parks: 1/2 Mile"
"37","North Carolina","37083930503","Halifax County, NC - 37083930503","2020","2.6%","",,"Distance to Parks: 1 Mile"
"37","North Carolina","37083930504","Halifax County, NC - 37083930504","2020","0.9%","",,"Distance to Parks: 1/2 Mile"
"37","North Carolina","37083930504","Halifax County, NC - 37083930504","2020","5.7%","",,"Distance to Parks: 1 Mile"
"37","North Carolina","37083930600","Halifax County, NC - 37083930600","2020","7.0%","",,"Distance to Parks: 1/2 Mile"
"37","North Carolina","37083930600","Halifax County, NC - 37083930600","2020","13.7%","",,"Distance to Parks: 1 Mile"
"37","North Carolina","37083930701","Halifax County, NC - 37083930701","2020","0.0%","",,"Distance to Parks: 1/2 Mile"
"37","North Carolina","37083930701","Halifax County, NC - 37083930701","2020","0.5%","",,"Distance to Parks: 1 Mile"
"37","North Carolina","37083930702","Halifax County, NC - 37083930702","2020","0.0%","",,"Distance to Parks: 1/2 Mile"
"37","North Carolina","37083930702","Halifax County, NC - 37083930702","2020","0.0%","",,"Distance to Parks: 1 Mile"
"37","North Carolina","37083930800","Halifax County, NC - 37083930800","2020","22.3%","",,"Distance to Parks: 1/2 Mile"
"37","North Carolina","37083930800","Halifax County, NC - 37083930800","2020","37.3%","",,"Distance to Parks: 1 Mile"
"37","North Carolina","37083930901","Halifax County, NC - 37083930901","2020","0.2%","",,"Distance to Parks: 1/2 Mile"
"37","North Carolina","37083930901","Halifax County, NC - 37083930901","2020","1.7%","",,"Distance to Parks: 1 Mile"
"37","North Carolina","37083930902","Halifax County, NC - 37083930902","2020","4.2%","",,"Distance to Parks: 1/2 Mile"
"37","North Carolina","37083930902","Halifax County, NC - 37083930902","2020","10.5%","",,"Distance to Parks: 1 Mile"
"37","North Carolina","37083931000","Halifax County, NC - 37083931000","2020","20.0%","",,"Distance to Parks: 1/2 Mile"
"37","North Carolina","37083931000","Halifax County, NC - 37083931000","2020","31.5%","",,"Distance to Parks: 1 Mile"
"37","North Carolina","37083931101","Halifax County, NC - 37083931101","2020","0.0%","",,"Distance to Parks: 1/2 Mile"
"37","North Carolina","37083931101","Halifax County, NC - 37083931101","2020","0.0%","",,"Distance to Parks: 1 Mile"
"37","North Carolina","37083931102","Halifax County, NC - 37083931102","2020","0.8%","",,"Distance to Parks: 1/2 Mile"
"37","North Carolina","37083931102","Halifax County, NC - 37083931102","2020","2.2%","",,"Distance to Parks: 1 Mile"
"37","North Carolina","37085070100","Harnett County, NC - 37085070100","2020","14.6%","",,"Distance to Parks: 1/2 Mile"
"37","North Carolina","37085070100","Harnett County, NC - 37085070100","2020","41.2%","",,"Distance to Parks: 1 Mile"
"37","North Carolina","37085070200","Harnett County, NC - 37085070200","2020","7.6%","",,"Distance to Parks: 1/2 Mile"
"37","North Carolina","37085070200","Harnett County, NC - 37085070200","2020","16.8%","",,"Distance to Parks: 1 Mile"
"37","North Carolina","37085070300","Harnett County, NC - 37085070300","2020","21.4%","",,"Distance to Parks: 1/2 Mile"
"37","North Carolina","37085070300","Harnett County, NC - 37085070300","2020","41.9%","",,"Distance to Parks: 1 Mile"
"37","North Carolina","37085070401","Harnett County, NC - 37085070401","2020","0.1%","",,"Distance to Parks: 1/2 Mile"
"37","North Carolina","37085070401","Harnett County, NC - 37085070401","2020","6.6%","",,"Distance to Parks: 1 Mile"
"37","North Carolina","37085070402","Harnett County, NC - 37085070402","2020","3.5%","",,"Distance to Parks: 1/2 Mile"
"37","North Carolina","37085070402","Harnett County, NC - 37085070402","2020","10.6%","",,"Distance to Parks: 1 Mile"
"37","North Carolina","37085070500","Harnett County, NC - 37085070500","2020","19.2%","",,"Distance to Parks: 1/2 Mile"
"37","North Carolina","37085070500","Harnett County, NC - 37085070500","2020","47.9%","",,"Distance to Parks: 1 Mile"
"37","North Carolina","37085070600","Harnett County, NC - 37085070600","2020","1.1%","",,"Distance to Parks: 1/2 Mile"
"37","North Carolina","37085070600","Harnett County, NC - 37085070600","2020","4.2%","",,"Distance to Parks: 1 Mile"
"37","North Carolina","37085070700","Harnett County, NC - 37085070700","2020","4.8%","",,"Distance to Parks: 1/2 Mile"
"37","North Carolina","37085070700","Harnett County, NC - 37085070700","2020","12.2%","",,"Distance to Parks: 1 Mile"
"37","North Carolina","37085070801","Harnett County, NC - 37085070801","2020","0.4%","",,"Distance to Parks: 1/2 Mile"
"37","North Carolina","37085070801","Harnett County, NC - 37085070801","2020","3.0%","",,"Distance to Parks: 1 Mile"
"37","North Carolina","37085070802","Harnett County, NC - 37085070802","2020","0.9%","",,"Distance to Parks: 1/2 Mile"
"37","North Carolina","37085070802","Harnett County, NC - 37085070802","2020","4.2%","",,"Distance to Parks: 1 Mile"
"37","North Carolina","37085070901","Harnett County, NC - 37085070901","2020","25.8%","",,"Distance to Parks: 1/2 Mile"
"37","North Carolina","37085070901","Harnett County, NC - 37085070901","2020","63.3%","",,"Distance to Parks: 1 Mile"
"37","North Carolina","37085070902","Harnett County, NC - 37085070902","2020","3.5%","",,"Distance to Parks: 1/2 Mile"
"37","North Carolina","37085070902","Harnett County, NC - 37085070902","2020","11.0%","",,"Distance to Parks: 1 Mile"
"37","North Carolina","37085070903","Harnett County, NC - 37085070903","2020","0.8%","",,"Distance to Parks: 1/2 Mile"
"37","North Carolina","37085070903","Harnett County, NC - 37085070903","2020","5.4%","",,"Distance to Parks: 1 Mile"
"37","North Carolina","37085070904","Harnett County, NC - 37085070904","2020","1.7%","",,"Distance to Parks: 1/2 Mile"
"37","North Carolina","37085070904","Harnett County, NC - 37085070904","2020","9.3%","",,"Distance to Parks: 1 Mile"
"37","North Carolina","37085071002","Harnett County, NC - 37085071002","2020","16.1%","",,"Distance to Parks: 1/2 Mile"
"37","North Carolina","37085071002","Harnett County, NC - 37085071002","2020","27.5%","",,"Distance to Parks: 1 Mile"
"37","North Carolina","37085071003","Harnett County, NC - 37085071003","2020","0.0%","",,"Distance to Parks: 1/2 Mile"
"37","North Carolina","37085071003","Harnett County, NC - 37085071003","2020","1.5%","",,"Distance to Parks: 1 Mile"
"37","North Carolina","37085071004","Harnett County, NC - 37085071004","2020","0.0%","",,"Distance to Parks: 1/2 Mile"
"37","North Carolina","37085071004","Harnett County, NC - 37085071004","2020","2.0%","",,"Distance to Parks: 1 Mile"
"37","North Carolina","37085071101","Harnett County, NC - 37085071101","2020","21.7%","",,"Distance to Parks: 1/2 Mile"
"37","North Carolina","37085071101","Harnett County, NC - 37085071101","2020","32.2%","",,"Distance to Parks: 1 Mile"
"37","North Carolina","37085071102","Harnett County, NC - 37085071102","2020","0.0%","",,"Distance to Parks: 1/2 Mile"
"37","North Carolina","37085071102","Harnett County, NC - 37085071102","2020","0.2%","",,"Distance to Parks: 1 Mile"
"37","North Carolina","37085071201","Harnett County, NC - 37085071201","2020","0.0%","",,"Distance to Parks: 1/2 Mile"
"37","North Carolina","37085071201","Harnett County, NC - 37085071201","2020","0.0%","",,"Distance to Parks: 1 Mile"
"37","North Carolina","37085071202","Harnett County, NC - 37085071202","2020","1.6%","",,"Distance to Parks: 1/2 Mile"
"37","North Carolina","37085071202","Harnett County, NC - 37085071202","2020","19.7%","",,"Distance to Parks: 1 Mile"
"37","North Carolina","37085071203","Harnett County, NC - 37085071203","2020","23.4%","",,"Distance to Parks: 1/2 Mile"
"37","North Carolina","37085071203","Harnett County, NC - 37085071203","2020","40.6%","",,"Distance to Parks: 1 Mile"
"37","North Carolina","37085071204","Harnett County, NC - 37085071204","2020","23.7%","",,"Distance to Parks: 1/2 Mile"
"37","North Carolina","37085071204","Harnett County, NC - 37085071204","2020","41.1%","",,"Distance to Parks: 1 Mile"
"37","North Carolina","37085071301","Harnett County, NC - 37085071301","2020","2.2%","",,"Distance to Parks: 1/2 Mile"
"37","North Carolina","37085071301","Harnett County, NC - 37085071301","2020","6.6%","",,"Distance to Parks: 1 Mile"
"37","North Carolina","37085071302","Harnett County, NC - 37085071302","2020","0.0%","",,"Distance to Parks: 1/2 Mile"
"37","North Carolina","37085071302","Harnett County, NC - 37085071302","2020","0.0%","",,"Distance to Parks: 1 Mile"
"37","North Carolina","37085071303","Harnett County, NC - 37085071303","2020","0.0%","",,"Distance to Parks: 1/2 Mile"
"37","North Carolina","37085071303","Harnett County, NC - 37085071303","2020","0.0%","",,"Distance to Parks: 1 Mile"
"37","North Carolina","37085071401","Harnett County, NC - 37085071401","2020","0.0%","",,"Distance to Parks: 1/2 Mile"
"37","North Carolina","37085071401","Harnett County, NC - 37085071401","2020","0.0%","",,"Distance to Parks: 1 Mile"
"37","North Carolina","37085071402","Harnett County, NC - 37085071402","2020","0.0%","",,"Distance to Parks: 1/2 Mile"
"37","North Carolina","37085071402","Harnett County, NC - 37085071402","2020","0.0%","",,"Distance to Parks: 1 Mile"
"37","North Carolina","37087920101","Haywood County, NC - 37087920101","2020","68.7%","",,"Distance to Parks: 1/2 Mile"
"37","North Carolina","37087920101","Haywood County, NC - 37087920101","2020","76.4%","",,"Distance to Parks: 1 Mile"
"37","North Carolina","37087920102","Haywood County, NC - 37087920102","2020","73.2%","",,"Distance to Parks: 1/2 Mile"
"37","North Carolina","37087920102","Haywood County, NC - 37087920102","2020","79.0%","",,"Distance to Parks: 1 Mile"
"37","North Carolina","37087920201","Haywood County, NC - 37087920201","2020","0.0%","",,"Distance to Parks: 1/2 Mile"
"37","North Carolina","37087920201","Haywood County, NC - 37087920201","2020","1.3%","",,"Distance to Parks: 1 Mile"
"37","North Carolina","37087920202","Haywood County, NC - 37087920202","2020","2.0%","",,"Distance to Parks: 1/2 Mile"
"37","North Carolina","37087920202","Haywood County, NC - 37087920202","2020","7.9%","",,"Distance to Parks: 1 Mile"
"37","North Carolina","37087920300","Haywood County, NC - 37087920300","2020","63.2%","",,"Distance to Parks: 1/2 Mile"
"37","North Carolina","37087920300","Haywood County, NC - 37087920300","2020","91.6%","",,"Distance to Parks: 1 Mile"
"37","North Carolina","37087920400","Haywood County, NC - 37087920400","2020","12.2%","",,"Distance to Parks: 1/2 Mile"
"37","North Carolina","37087920400","Haywood County, NC - 37087920400","2020","37.1%","",,"Distance to Parks: 1 Mile"
"37","North Carolina","37087920501","Haywood County, NC - 37087920501","2020","4.3%","",,"Distance to Parks: 1/2 Mile"
"37","North Carolina","37087920501","Haywood County, NC - 37087920501","2020","14.3%","",,"Distance to Parks: 1 Mile"
"37","North Carolina","37087920502","Haywood County, NC - 37087920502","2020","10.4%","",,"Distance to Parks: 1/2 Mile"
"37","North Carolina","37087920502","Haywood County, NC - 37087920502","2020","36.0%","",,"Distance to Parks: 1 Mile"
"37","North Carolina","37087920601","Haywood County, NC - 37087920601","2020","2.1%","",,"Distance to Parks: 1/2 Mile"
"37","North Carolina","37087920601","Haywood County, NC - 37087920601","2020","12.5%","",,"Distance to Parks: 1 Mile"
"37","North Carolina","37087920602","Haywood County, NC - 37087920602","2020","17.0%","",,"Distance to Parks: 1/2 Mile"
"37","North Carolina","37087920602","Haywood County, NC - 37087920602","2020","46.4%","",,"Distance to Parks: 1 Mile"
"37","North Carolina","37087920701","Haywood County, NC - 37087920701","2020","13.4%","",,"Distance to Parks: 1/2 Mile"
"37","North Carolina","37087920701","Haywood County, NC - 37087920701","2020","26.5%","",,"Distance to Parks: 1 Mile"
"37","North Carolina","37087920702","Haywood County, NC - 37087920702","2020","0.0%","",,"Distance to Parks: 1/2 Mile"
"37","North Carolina","37087920702","Haywood County, NC - 37087920702","2020","2.7%","",,"Distance to Parks: 1 Mile"
"37","North Carolina","37087920800","Haywood County, NC - 37087920800","2020","5.5%","",,"Distance to Parks: 1/2 Mile"
"37","North Carolina","37087920800","Haywood County, NC - 37087920800","2020","14.6%","",,"Distance to Parks: 1 Mile"
"37","North Carolina","37087920900","Haywood County, NC - 37087920900","2020","0.0%","",,"Distance to Parks: 1/2 Mile"
"37","North Carolina","37087920900","Haywood County, NC - 37087920900","2020","34.3%","",,"Distance to Parks: 1 Mile"
"37","North Carolina","37087921000","Haywood County, NC - 37087921000","2020","17.1%","",,"Distance to Parks: 1/2 Mile"
"37","North Carolina","37087921000","Haywood County, NC - 37087921000","2020","40.8%","",,"Distance to Parks: 1 Mile"
"37","North Carolina","37087921100","Haywood County, NC - 37087921100","2020","5.1%","",,"Distance to Parks: 1/2 Mile"
"37","North Carolina","37087921100","Haywood County, NC - 37087921100","2020","24.3%","",,"Distance to Parks: 1 Mile"
"37","North Carolina","37087921201","Haywood County, NC - 37087921201","2020","0.0%","",,"Distance to Parks: 1/2 Mile"
"37","North Carolina","37087921201","Haywood County, NC - 37087921201","2020","0.0%","",,"Distance to Parks: 1 Mile"
"37","North Carolina","37087921202","Haywood County, NC - 37087921202","2020","26.9%","",,"Distance to Parks: 1/2 Mile"
"37","North Carolina","37087921202","Haywood County, NC - 37087921202","2020","49.2%","",,"Distance to Parks: 1 Mile"
"37","North Carolina","37087921301","Haywood County, NC - 37087921301","2020","86.0%","",,"Distance to Parks: 1/2 Mile"
"37","North Carolina","37087921301","Haywood County, NC - 37087921301","2020","90.9%","",,"Distance to Parks: 1 Mile"
"37","North Carolina","37087921302","Haywood County, NC - 37087921302","2020","99.6%","",,"Distance to Parks: 1/2 Mile"
"37","North Carolina","37087921302","Haywood County, NC - 37087921302","2020","100.0%","",,"Distance to Parks: 1 Mile"
"37","North Carolina","37087980100","Haywood County, NC - 37087980100","2020","0.0%","",,"Distance to Parks: 1/2 Mile"
"37","North Carolina","37087980100","Haywood County, NC - 37087980100","2020","0.0%","",,"Distance to Parks: 1 Mile"
"37","North Carolina","37089930100","Henderson County, NC - 37089930100","2020","13.9%","",,"Distance to Parks: 1/2 Mile"
"37","North Carolina","37089930100","Henderson County, NC - 37089930100","2020","28.5%","",,"Distance to Parks: 1 Mile"
"37","North Carolina","37089930201","Henderson County, NC - 37089930201","2020","40.8%","",,"Distance to Parks: 1/2 Mile"
"37","North Carolina","37089930201","Henderson County, NC - 37089930201","2020","68.3%","",,"Distance to Parks: 1 Mile"
"37","North Carolina","37089930202","Henderson County, NC - 37089930202","2020","10.4%","",,"Distance to Parks: 1/2 Mile"
"37","North Carolina","37089930202","Henderson County, NC - 37089930202","2020","25.5%","",,"Distance to Parks: 1 Mile"
"37","North Carolina","37089930301","Henderson County, NC - 37089930301","2020","0.0%","",,"Distance to Parks: 1/2 Mile"
"37","North Carolina","37089930301","Henderson County, NC - 37089930301","2020","1.5%","",,"Distance to Parks: 1 Mile"
"37","North Carolina","37089930302","Henderson County, NC - 37089930302","2020","7.0%","",,"Distance to Parks: 1/2 Mile"
"37","North Carolina","37089930302","Henderson County, NC - 37089930302","2020","25.4%","",,"Distance to Parks: 1 Mile"
"37","North Carolina","37089930401","Henderson County, NC - 37089930401","2020","0.0%","",,"Distance to Parks: 1/2 Mile"
"37","North Carolina","37089930401","Henderson County, NC - 37089930401","2020","0.0%","",,"Distance to Parks: 1 Mile"
"37","North Carolina","37089930402","Henderson County, NC - 37089930402","2020","3.5%","",,"Distance to Parks: 1/2 Mile"
"37","North Carolina","37089930402","Henderson County, NC - 37089930402","2020","9.3%","",,"Distance to Parks: 1 Mile"
"37","North Carolina","37089930501","Henderson County, NC - 37089930501","2020","2.3%","",,"Distance to Parks: 1/2 Mile"
"37","North Carolina","37089930501","Henderson County, NC - 37089930501","2020","14.5%","",,"Distance to Parks: 1 Mile"
"37","North Carolina","37089930502","Henderson County, NC - 37089930502","2020","5.2%","",,"Distance to Parks: 1/2 Mile"
"37","North Carolina","37089930502","Henderson County, NC - 37089930502","2020","15.3%","",,"Distance to Parks: 1 Mile"
"37","North Carolina","37089930600","Henderson County, NC - 37089930600","2020","36.3%","",,"Distance to Parks: 1/2 Mile"
"37","North Carolina","37089930600","Henderson County, NC - 37089930600","2020","79.3%","",,"Distance to Parks: 1 Mile"
"37","North Carolina","37089930701","Henderson County, NC - 37089930701","2020","65.1%","",,"Distance to Parks: 1/2 Mile"
"37","North Carolina","37089930701","Henderson County, NC - 37089930701","2020","87.8%","",,"Distance to Parks: 1 Mile"
"37","North Carolina","37089930702","Henderson County, NC - 37089930702","2020","78.4%","",,"Distance to Parks: 1/2 Mile"
"37","North Carolina","37089930702","Henderson County, NC - 37089930702","2020","90.7%","",,"Distance to Parks: 1 Mile"
"37","North Carolina","37089930703","Henderson County, NC - 37089930703","2020","25.8%","",,"Distance to Parks: 1/2 Mile"
"37","North Carolina","37089930703","Henderson County, NC - 37089930703","2020","63.8%","",,"Distance to Parks: 1 Mile"
"37","North Carolina","37089930800","Henderson County, NC - 37089930800","2020","4.5%","",,"Distance to Parks: 1/2 Mile"
"37","North Carolina","37089930800","Henderson County, NC - 37089930800","2020","28.0%","",,"Distance to Parks: 1 Mile"
"37","North Carolina","37089930900","Henderson County, NC - 37089930900","2020","68.0%","",,"Distance to Parks: 1/2 Mile"
"37","North Carolina","37089930900","Henderson County, NC - 37089930900","2020","99.6%","",,"Distance to Parks: 1 Mile"
"37","North Carolina","37089931000","Henderson County, NC - 37089931000","2020","26.7%","",,"Distance to Parks: 1/2 Mile"
"37","North Carolina","37089931000","Henderson County, NC - 37089931000","2020","60.9%","",,"Distance to Parks: 1 Mile"
"37","North Carolina","37089931100","Henderson County, NC - 37089931100","2020","85.8%","",,"Distance to Parks: 1/2 Mile"
"37","North Carolina","37089931100","Henderson County, NC - 37089931100","2020","100.0%","",,"Distance to Parks: 1 Mile"
"37","North Carolina","37089931200","Henderson County, NC - 37089931200","2020","98.0%","",,"Distance to Parks: 1/2 Mile"
"37","North Carolina","37089931200","Henderson County, NC - 37089931200","2020","100.0%","",,"Distance to Parks: 1 Mile"
"37","North Carolina","37089931300","Henderson County, NC - 37089931300","2020","67.1%","",,"Distance to Parks: 1/2 Mile"
"37","North Carolina","37089931300","Henderson County, NC - 37089931300","2020","99.7%","",,"Distance to Parks: 1 Mile"
"37","North Carolina","37089931401","Henderson County, NC - 37089931401","2020","63.8%","",,"Distance to Parks: 1/2 Mile"
"37","North Carolina","37089931401","Henderson County, NC - 37089931401","2020","93.0%","",,"Distance to Parks: 1 Mile"
"37","North Carolina","37089931402","Henderson County, NC - 37089931402","2020","66.7%","",,"Distance to Parks: 1/2 Mile"
"37","North Carolina","37089931402","Henderson County, NC - 37089931402","2020","97.9%","",,"Distance to Parks: 1 Mile"
"37","North Carolina","37089931500","Henderson County, NC - 37089931500","2020","35.1%","",,"Distance to Parks: 1/2 Mile"
"37","North Carolina","37089931500","Henderson County, NC - 37089931500","2020","76.3%","",,"Distance to Parks: 1 Mile"
"37","North Carolina","37089931600","Henderson County, NC - 37089931600","2020","10.2%","",,"Distance to Parks: 1/2 Mile"
"37","North Carolina","37089931600","Henderson County, NC - 37089931600","2020","22.0%","",,"Distance to Parks: 1 Mile"
"37","North Carolina","37089931700","Henderson County, NC - 37089931700","2020","45.5%","",,"Distance to Parks: 1/2 Mile"
"37","North Carolina","37089931700","Henderson County, NC - 37089931700","2020","94.7%","",,"Distance to Parks: 1 Mile"
"37","North Carolina","37089931801","Henderson County, NC - 37089931801","2020","3.4%","",,"Distance to Parks: 1/2 Mile"
"37","North Carolina","37089931801","Henderson County, NC - 37089931801","2020","36.0%","",,"Distance to Parks: 1 Mile"
"37","North Carolina","37089931802","Henderson County, NC - 37089931802","2020","7.8%","",,"Distance to Parks: 1/2 Mile"
"37","North Carolina","37089931802","Henderson County, NC - 37089931802","2020","30.3%","",,"Distance to Parks: 1 Mile"
"37","North Carolina","37089931901","Henderson County, NC - 37089931901","2020","2.4%","",,"Distance to Parks: 1/2 Mile"
"37","North Carolina","37089931901","Henderson County, NC - 37089931901","2020","15.4%","",,"Distance to Parks: 1 Mile"
"37","North Carolina","37089931902","Henderson County, NC - 37089931902","2020","33.3%","",,"Distance to Parks: 1/2 Mile"
"37","North Carolina","37089931902","Henderson County, NC - 37089931902","2020","46.0%","",,"Distance to Parks: 1 Mile"
"37","North Carolina","37089932000","Henderson County, NC - 37089932000","2020","21.0%","",,"Distance to Parks: 1/2 Mile"
"37","North Carolina","37089932000","Henderson County, NC - 37089932000","2020","33.1%","",,"Distance to Parks: 1 Mile"
"37","North Carolina","37089980100","Henderson County, NC - 37089980100","2020","0.0%","",,"Distance to Parks: 1/2 Mile"
"37","North Carolina","37089980100","Henderson County, NC - 37089980100","2020","0.0%","",,"Distance to Parks: 1 Mile"
"37","North Carolina","37091950101","Hertford County, NC - 37091950101","2020","0.0%","",,"Distance to Parks: 1/2 Mile"
"37","North Carolina","37091950101","Hertford County, NC - 37091950101","2020","1.2%","",,"Distance to Parks: 1 Mile"
"37","North Carolina","37091950102","Hertford County, NC - 37091950102","2020","21.9%","",,"Distance to Parks: 1/2 Mile"
"37","North Carolina","37091950102","Hertford County, NC - 37091950102","2020","33.6%","",,"Distance to Parks: 1 Mile"
"37","North Carolina","37091950201","Hertford County, NC - 37091950201","2020","16.9%","",,"Distance to Parks: 1/2 Mile"
"37","North Carolina","37091950201","Hertford County, NC - 37091950201","2020","28.1%","",,"Distance to Parks: 1 Mile"
"37","North Carolina","37091950202","Hertford County, NC - 37091950202","2020","15.8%","",,"Distance to Parks: 1/2 Mile"
"37","North Carolina","37091950202","Hertford County, NC - 37091950202","2020","25.7%","",,"Distance to Parks: 1 Mile"
"37","North Carolina","37091950300","Hertford County, NC - 37091950300","2020","0.0%","",,"Distance to Parks: 1/2 Mile"
"37","North Carolina","37091950300","Hertford County, NC - 37091950300","2020","0.0%","",,"Distance to Parks: 1 Mile"
"37","North Carolina","37091950401","Hertford County, NC - 37091950401","2020","8.6%","",,"Distance to Parks: 1/2 Mile"
"37","North Carolina","37091950401","Hertford County, NC - 37091950401","2020","21.1%","",,"Distance to Parks: 1 Mile"
"37","North Carolina","37091950402","Hertford County, NC - 37091950402","2020","0.5%","",,"Distance to Parks: 1/2 Mile"
"37","North Carolina","37091950402","Hertford County, NC - 37091950402","2020","3.6%","",,"Distance to Parks: 1 Mile"
"37","North Carolina","37091980000","Hertford County, NC - 37091980000","2020","0.0%","",,"Distance to Parks: 1/2 Mile"
"37","North Carolina","37091980000","Hertford County, NC - 37091980000","2020","61.0%","",,"Distance to Parks: 1 Mile"
"37","North Carolina","37093970104","Hoke County, NC - 37093970104","2020","27.1%","",,"Distance to Parks: 1/2 Mile"
"37","North Carolina","37093970104","Hoke County, NC - 37093970104","2020","48.2%","",,"Distance to Parks: 1 Mile"
"37","North Carolina","37093970105","Hoke County, NC - 37093970105","2020","0.0%","",,"Distance to Parks: 1/2 Mile"
"37","North Carolina","37093970105","Hoke County, NC - 37093970105","2020","0.0%","",,"Distance to Parks: 1 Mile"
"37","North Carolina","37093970106","Hoke County, NC - 37093970106","2020","12.5%","",,"Distance to Parks: 1/2 Mile"
"37","North Carolina","37093970106","Hoke County, NC - 37093970106","2020","27.1%","",,"Distance to Parks: 1 Mile"
"37","North Carolina","37093970107","Hoke County, NC - 37093970107","2020","0.2%","",,"Distance to Parks: 1/2 Mile"
"37","North Carolina","37093970107","Hoke County, NC - 37093970107","2020","5.6%","",,"Distance to Parks: 1 Mile"
"37","North Carolina","37093970108","Hoke County, NC - 37093970108","2020","1.8%","",,"Distance to Parks: 1/2 Mile"
"37","North Carolina","37093970108","Hoke County, NC - 37093970108","2020","12.2%","",,"Distance to Parks: 1 Mile"
"37","North Carolina","37093970109","Hoke County, NC - 37093970109","2020","0.0%","",,"Distance to Parks: 1/2 Mile"
"37","North Carolina","37093970109","Hoke County, NC - 37093970109","2020","0.0%","",,"Distance to Parks: 1 Mile"
"37","North Carolina","37093970201","Hoke County, NC - 37093970201","2020","3.0%","",,"Distance to Parks: 1/2 Mile"
"37","North Carolina","37093970201","Hoke County, NC - 37093970201","2020","8.6%","",,"Distance to Parks: 1 Mile"
"37","North Carolina","37093970202","Hoke County, NC - 37093970202","2020","6.9%","",,"Distance to Parks: 1/2 Mile"
"37","North Carolina","37093970202","Hoke County, NC - 37093970202","2020","16.6%","",,"Distance to Parks: 1 Mile"
"37","North Carolina","37093970300","Hoke County, NC - 37093970300","2020","44.0%","",,"Distance to Parks: 1/2 Mile"
"37","North Carolina","37093970300","Hoke County, NC - 37093970300","2020","88.2%","",,"Distance to Parks: 1 Mile"
"37","North Carolina","37093970401","Hoke County, NC - 37093970401","2020","0.0%","",,"Distance to Parks: 1/2 Mile"
"37","North Carolina","37093970401","Hoke County, NC - 37093970401","2020","0.2%","",,"Distance to Parks: 1 Mile"
"37","North Carolina","37093970402","Hoke County, NC - 37093970402","2020","0.0%","",,"Distance to Parks: 1/2 Mile"
"37","North Carolina","37093970402","Hoke County, NC - 37093970402","2020","0.5%","",,"Distance to Parks: 1 Mile"
"37","North Carolina","37093980100","Hoke County, NC - 37093980100","2020","1.0%","",,"Distance to Parks: 1/2 Mile"
"37","North Carolina","37093980100","Hoke County, NC - 37093980100","2020","3.3%","",,"Distance to Parks: 1 Mile"
"37","North Carolina","37095920101","Hyde County, NC - 37095920101","2020","70.3%","",,"Distance to Parks: 1/2 Mile"
"37","North Carolina","37095920101","Hyde County, NC - 37095920101","2020","79.7%","",,"Distance to Parks: 1 Mile"
"37","North Carolina","37095920102","Hyde County, NC - 37095920102","2020","41.9%","",,"Distance to Parks: 1/2 Mile"
"37","North Carolina","37095920102","Hyde County, NC - 37095920102","2020","54.1%","",,"Distance to Parks: 1 Mile"
"37","North Carolina","37097060100","Iredell County, NC - 37097060100","2020","81.8%","",,"Distance to Parks: 1/2 Mile"
"37","North Carolina","37097060100","Iredell County, NC - 37097060100","2020","100.0%","",,"Distance to Parks: 1 Mile"
"37","North Carolina","37097060200","Iredell County, NC - 37097060200","2020","59.1%","",,"Distance to Parks: 1/2 Mile"
"37","North Carolina","37097060200","Iredell County, NC - 37097060200","2020","93.0%","",,"Distance to Parks: 1 Mile"
"37","North Carolina","37097060300","Iredell County, NC - 37097060300","2020","60.0%","",,"Distance to Parks: 1/2 Mile"
"37","North Carolina","37097060300","Iredell County, NC - 37097060300","2020","97.4%","",,"Distance to Parks: 1 Mile"
"37","North Carolina","37097060400","Iredell County, NC - 37097060400","2020","39.5%","",,"Distance to Parks: 1/2 Mile"
"37","North Carolina","37097060400","Iredell County, NC - 37097060400","2020","67.4%","",,"Distance to Parks: 1 Mile"
"37","North Carolina","37097060500","Iredell County, NC - 37097060500","2020","94.2%","",,"Distance to Parks: 1/2 Mile"
"37","North Carolina","37097060500","Iredell County, NC - 37097060500","2020","100.0%","",,"Distance to Parks: 1 Mile"
"37","North Carolina","37097060601","Iredell County, NC - 37097060601","2020","67.3%","",,"Distance to Parks: 1/2 Mile"
"37","North Carolina","37097060601","Iredell County, NC - 37097060601","2020","99.1%","",,"Distance to Parks: 1 Mile"
"37","North Carolina","37097060602","Iredell County, NC - 37097060602","2020","7.2%","",,"Distance to Parks: 1/2 Mile"
"37","North Carolina","37097060602","Iredell County, NC - 37097060602","2020","30.8%","",,"Distance to Parks: 1 Mile"
"37","North Carolina","37097060603","Iredell County, NC - 37097060603","2020","5.1%","",,"Distance to Parks: 1/2 Mile"
"37","North Carolina","37097060603","Iredell County, NC - 37097060603","2020","17.1%","",,"Distance to Parks: 1 Mile"
"37","North Carolina","37097060701","Iredell County, NC - 37097060701","2020","0.0%","",,"Distance to Parks: 1/2 Mile"
"37","North Carolina","37097060701","Iredell County, NC - 37097060701","2020","0.0%","",,"Distance to Parks: 1 Mile"
"37","North Carolina","37097060702","Iredell County, NC - 37097060702","2020","0.0%","",,"Distance to Parks: 1/2 Mile"
"37","North Carolina","37097060702","Iredell County, NC - 37097060702","2020","0.3%","",,"Distance to Parks: 1 Mile"
"37","North Carolina","37097060703","Iredell County, NC - 37097060703","2020","0.3%","",,"Distance to Parks: 1/2 Mile"
"37","North Carolina","37097060703","Iredell County, NC - 37097060703","2020","4.6%","",,"Distance to Parks: 1 Mile"
"37","North Carolina","37097060801","Iredell County, NC - 37097060801","2020","0.0%","",,"Distance to Parks: 1/2 Mile"
"37","North Carolina","37097060801","Iredell County, NC - 37097060801","2020","0.0%","",,"Distance to Parks: 1 Mile"
"37","North Carolina","37097060802","Iredell County, NC - 37097060802","2020","0.0%","",,"Distance to Parks: 1/2 Mile"
"37","North Carolina","37097060802","Iredell County, NC - 37097060802","2020","1.1%","",,"Distance to Parks: 1 Mile"
"37","North Carolina","37097060901","Iredell County, NC - 37097060901","2020","0.0%","",,"Distance to Parks: 1/2 Mile"
"37","North Carolina","37097060901","Iredell County, NC - 37097060901","2020","0.0%","",,"Distance to Parks: 1 Mile"
"37","North Carolina","37097060902","Iredell County, NC - 37097060902","2020","2.9%","",,"Distance to Parks: 1/2 Mile"
"37","North Carolina","37097060902","Iredell County, NC - 37097060902","2020","8.7%","",,"Distance to Parks: 1 Mile"
"37","North Carolina","37097061001","Iredell County, NC - 37097061001","2020","0.3%","",,"Distance to Parks: 1/2 Mile"
"37","North Carolina","37097061001","Iredell County, NC - 37097061001","2020","5.9%","",,"Distance to Parks: 1 Mile"
"37","North Carolina","37097061002","Iredell County, NC - 37097061002","2020","0.0%","",,"Distance to Parks: 1/2 Mile"
"37","North Carolina","37097061002","Iredell County, NC - 37097061002","2020","0.0%","",,"Distance to Parks: 1 Mile"
"37","North Carolina","37097061003","Iredell County, NC - 37097061003","2020","25.6%","",,"Distance to Parks: 1/2 Mile"
"37","North Carolina","37097061003","Iredell County, NC - 37097061003","2020","51.3%","",,"Distance to Parks: 1 Mile"
"37","North Carolina","37097061101","Iredell County, NC - 37097061101","2020","0.0%","",,"Distance to Parks: 1/2 Mile"
"37","North Carolina","37097061101","Iredell County, NC - 37097061101","2020","0.0%","",,"Distance to Parks: 1 Mile"
"37","North Carolina","37097061102","Iredell County, NC - 37097061102","2020","0.0%","",,"Distance to Parks: 1/2 Mile"
"37","North Carolina","37097061102","Iredell County, NC - 37097061102","2020","0.0%","",,"Distance to Parks: 1 Mile"
"37","North Carolina","37097061103","Iredell County, NC - 37097061103","2020","0.0%","",,"Distance to Parks: 1/2 Mile"
"37","North Carolina","37097061103","Iredell County, NC - 37097061103","2020","0.0%","",,"Distance to Parks: 1 Mile"
"37","North Carolina","37097061104","Iredell County, NC - 37097061104","2020","0.0%","",,"Distance to Parks: 1/2 Mile"
"37","North Carolina","37097061104","Iredell County, NC - 37097061104","2020","1.3%","",,"Distance to Parks: 1 Mile"
"37","North Carolina","37097061201","Iredell County, NC - 37097061201","2020","1.2%","",,"Distance to Parks: 1/2 Mile"
"37","North Carolina","37097061201","Iredell County, NC - 37097061201","2020","9.7%","",,"Distance to Parks: 1 Mile"
"37","North Carolina","37097061202","Iredell County, NC - 37097061202","2020","13.3%","",,"Distance to Parks: 1/2 Mile"
"37","North Carolina","37097061202","Iredell County, NC - 37097061202","2020","39.8%","",,"Distance to Parks: 1 Mile"
"37","North Carolina","37097061203","Iredell County, NC - 37097061203","2020","18.1%","",,"Distance to Parks: 1/2 Mile"
"37","North Carolina","37097061203","Iredell County, NC - 37097061203","2020","46.3%","",,"Distance to Parks: 1 Mile"
"37","North Carolina","37097061204","Iredell County, NC - 37097061204","2020","17.2%","",,"Distance to Parks: 1/2 Mile"
"37","North Carolina","37097061204","Iredell County, NC - 37097061204","2020","53.3%","",,"Distance to Parks: 1 Mile"
"37","North Carolina","37097061205","Iredell County, NC - 37097061205","2020","38.6%","",,"Distance to Parks: 1/2 Mile"
"37","North Carolina","37097061205","Iredell County, NC - 37097061205","2020","51.4%","",,"Distance to Parks: 1 Mile"
"37","North Carolina","37097061301","Iredell County, NC - 37097061301","2020","0.0%","",,"Distance to Parks: 1/2 Mile"
"37","North Carolina","37097061301","Iredell County, NC - 37097061301","2020","0.0%","",,"Distance to Parks: 1 Mile"
"37","North Carolina","37097061302","Iredell County, NC - 37097061302","2020","0.2%","",,"Distance to Parks: 1/2 Mile"
"37","North Carolina","37097061302","Iredell County, NC - 37097061302","2020","5.4%","",,"Distance to Parks: 1 Mile"
"37","North Carolina","37097061303","Iredell County, NC - 37097061303","2020","21.9%","",,"Distance to Parks: 1/2 Mile"
"37","North Carolina","37097061303","Iredell County, NC - 37097061303","2020","56.1%","",,"Distance to Parks: 1 Mile"
"37","North Carolina","37097061304","Iredell County, NC - 37097061304","2020","27.4%","",,"Distance to Parks: 1/2 Mile"
"37","North Carolina","37097061304","Iredell County, NC - 37097061304","2020","72.7%","",,"Distance to Parks: 1 Mile"
"37","North Carolina","37097061401","Iredell County, NC - 37097061401","2020","0.0%","",,"Distance to Parks: 1/2 Mile"
"37","North Carolina","37097061401","Iredell County, NC - 37097061401","2020","0.0%","",,"Distance to Parks: 1 Mile"
"37","North Carolina","37097061402","Iredell County, NC - 37097061402","2020","0.0%","",,"Distance to Parks: 1/2 Mile"
"37","North Carolina","37097061402","Iredell County, NC - 37097061402","2020","0.0%","",,"Distance to Parks: 1 Mile"
"37","North Carolina","37097061403","Iredell County, NC - 37097061403","2020","0.0%","",,"Distance to Parks: 1/2 Mile"
"37","North Carolina","37097061403","Iredell County, NC - 37097061403","2020","2.0%","",,"Distance to Parks: 1 Mile"
"37","North Carolina","37097061404","Iredell County, NC - 37097061404","2020","0.0%","",,"Distance to Parks: 1/2 Mile"
"37","North Carolina","37097061404","Iredell County, NC - 37097061404","2020","0.0%","",,"Distance to Parks: 1 Mile"
"37","North Carolina","37097061405","Iredell County, NC - 37097061405","2020","0.0%","",,"Distance to Parks: 1/2 Mile"
"37","North Carolina","37097061405","Iredell County, NC - 37097061405","2020","0.0%","",,"Distance to Parks: 1 Mile"
"37","North Carolina","37097061406","Iredell County, NC - 37097061406","2020","0.0%","",,"Distance to Parks: 1/2 Mile"
"37","North Carolina","37097061406","Iredell County, NC - 37097061406","2020","0.0%","",,"Distance to Parks: 1 Mile"
"37","North Carolina","37097061407","Iredell County, NC - 37097061407","2020","4.2%","",,"Distance to Parks: 1/2 Mile"
"37","North Carolina","37097061407","Iredell County, NC - 37097061407","2020","25.8%","",,"Distance to Parks: 1 Mile"
"37","North Carolina","37097061408","Iredell County, NC - 37097061408","2020","2.6%","",,"Distance to Parks: 1/2 Mile"
"37","North Carolina","37097061408","Iredell County, NC - 37097061408","2020","14.0%","",,"Distance to Parks: 1 Mile"
"37","North Carolina","37097061501","Iredell County, NC - 37097061501","2020","73.8%","",,"Distance to Parks: 1/2 Mile"
"37","North Carolina","37097061501","Iredell County, NC - 37097061501","2020","100.0%","",,"Distance to Parks: 1 Mile"
"37","North Carolina","37097061502","Iredell County, NC - 37097061502","2020","11.5%","",,"Distance to Parks: 1/2 Mile"
"37","North Carolina","37097061502","Iredell County, NC - 37097061502","2020","40.6%","",,"Distance to Parks: 1 Mile"
"37","North Carolina","37097061503","Iredell County, NC - 37097061503","2020","59.9%","",,"Distance to Parks: 1/2 Mile"
"37","North Carolina","37097061503","Iredell County, NC - 37097061503","2020","94.2%","",,"Distance to Parks: 1 Mile"
"37","North Carolina","37097061601","Iredell County, NC - 37097061601","2020","82.4%","",,"Distance to Parks: 1/2 Mile"
"37","North Carolina","37097061601","Iredell County, NC - 37097061601","2020","100.0%","",,"Distance to Parks: 1 Mile"
"37","North Carolina","37097061603","Iredell County, NC - 37097061603","2020","34.5%","",,"Distance to Parks: 1/2 Mile"
"37","North Carolina","37097061603","Iredell County, NC - 37097061603","2020","79.5%","",,"Distance to Parks: 1 Mile"
"37","North Carolina","37097061604","Iredell County, NC - 37097061604","2020","44.5%","",,"Distance to Parks: 1/2 Mile"
"37","North Carolina","37097061604","Iredell County, NC - 37097061604","2020","87.0%","",,"Distance to Parks: 1 Mile"
"37","North Carolina","37097061605","Iredell County, NC - 37097061605","2020","0.0%","",,"Distance to Parks: 1/2 Mile"
"37","North Carolina","37097061605","Iredell County, NC - 37097061605","2020","5.6%","",,"Distance to Parks: 1 Mile"
"37","North Carolina","37099940200","Jackson County, NC - 37099940200","2020","10.1%","",,"Distance to Parks: 1/2 Mile"
"37","North Carolina","37099940200","Jackson County, NC - 37099940200","2020","24.7%","",,"Distance to Parks: 1 Mile"
"37","North Carolina","37099950200","Jackson County, NC - 37099950200","2020","98.8%","",,"Distance to Parks: 1/2 Mile"
"37","North Carolina","37099950200","Jackson County, NC - 37099950200","2020","100.0%","",,"Distance to Parks: 1 Mile"
"37","North Carolina","37099950300","Jackson County, NC - 37099950300","2020","98.7%","",,"Distance to Parks: 1/2 Mile"
"37","North Carolina","37099950300","Jackson County, NC - 37099950300","2020","100.0%","",,"Distance to Parks: 1 Mile"
"37","North Carolina","37099950400","Jackson County, NC - 37099950400","2020","100.0%","",,"Distance to Parks: 1/2 Mile"
"37","North Carolina","37099950400","Jackson County, NC - 37099950400","2020","100.0%","",,"Distance to Parks: 1 Mile"
"37","North Carolina","37099950500","Jackson County, NC - 37099950500","2020","100.0%","",,"Distance to Parks: 1/2 Mile"
"37","North Carolina","37099950500","Jackson County, NC - 37099950500","2020","100.0%","",,"Distance to Parks: 1 Mile"
"37","North Carolina","37099950600","Jackson County, NC - 37099950600","2020","100.0%","",,"Distance to Parks: 1/2 Mile"
"37","North Carolina","37099950600","Jackson County, NC - 37099950600","2020","100.0%","",,"Distance to Parks: 1 Mile"
"37","North Carolina","37099950700","Jackson County, NC - 37099950700","2020","100.0%","",,"Distance to Parks: 1/2 Mile"
"37","North Carolina","37099950700","Jackson County, NC - 37099950700","2020","100.0%","",,"Distance to Parks: 1 Mile"
"37","North Carolina","37099950800","Jackson County, NC - 37099950800","2020","100.0%","",,"Distance to Parks: 1/2 Mile"
"37","North Carolina","37099950800","Jackson County, NC - 37099950800","2020","100.0%","",,"Distance to Parks: 1 Mile"
"37","North Carolina","37099950900","Jackson County, NC - 37099950900","2020","100.0%","",,"Distance to Parks: 1/2 Mile"
"37","North Carolina","37099950900","Jackson County, NC - 37099950900","2020","100.0%","",,"Distance to Parks: 1 Mile"
"37","North Carolina","37101040101","Johnston County, NC - 37101040101","2020","9.1%","",,"Distance to Parks: 1/2 Mile"
"37","North Carolina","37101040101","Johnston County, NC - 37101040101","2020","24.8%","",,"Distance to Parks: 1 Mile"
"37","North Carolina","37101040102","Johnston County, NC - 37101040102","2020","4.5%","",,"Distance to Parks: 1/2 Mile"
"37","North Carolina","37101040102","Johnston County, NC - 37101040102","2020","11.5%","",,"Distance to Parks: 1 Mile"
"37","North Carolina","37101040103","Johnston County, NC - 37101040103","2020","0.3%","",,"Distance to Parks: 1/2 Mile"
"37","North Carolina","37101040103","Johnston County, NC - 37101040103","2020","4.3%","",,"Distance to Parks: 1 Mile"
"37","North Carolina","37101040204","Johnston County, NC - 37101040204","2020","0.6%","",,"Distance to Parks: 1/2 Mile"
"37","North Carolina","37101040204","Johnston County, NC - 37101040204","2020","3.6%","",,"Distance to Parks: 1 Mile"
"37","North Carolina","37101040205","Johnston County, NC - 37101040205","2020","0.0%","",,"Distance to Parks: 1/2 Mile"
"37","North Carolina","37101040205","Johnston County, NC - 37101040205","2020","0.0%","",,"Distance to Parks: 1 Mile"
"37","North Carolina","37101040206","Johnston County, NC - 37101040206","2020","2.4%","",,"Distance to Parks: 1/2 Mile"
"37","North Carolina","37101040206","Johnston County, NC - 37101040206","2020","8.7%","",,"Distance to Parks: 1 Mile"
"37","North Carolina","37101040207","Johnston County, NC - 37101040207","2020","1.8%","",,"Distance to Parks: 1/2 Mile"
"37","North Carolina","37101040207","Johnston County, NC - 37101040207","2020","8.8%","",,"Distance to Parks: 1 Mile"
"37","North Carolina","37101040208","Johnston County, NC - 37101040208","2020","3.2%","",,"Distance to Parks: 1/2 Mile"
"37","North Carolina","37101040208","Johnston County, NC - 37101040208","2020","14.4%","",,"Distance to Parks: 1 Mile"
"37","North Carolina","37101040209","Johnston County, NC - 37101040209","2020","26.2%","",,"Distance to Parks: 1/2 Mile"
"37","North Carolina","37101040209","Johnston County, NC - 37101040209","2020","57.6%","",,"Distance to Parks: 1 Mile"
"37","North Carolina","37101040210","Johnston County, NC - 37101040210","2020","0.0%","",,"Distance to Parks: 1/2 Mile"
"37","North Carolina","37101040210","Johnston County, NC - 37101040210","2020","6.8%","",,"Distance to Parks: 1 Mile"
"37","North Carolina","37101040301","Johnston County, NC - 37101040301","2020","13.9%","",,"Distance to Parks: 1/2 Mile"
"37","North Carolina","37101040301","Johnston County, NC - 37101040301","2020","28.9%","",,"Distance to Parks: 1 Mile"
"37","North Carolina","37101040303","Johnston County, NC - 37101040303","2020","51.4%","",,"Distance to Parks: 1/2 Mile"
"37","North Carolina","37101040303","Johnston County, NC - 37101040303","2020","86.3%","",,"Distance to Parks: 1 Mile"
"37","North Carolina","37101040304","Johnston County, NC - 37101040304","2020","0.1%","",,"Distance to Parks: 1/2 Mile"
"37","North Carolina","37101040304","Johnston County, NC - 37101040304","2020","4.0%","",,"Distance to Parks: 1 Mile"
"37","North Carolina","37101040400","Johnston County, NC - 37101040400","2020","5.8%","",,"Distance to Parks: 1/2 Mile"
"37","North Carolina","37101040400","Johnston County, NC - 37101040400","2020","23.3%","",,"Distance to Parks: 1 Mile"
"37","North Carolina","37101040501","Johnston County, NC - 37101040501","2020","0.0%","",,"Distance to Parks: 1/2 Mile"
"37","North Carolina","37101040501","Johnston County, NC - 37101040501","2020","0.0%","",,"Distance to Parks: 1 Mile"
"37","North Carolina","37101040502","Johnston County, NC - 37101040502","2020","0.0%","",,"Distance to Parks: 1/2 Mile"
"37","North Carolina","37101040502","Johnston County, NC - 37101040502","2020","0.0%","",,"Distance to Parks: 1 Mile"
"37","North Carolina","37101040600","Johnston County, NC - 37101040600","2020","3.5%","",,"Distance to Parks: 1/2 Mile"
"37","North Carolina","37101040600","Johnston County, NC - 37101040600","2020","8.3%","",,"Distance to Parks: 1 Mile"
"37","North Carolina","37101040700","Johnston County, NC - 37101040700","2020","43.6%","",,"Distance to Parks: 1/2 Mile"
"37","North Carolina","37101040700","Johnston County, NC - 37101040700","2020","81.9%","",,"Distance to Parks: 1 Mile"
"37","North Carolina","37101040800","Johnston County, NC - 37101040800","2020","52.9%","",,"Distance to Parks: 1/2 Mile"
"37","North Carolina","37101040800","Johnston County, NC - 37101040800","2020","93.8%","",,"Distance to Parks: 1 Mile"
"37","North Carolina","37101040903","Johnston County, NC - 37101040903","2020","3.2%","",,"Distance to Parks: 1/2 Mile"
"37","North Carolina","37101040903","Johnston County, NC - 37101040903","2020","5.1%","",,"Distance to Parks: 1 Mile"
"37","North Carolina","37101040904","Johnston County, NC - 37101040904","2020","6.4%","",,"Distance to Parks: 1/2 Mile"
"37","North Carolina","37101040904","Johnston County, NC - 37101040904","2020","20.4%","",,"Distance to Parks: 1 Mile"
"37","North Carolina","37101040905","Johnston County, NC - 37101040905","2020","3.4%","",,"Distance to Parks: 1/2 Mile"
"37","North Carolina","37101040905","Johnston County, NC - 37101040905","2020","9.4%","",,"Distance to Parks: 1 Mile"
"37","North Carolina","37101040906","Johnston County, NC - 37101040906","2020","0.0%","",,"Distance to Parks: 1/2 Mile"
"37","North Carolina","37101040906","Johnston County, NC - 37101040906","2020","0.0%","",,"Distance to Parks: 1 Mile"
"37","North Carolina","37101041001","Johnston County, NC - 37101041001","2020","17.4%","",,"Distance to Parks: 1/2 Mile"
"37","North Carolina","37101041001","Johnston County, NC - 37101041001","2020","57.1%","",,"Distance to Parks: 1 Mile"
"37","North Carolina","37101041003","Johnston County, NC - 37101041003","2020","51.4%","",,"Distance to Parks: 1/2 Mile"
"37","North Carolina","37101041003","Johnston County, NC - 37101041003","2020","85.8%","",,"Distance to Parks: 1 Mile"
"37","North Carolina","37101041004","Johnston County, NC - 37101041004","2020","42.3%","",,"Distance to Parks: 1/2 Mile"
"37","North Carolina","37101041004","Johnston County, NC - 37101041004","2020","97.8%","",,"Distance to Parks: 1 Mile"
"37","North Carolina","37101041005","Johnston County, NC - 37101041005","2020","58.1%","",,"Distance to Parks: 1/2 Mile"
"37","North Carolina","37101041005","Johnston County, NC - 37101041005","2020","95.5%","",,"Distance to Parks: 1 Mile"
"37","North Carolina","37101041104","Johnston County, NC - 37101041104","2020","0.0%","",,"Distance to Parks: 1/2 Mile"
"37","North Carolina","37101041104","Johnston County, NC - 37101041104","2020","0.0%","",,"Distance to Parks: 1 Mile"
"37","North Carolina","37101041105","Johnston County, NC - 37101041105","2020","0.1%","",,"Distance to Parks: 1/2 Mile"
"37","North Carolina","37101041105","Johnston County, NC - 37101041105","2020","3.8%","",,"Distance to Parks: 1 Mile"
"37","North Carolina","37101041106","Johnston County, NC - 37101041106","2020","0.0%","",,"Distance to Parks: 1/2 Mile"
"37","North Carolina","37101041106","Johnston County, NC - 37101041106","2020","0.0%","",,"Distance to Parks: 1 Mile"
"37","North Carolina","37101041107","Johnston County, NC - 37101041107","2020","0.0%","",,"Distance to Parks: 1/2 Mile"
"37","North Carolina","37101041107","Johnston County, NC - 37101041107","2020","0.0%","",,"Distance to Parks: 1 Mile"
"37","North Carolina","37101041108","Johnston County, NC - 37101041108","2020","0.0%","",,"Distance to Parks: 1/2 Mile"
"37","North Carolina","37101041108","Johnston County, NC - 37101041108","2020","0.0%","",,"Distance to Parks: 1 Mile"
"37","North Carolina","37101041109","Johnston County, NC - 37101041109","2020","0.0%","",,"Distance to Parks: 1/2 Mile"
"37","North Carolina","37101041109","Johnston County, NC - 37101041109","2020","0.0%","",,"Distance to Parks: 1 Mile"
"37","North Carolina","37101041110","Johnston County, NC - 37101041110","2020","11.5%","",,"Distance to Parks: 1/2 Mile"
"37","North Carolina","37101041110","Johnston County, NC - 37101041110","2020","29.8%","",,"Distance to Parks: 1 Mile"
"37","North Carolina","37101041111","Johnston County, NC - 37101041111","2020","0.0%","",,"Distance to Parks: 1/2 Mile"
"37","North Carolina","37101041111","Johnston County, NC - 37101041111","2020","0.0%","",,"Distance to Parks: 1 Mile"
"37","North Carolina","37101041112","Johnston County, NC - 37101041112","2020","0.0%","",,"Distance to Parks: 1/2 Mile"
"37","North Carolina","37101041112","Johnston County, NC - 37101041112","2020","0.0%","",,"Distance to Parks: 1 Mile"
"37","North Carolina","37101041113","Johnston County, NC - 37101041113","2020","0.0%","",,"Distance to Parks: 1/2 Mile"
"37","North Carolina","37101041113","Johnston County, NC - 37101041113","2020","0.0%","",,"Distance to Parks: 1 Mile"
"37","North Carolina","37101041203","Johnston County, NC - 37101041203","2020","0.0%","",,"Distance to Parks: 1/2 Mile"
"37","North Carolina","37101041203","Johnston County, NC - 37101041203","2020","0.2%","",,"Distance to Parks: 1 Mile"
"37","North Carolina","37101041204","Johnston County, NC - 37101041204","2020","0.0%","",,"Distance to Parks: 1/2 Mile"
"37","North Carolina","37101041204","Johnston County, NC - 37101041204","2020","2.3%","",,"Distance to Parks: 1 Mile"
"37","North Carolina","37101041205","Johnston County, NC - 37101041205","2020","10.6%","",,"Distance to Parks: 1/2 Mile"
"37","North Carolina","37101041205","Johnston County, NC - 37101041205","2020","30.8%","",,"Distance to Parks: 1 Mile"
"37","North Carolina","37101041206","Johnston County, NC - 37101041206","2020","0.5%","",,"Distance to Parks: 1/2 Mile"
"37","North Carolina","37101041206","Johnston County, NC - 37101041206","2020","4.2%","",,"Distance to Parks: 1 Mile"
"37","North Carolina","37101041301","Johnston County, NC - 37101041301","2020","13.7%","",,"Distance to Parks: 1/2 Mile"
"37","North Carolina","37101041301","Johnston County, NC - 37101041301","2020","23.1%","",,"Distance to Parks: 1 Mile"
"37","North Carolina","37101041302","Johnston County, NC - 37101041302","2020","0.0%","",,"Distance to Parks: 1/2 Mile"
"37","North Carolina","37101041302","Johnston County, NC - 37101041302","2020","0.0%","",,"Distance to Parks: 1 Mile"
"37","North Carolina","37101041401","Johnston County, NC - 37101041401","2020","19.2%","",,"Distance to Parks: 1/2 Mile"
"37","North Carolina","37101041401","Johnston County, NC - 37101041401","2020","42.7%","",,"Distance to Parks: 1 Mile"
"37","North Carolina","37101041402","Johnston County, NC - 37101041402","2020","5.0%","",,"Distance to Parks: 1/2 Mile"
"37","North Carolina","37101041402","Johnston County, NC - 37101041402","2020","16.1%","",,"Distance to Parks: 1 Mile"
"37","North Carolina","37101041504","Johnston County, NC - 37101041504","2020","0.0%","",,"Distance to Parks: 1/2 Mile"
"37","North Carolina","37101041504","Johnston County, NC - 37101041504","2020","0.0%","",,"Distance to Parks: 1 Mile"
"37","North Carolina","37101041505","Johnston County, NC - 37101041505","2020","0.0%","",,"Distance to Parks: 1/2 Mile"
"37","North Carolina","37101041505","Johnston County, NC - 37101041505","2020","0.0%","",,"Distance to Parks: 1 Mile"
"37","North Carolina","37101041506","Johnston County, NC - 37101041506","2020","0.0%","",,"Distance to Parks: 1/2 Mile"
"37","North Carolina","37101041506","Johnston County, NC - 37101041506","2020","0.0%","",,"Distance to Parks: 1 Mile"
"37","North Carolina","37101041507","Johnston County, NC - 37101041507","2020","0.0%","",,"Distance to Parks: 1/2 Mile"
"37","North Carolina","37101041507","Johnston County, NC - 37101041507","2020","0.0%","",,"Distance to Parks: 1 Mile"
"37","North Carolina","37101041508","Johnston County, NC - 37101041508","2020","0.0%","",,"Distance to Parks: 1/2 Mile"
"37","North Carolina","37101041508","Johnston County, NC - 37101041508","2020","0.0%","",,"Distance to Parks: 1 Mile"
"37","North Carolina","37101041509","Johnston County, NC - 37101041509","2020","0.0%","",,"Distance to Parks: 1/2 Mile"
"37","North Carolina","37101041509","Johnston County, NC - 37101041509","2020","0.0%","",,"Distance to Parks: 1 Mile"
"37","North Carolina","37101041510","Johnston County, NC - 37101041510","2020","0.0%","",,"Distance to Parks: 1/2 Mile"
"37","North Carolina","37101041510","Johnston County, NC - 37101041510","2020","0.0%","",,"Distance to Parks: 1 Mile"
"37","North Carolina","37101041511","Johnston County, NC - 37101041511","2020","0.0%","",,"Distance to Parks: 1/2 Mile"
"37","North Carolina","37101041511","Johnston County, NC - 37101041511","2020","0.0%","",,"Distance to Parks: 1 Mile"
"37","North Carolina","37103920100","Jones County, NC - 37103920100","2020","84.2%","",,"Distance to Parks: 1/2 Mile"
"37","North Carolina","37103920100","Jones County, NC - 37103920100","2020","88.6%","",,"Distance to Parks: 1 Mile"
"37","North Carolina","37103920200","Jones County, NC - 37103920200","2020","1.7%","",,"Distance to Parks: 1/2 Mile"
"37","North Carolina","37103920200","Jones County, NC - 37103920200","2020","3.8%","",,"Distance to Parks: 1 Mile"
"37","North Carolina","37103920300","Jones County, NC - 37103920300","2020","0.0%","",,"Distance to Parks: 1/2 Mile"
"37","North Carolina","37103920300","Jones County, NC - 37103920300","2020","0.2%","",,"Distance to Parks: 1 Mile"
"37","North Carolina","37105030101","Lee County, NC - 37105030101","2020","48.7%","",,"Distance to Parks: 1/2 Mile"
"37","North Carolina","37105030101","Lee County, NC - 37105030101","2020","76.8%","",,"Distance to Parks: 1 Mile"
"37","North Carolina","37105030102","Lee County, NC - 37105030102","2020","8.7%","",,"Distance to Parks: 1/2 Mile"
"37","North Carolina","37105030102","Lee County, NC - 37105030102","2020","30.9%","",,"Distance to Parks: 1 Mile"
"37","North Carolina","37105030200","Lee County, NC - 37105030200","2020","78.3%","",,"Distance to Parks: 1/2 Mile"
"37","North Carolina","37105030200","Lee County, NC - 37105030200","2020","95.1%","",,"Distance to Parks: 1 Mile"
"37","North Carolina","37105030300","Lee County, NC - 37105030300","2020","79.2%","",,"Distance to Parks: 1/2 Mile"
"37","North Carolina","37105030300","Lee County, NC - 37105030300","2020","100.0%","",,"Distance to Parks: 1 Mile"
"37","North Carolina","37105030401","Lee County, NC - 37105030401","2020","24.1%","",,"Distance to Parks: 1/2 Mile"
"37","North Carolina","37105030401","Lee County, NC - 37105030401","2020","60.2%","",,"Distance to Parks: 1 Mile"
"37","North Carolina","37105030402","Lee County, NC - 37105030402","2020","35.5%","",,"Distance to Parks: 1/2 Mile"
"37","North Carolina","37105030402","Lee County, NC - 37105030402","2020","81.7%","",,"Distance to Parks: 1 Mile"
"37","North Carolina","37105030502","Lee County, NC - 37105030502","2020","11.3%","",,"Distance to Parks: 1/2 Mile"
"37","North Carolina","37105030502","Lee County, NC - 37105030502","2020","32.2%","",,"Distance to Parks: 1 Mile"
"37","North Carolina","37105030504","Lee County, NC - 37105030504","2020","0.0%","",,"Distance to Parks: 1/2 Mile"
"37","North Carolina","37105030504","Lee County, NC - 37105030504","2020","0.3%","",,"Distance to Parks: 1 Mile"
"37","North Carolina","37105030505","Lee County, NC - 37105030505","2020","0.0%","",,"Distance to Parks: 1/2 Mile"
"37","North Carolina","37105030505","Lee County, NC - 37105030505","2020","0.2%","",,"Distance to Parks: 1 Mile"
"37","North Carolina","37105030506","Lee County, NC - 37105030506","2020","1.0%","",,"Distance to Parks: 1/2 Mile"
"37","North Carolina","37105030506","Lee County, NC - 37105030506","2020","14.1%","",,"Distance to Parks: 1 Mile"
"37","North Carolina","37105030507","Lee County, NC - 37105030507","2020","0.0%","",,"Distance to Parks: 1/2 Mile"
"37","North Carolina","37105030507","Lee County, NC - 37105030507","2020","0.0%","",,"Distance to Parks: 1 Mile"
"37","North Carolina","37105030601","Lee County, NC - 37105030601","2020","11.1%","",,"Distance to Parks: 1/2 Mile"
"37","North Carolina","37105030601","Lee County, NC - 37105030601","2020","23.7%","",,"Distance to Parks: 1 Mile"
"37","North Carolina","37105030602","Lee County, NC - 37105030602","2020","0.0%","",,"Distance to Parks: 1/2 Mile"
"37","North Carolina","37105030602","Lee County, NC - 37105030602","2020","0.0%","",,"Distance to Parks: 1 Mile"
"37","North Carolina","37105030702","Lee County, NC - 37105030702","2020","0.0%","",,"Distance to Parks: 1/2 Mile"
"37","North Carolina","37105030702","Lee County, NC - 37105030702","2020","0.3%","",,"Distance to Parks: 1 Mile"
"37","North Carolina","37105030703","Lee County, NC - 37105030703","2020","19.9%","",,"Distance to Parks: 1/2 Mile"
"37","North Carolina","37105030703","Lee County, NC - 37105030703","2020","34.8%","",,"Distance to Parks: 1 Mile"
"37","North Carolina","37105030704","Lee County, NC - 37105030704","2020","0.0%","",,"Distance to Parks: 1/2 Mile"
"37","North Carolina","37105030704","Lee County, NC - 37105030704","2020","1.3%","",,"Distance to Parks: 1 Mile"
"37","North Carolina","37107010100","Lenoir County, NC - 37107010100","2020","0.6%","",,"Distance to Parks: 1/2 Mile"
"37","North Carolina","37107010100","Lenoir County, NC - 37107010100","2020","2.7%","",,"Distance to Parks: 1 Mile"
"37","North Carolina","37107010200","Lenoir County, NC - 37107010200","2020","18.9%","",,"Distance to Parks: 1/2 Mile"
"37","North Carolina","37107010200","Lenoir County, NC - 37107010200","2020","44.6%","",,"Distance to Parks: 1 Mile"
"37","North Carolina","37107010300","Lenoir County, NC - 37107010300","2020","43.5%","",,"Distance to Parks: 1/2 Mile"
"37","North Carolina","37107010300","Lenoir County, NC - 37107010300","2020","90.5%","",,"Distance to Parks: 1 Mile"
"37","North Carolina","37107010400","Lenoir County, NC - 37107010400","2020","100.0%","",,"Distance to Parks: 1/2 Mile"
"37","North Carolina","37107010400","Lenoir County, NC - 37107010400","2020","100.0%","",,"Distance to Parks: 1 Mile"
"37","North Carolina","37107010500","Lenoir County, NC - 37107010500","2020","34.6%","",,"Distance to Parks: 1/2 Mile"
"37","North Carolina","37107010500","Lenoir County, NC - 37107010500","2020","73.5%","",,"Distance to Parks: 1 Mile"
"37","North Carolina","37107010600","Lenoir County, NC - 37107010600","2020","77.2%","",,"Distance to Parks: 1/2 Mile"
"37","North Carolina","37107010600","Lenoir County, NC - 37107010600","2020","100.0%","",,"Distance to Parks: 1 Mile"
"37","North Carolina","37107010700","Lenoir County, NC - 37107010700","2020","96.8%","",,"Distance to Parks: 1/2 Mile"
"37","North Carolina","37107010700","Lenoir County, NC - 37107010700","2020","100.0%","",,"Distance to Parks: 1 Mile"
"37","North Carolina","37107010800","Lenoir County, NC - 37107010800","2020","17.9%","",,"Distance to Parks: 1/2 Mile"
"37","North Carolina","37107010800","Lenoir County, NC - 37107010800","2020","51.5%","",,"Distance to Parks: 1 Mile"
"37","North Carolina","37107010900","Lenoir County, NC - 37107010900","2020","0.0%","",,"Distance to Parks: 1/2 Mile"
"37","North Carolina","37107010900","Lenoir County, NC - 37107010900","2020","0.0%","",,"Distance to Parks: 1 Mile"
"37","North Carolina","37107011001","Lenoir County, NC - 37107011001","2020","8.1%","",,"Distance to Parks: 1/2 Mile"
"37","North Carolina","37107011001","Lenoir County, NC - 37107011001","2020","19.9%","",,"Distance to Parks: 1 Mile"
"37","North Carolina","37107011002","Lenoir County, NC - 37107011002","2020","0.0%","",,"Distance to Parks: 1/2 Mile"
"37","North Carolina","37107011002","Lenoir County, NC - 37107011002","2020","0.0%","",,"Distance to Parks: 1 Mile"
"37","North Carolina","37107011100","Lenoir County, NC - 37107011100","2020","2.0%","",,"Distance to Parks: 1/2 Mile"
"37","North Carolina","37107011100","Lenoir County, NC - 37107011100","2020","7.4%","",,"Distance to Parks: 1 Mile"
"37","North Carolina","37107011201","Lenoir County, NC - 37107011201","2020","0.0%","",,"Distance to Parks: 1/2 Mile"
"37","North Carolina","37107011201","Lenoir County, NC - 37107011201","2020","0.0%","",,"Distance to Parks: 1 Mile"
"37","North Carolina","37107011202","Lenoir County, NC - 37107011202","2020","0.0%","",,"Distance to Parks: 1/2 Mile"
"37","North Carolina","37107011202","Lenoir County, NC - 37107011202","2020","0.0%","",,"Distance to Parks: 1 Mile"
"37","North Carolina","37107011301","Lenoir County, NC - 37107011301","2020","0.9%","",,"Distance to Parks: 1/2 Mile"
"37","North Carolina","37107011301","Lenoir County, NC - 37107011301","2020","6.1%","",,"Distance to Parks: 1 Mile"
"37","North Carolina","37107011302","Lenoir County, NC - 37107011302","2020","2.7%","",,"Distance to Parks: 1/2 Mile"
"37","North Carolina","37107011302","Lenoir County, NC - 37107011302","2020","7.7%","",,"Distance to Parks: 1 Mile"
"37","North Carolina","37107011400","Lenoir County, NC - 37107011400","2020","0.0%","",,"Distance to Parks: 1/2 Mile"
"37","North Carolina","37107011400","Lenoir County, NC - 37107011400","2020","0.3%","",,"Distance to Parks: 1 Mile"
"37","North Carolina","37109070100","Lincoln County, NC - 37109070100","2020","41.1%","",,"Distance to Parks: 1/2 Mile"
"37","North Carolina","37109070100","Lincoln County, NC - 37109070100","2020","90.9%","",,"Distance to Parks: 1 Mile"
"37","North Carolina","37109070201","Lincoln County, NC - 37109070201","2020","30.6%","",,"Distance to Parks: 1/2 Mile"
"37","North Carolina","37109070201","Lincoln County, NC - 37109070201","2020","76.5%","",,"Distance to Parks: 1 Mile"
"37","North Carolina","37109070202","Lincoln County, NC - 37109070202","2020","4.1%","",,"Distance to Parks: 1/2 Mile"
"37","North Carolina","37109070202","Lincoln County, NC - 37109070202","2020","22.1%","",,"Distance to Parks: 1 Mile"
"37","North Carolina","37109070300","Lincoln County, NC - 37109070300","2020","0.1%","",,"Distance to Parks: 1/2 Mile"
"37","North Carolina","37109070300","Lincoln County, NC - 37109070300","2020","10.2%","",,"Distance to Parks: 1 Mile"
"37","North Carolina","37109070400","Lincoln County, NC - 37109070400","2020","3.5%","",,"Distance to Parks: 1/2 Mile"
"37","North Carolina","37109070400","Lincoln County, NC - 37109070400","2020","10.4%","",,"Distance to Parks: 1 Mile"
"37","North Carolina","37109070500","Lincoln County, NC - 37109070500","2020","0.0%","",,"Distance to Parks: 1/2 Mile"
"37","North Carolina","37109070500","Lincoln County, NC - 37109070500","2020","0.0%","",,"Distance to Parks: 1 Mile"
"37","North Carolina","37109070600","Lincoln County, NC - 37109070600","2020","0.0%","",,"Distance to Parks: 1/2 Mile"
"37","North Carolina","37109070600","Lincoln County, NC - 37109070600","2020","0.0%","",,"Distance to Parks: 1 Mile"
"37","North Carolina","37109070700","Lincoln County, NC - 37109070700","2020","0.3%","",,"Distance to Parks: 1/2 Mile"
"37","North Carolina","37109070700","Lincoln County, NC - 37109070700","2020","1.9%","",,"Distance to Parks: 1 Mile"
"37","North Carolina","37109070800","Lincoln County, NC - 37109070800","2020","5.4%","",,"Distance to Parks: 1/2 Mile"
"37","North Carolina","37109070800","Lincoln County, NC - 37109070800","2020","12.7%","",,"Distance to Parks: 1 Mile"
"37","North Carolina","37109070901","Lincoln County, NC - 37109070901","2020","0.0%","",,"Distance to Parks: 1/2 Mile"
"37","North Carolina","37109070901","Lincoln County, NC - 37109070901","2020","0.0%","",,"Distance to Parks: 1 Mile"
"37","North Carolina","37109070902","Lincoln County, NC - 37109070902","2020","0.0%","",,"Distance to Parks: 1/2 Mile"
"37","North Carolina","37109070902","Lincoln County, NC - 37109070902","2020","0.0%","",,"Distance to Parks: 1 Mile"
"37","North Carolina","37109071001","Lincoln County, NC - 37109071001","2020","0.1%","",,"Distance to Parks: 1/2 Mile"
"37","North Carolina","37109071001","Lincoln County, NC - 37109071001","2020","2.5%","",,"Distance to Parks: 1 Mile"
"37","North Carolina","37109071002","Lincoln County, NC - 37109071002","2020","0.0%","",,"Distance to Parks: 1/2 Mile"
"37","North Carolina","37109071002","Lincoln County, NC - 37109071002","2020","0.0%","",,"Distance to Parks: 1 Mile"
"37","North Carolina","37109071101","Lincoln County, NC - 37109071101","2020","2.9%","",,"Distance to Parks: 1/2 Mile"
"37","North Carolina","37109071101","Lincoln County, NC - 37109071101","2020","8.9%","",,"Distance to Parks: 1 Mile"
"37","North Carolina","37109071102","Lincoln County, NC - 37109071102","2020","0.0%","",,"Distance to Parks: 1/2 Mile"
"37","North Carolina","37109071102","Lincoln County, NC - 37109071102","2020","0.0%","",,"Distance to Parks: 1 Mile"
"37","North Carolina","37109071201","Lincoln County, NC - 37109071201","2020","0.0%","",,"Distance to Parks: 1/2 Mile"
"37","North Carolina","37109071201","Lincoln County, NC - 37109071201","2020","5.4%","",,"Distance to Parks: 1 Mile"
"37","North Carolina","37109071202","Lincoln County, NC - 37109071202","2020","0.1%","",,"Distance to Parks: 1/2 Mile"
"37","North Carolina","37109071202","Lincoln County, NC - 37109071202","2020","9.4%","",,"Distance to Parks: 1 Mile"
"37","North Carolina","37109071203","Lincoln County, NC - 37109071203","2020","4.5%","",,"Distance to Parks: 1/2 Mile"
"37","North Carolina","37109071203","Lincoln County, NC - 37109071203","2020","17.3%","",,"Distance to Parks: 1 Mile"
"37","North Carolina","37113970100","Macon County, NC - 37113970100","2020","100.0%","",,"Distance to Parks: 1/2 Mile"
"37","North Carolina","37113970100","Macon County, NC - 37113970100","2020","100.0%","",,"Distance to Parks: 1 Mile"
"37","North Carolina","37113970200","Macon County, NC - 37113970200","2020","100.0%","",,"Distance to Parks: 1/2 Mile"
"37","North Carolina","37113970200","Macon County, NC - 37113970200","2020","100.0%","",,"Distance to Parks: 1 Mile"
"37","North Carolina","37113970302","Macon County, NC - 37113970302","2020","100.0%","",,"Distance to Parks: 1/2 Mile"
"37","North Carolina","37113970302","Macon County, NC - 37113970302","2020","100.0%","",,"Distance to Parks: 1 Mile"
"37","North Carolina","37113970303","Macon County, NC - 37113970303","2020","100.0%","",,"Distance to Parks: 1/2 Mile"
"37","North Carolina","37113970303","Macon County, NC - 37113970303","2020","100.0%","",,"Distance to Parks: 1 Mile"
"37","North Carolina","37113970304","Macon County, NC - 37113970304","2020","100.0%","",,"Distance to Parks: 1/2 Mile"
"37","North Carolina","37113970304","Macon County, NC - 37113970304","2020","100.0%","",,"Distance to Parks: 1 Mile"
"37","North Carolina","37113970400","Macon County, NC - 37113970400","2020","100.0%","",,"Distance to Parks: 1/2 Mile"
"37","North Carolina","37113970400","Macon County, NC - 37113970400","2020","100.0%","",,"Distance to Parks: 1 Mile"
"37","North Carolina","37113970501","Macon County, NC - 37113970501","2020","100.0%","",,"Distance to Parks: 1/2 Mile"
"37","North Carolina","37113970501","Macon County, NC - 37113970501","2020","100.0%","",,"Distance to Parks: 1 Mile"
"37","North Carolina","37113970502","Macon County, NC - 37113970502","2020","100.0%","",,"Distance to Parks: 1/2 Mile"
"37","North Carolina","37113970502","Macon County, NC - 37113970502","2020","100.0%","",,"Distance to Parks: 1 Mile"
"37","North Carolina","37113970600","Macon County, NC - 37113970600","2020","100.0%","",,"Distance to Parks: 1/2 Mile"
"37","North Carolina","37113970600","Macon County, NC - 37113970600","2020","100.0%","",,"Distance to Parks: 1 Mile"
"37","North Carolina","37113970700","Macon County, NC - 37113970700","2020","100.0%","",,"Distance to Parks: 1/2 Mile"
"37","North Carolina","37113970700","Macon County, NC - 37113970700","2020","100.0%","",,"Distance to Parks: 1 Mile"
"37","North Carolina","37115010100","Madison County, NC - 37115010100","2020","91.3%","",,"Distance to Parks: 1/2 Mile"
"37","North Carolina","37115010100","Madison County, NC - 37115010100","2020","95.9%","",,"Distance to Parks: 1 Mile"
"37","North Carolina","37115010200","Madison County, NC - 37115010200","2020","93.3%","",,"Distance to Parks: 1/2 Mile"
"37","North Carolina","37115010200","Madison County, NC - 37115010200","2020","95.9%","",,"Distance to Parks: 1 Mile"
"37","North Carolina","37115010400","Madison County, NC - 37115010400","2020","22.8%","",,"Distance to Parks: 1/2 Mile"
"37","North Carolina","37115010400","Madison County, NC - 37115010400","2020","33.9%","",,"Distance to Parks: 1 Mile"
"37","North Carolina","37115010500","Madison County, NC - 37115010500","2020","8.4%","",,"Distance to Parks: 1/2 Mile"
"37","North Carolina","37115010500","Madison County, NC - 37115010500","2020","14.6%","",,"Distance to Parks: 1 Mile"
"37","North Carolina","37115010601","Madison County, NC - 37115010601","2020","0.0%","",,"Distance to Parks: 1/2 Mile"
"37","North Carolina","37115010601","Madison County, NC - 37115010601","2020","3.4%","",,"Distance to Parks: 1 Mile"
"37","North Carolina","37115010602","Madison County, NC - 37115010602","2020","2.9%","",,"Distance to Parks: 1/2 Mile"
"37","North Carolina","37115010602","Madison County, NC - 37115010602","2020","6.3%","",,"Distance to Parks: 1 Mile"
"37","North Carolina","37115010700","Madison County, NC - 37115010700","2020","15.1%","",,"Distance to Parks: 1/2 Mile"
"37","North Carolina","37115010700","Madison County, NC - 37115010700","2020","31.5%","",,"Distance to Parks: 1 Mile"
"37","North Carolina","37117970100","Martin County, NC - 37117970100","2020","2.0%","",,"Distance to Parks: 1/2 Mile"
"37","North Carolina","37117970100","Martin County, NC - 37117970100","2020","5.8%","",,"Distance to Parks: 1 Mile"
"37","North Carolina","37117970200","Martin County, NC - 37117970200","2020","14.4%","",,"Distance to Parks: 1/2 Mile"
"37","North Carolina","37117970200","Martin County, NC - 37117970200","2020","32.0%","",,"Distance to Parks: 1 Mile"
"37","North Carolina","37117970300","Martin County, NC - 37117970300","2020","13.3%","",,"Distance to Parks: 1/2 Mile"
"37","North Carolina","37117970300","Martin County, NC - 37117970300","2020","31.4%","",,"Distance to Parks: 1 Mile"
"37","North Carolina","37117970400","Martin County, NC - 37117970400","2020","6.1%","",,"Distance to Parks: 1/2 Mile"
"37","North Carolina","37117970400","Martin County, NC - 37117970400","2020","12.5%","",,"Distance to Parks: 1 Mile"
"37","North Carolina","37117970500","Martin County, NC - 37117970500","2020","0.0%","",,"Distance to Parks: 1/2 Mile"
"37","North Carolina","37117970500","Martin County, NC - 37117970500","2020","0.0%","",,"Distance to Parks: 1 Mile"
"37","North Carolina","37117970600","Martin County, NC - 37117970600","2020","0.0%","",,"Distance to Parks: 1/2 Mile"
"37","North Carolina","37117970600","Martin County, NC - 37117970600","2020","0.0%","",,"Distance to Parks: 1 Mile"
"37","North Carolina","37111970101","McDowell County, NC - 37111970101","2020","100.0%","",,"Distance to Parks: 1/2 Mile"
"37","North Carolina","37111970101","McDowell County, NC - 37111970101","2020","100.0%","",,"Distance to Parks: 1 Mile"
"37","North Carolina","37111970102","McDowell County, NC - 37111970102","2020","99.5%","",,"Distance to Parks: 1/2 Mile"
"37","North Carolina","37111970102","McDowell County, NC - 37111970102","2020","100.0%","",,"Distance to Parks: 1 Mile"
"37","North Carolina","37111970200","McDowell County, NC - 37111970200","2020","25.1%","",,"Distance to Parks: 1/2 Mile"
"37","North Carolina","37111970200","McDowell County, NC - 37111970200","2020","57.4%","",,"Distance to Parks: 1 Mile"
"37","North Carolina","37111970300","McDowell County, NC - 37111970300","2020","35.8%","",,"Distance to Parks: 1/2 Mile"
"37","North Carolina","37111970300","McDowell County, NC - 37111970300","2020","87.8%","",,"Distance to Parks: 1 Mile"
"37","North Carolina","37111970400","McDowell County, NC - 37111970400","2020","68.5%","",,"Distance to Parks: 1/2 Mile"
"37","North Carolina","37111970400","McDowell County, NC - 37111970400","2020","98.2%","",,"Distance to Parks: 1 Mile"
"37","North Carolina","37111970500","McDowell County, NC - 37111970500","2020","14.6%","",,"Distance to Parks: 1/2 Mile"
"37","North Carolina","37111970500","McDowell County, NC - 37111970500","2020","31.9%","",,"Distance to Parks: 1 Mile"
"37","North Carolina","37111970600","McDowell County, NC - 37111970600","2020","11.3%","",,"Distance to Parks: 1/2 Mile"
"37","North Carolina","37111970600","McDowell County, NC - 37111970600","2020","34.5%","",,"Distance to Parks: 1 Mile"
"37","North Carolina","37111970700","McDowell County, NC - 37111970700","2020","95.2%","",,"Distance to Parks: 1/2 Mile"
"37","North Carolina","37111970700","McDowell County, NC - 37111970700","2020","98.2%","",,"Distance to Parks: 1 Mile"
"37","North Carolina","37111970800","McDowell County, NC - 37111970800","2020","15.3%","",,"Distance to Parks: 1/2 Mile"
"37","North Carolina","37111970800","McDowell County, NC - 37111970800","2020","24.3%","",,"Distance to Parks: 1 Mile"
"37","North Carolina","37111970902","McDowell County, NC - 37111970902","2020","0.0%","",,"Distance to Parks: 1/2 Mile"
"37","North Carolina","37111970902","McDowell County, NC - 37111970902","2020","0.0%","",,"Distance to Parks: 1 Mile"
"37","North Carolina","37111970903","McDowell County, NC - 37111970903","2020","3.4%","",,"Distance to Parks: 1/2 Mile"
"37","North Carolina","37111970903","McDowell County, NC - 37111970903","2020","8.0%","",,"Distance to Parks: 1 Mile"
"37","North Carolina","37111970904","McDowell County, NC - 37111970904","2020","11.4%","",,"Distance to Parks: 1/2 Mile"
"37","North Carolina","37111970904","McDowell County, NC - 37111970904","2020","22.1%","",,"Distance to Parks: 1 Mile"
"37","North Carolina","37119000101","Mecklenburg County, NC - 37119000101","2020","100.0%","",,"Distance to Parks: 1/2 Mile"
"37","North Carolina","37119000101","Mecklenburg County, NC - 37119000101","2020","100.0%","",,"Distance to Parks: 1 Mile"
"37","North Carolina","37119000102","Mecklenburg County, NC - 37119000102","2020","100.0%","",,"Distance to Parks: 1/2 Mile"
"37","North Carolina","37119000102","Mecklenburg County, NC - 37119000102","2020","100.0%","",,"Distance to Parks: 1 Mile"
"37","North Carolina","37119000103","Mecklenburg County, NC - 37119000103","2020","100.0%","",,"Distance to Parks: 1/2 Mile"
"37","North Carolina","37119000103","Mecklenburg County, NC - 37119000103","2020","100.0%","",,"Distance to Parks: 1 Mile"
"37","North Carolina","37119000104","Mecklenburg County, NC - 37119000104","2020","100.0%","",,"Distance to Parks: 1/2 Mile"
"37","North Carolina","37119000104","Mecklenburg County, NC - 37119000104","2020","100.0%","",,"Distance to Parks: 1 Mile"
"37","North Carolina","37119000301","Mecklenburg County, NC - 37119000301","2020","100.0%","",,"Distance to Parks: 1/2 Mile"
"37","North Carolina","37119000301","Mecklenburg County, NC - 37119000301","2020","100.0%","",,"Distance to Parks: 1 Mile"
"37","North Carolina","37119000302","Mecklenburg County, NC - 37119000302","2020","100.0%","",,"Distance to Parks: 1/2 Mile"
"37","North Carolina","37119000302","Mecklenburg County, NC - 37119000302","2020","100.0%","",,"Distance to Parks: 1 Mile"
"37","North Carolina","37119000401","Mecklenburg County, NC - 37119000401","2020","100.0%","",,"Distance to Parks: 1/2 Mile"
"37","North Carolina","37119000401","Mecklenburg County, NC - 37119000401","2020","100.0%","",,"Distance to Parks: 1 Mile"
"37","North Carolina","37119000402","Mecklenburg County, NC - 37119000402","2020","100.0%","",,"Distance to Parks: 1/2 Mile"
"37","North Carolina","37119000402","Mecklenburg County, NC - 37119000402","2020","100.0%","",,"Distance to Parks: 1 Mile"
"37","North Carolina","37119000501","Mecklenburg County, NC - 37119000501","2020","100.0%","",,"Distance to Parks: 1/2 Mile"
"37","North Carolina","37119000501","Mecklenburg County, NC - 37119000501","2020","100.0%","",,"Distance to Parks: 1 Mile"
"37","North Carolina","37119000502","Mecklenburg County, NC - 37119000502","2020","100.0%","",,"Distance to Parks: 1/2 Mile"
"37","North Carolina","37119000502","Mecklenburg County, NC - 37119000502","2020","100.0%","",,"Distance to Parks: 1 Mile"
"37","North Carolina","37119000503","Mecklenburg County, NC - 37119000503","2020","100.0%","",,"Distance to Parks: 1/2 Mile"
"37","North Carolina","37119000503","Mecklenburg County, NC - 37119000503","2020","100.0%","",,"Distance to Parks: 1 Mile"
"37","North Carolina","37119000600","Mecklenburg County, NC - 37119000600","2020","100.0%","",,"Distance to Parks: 1/2 Mile"
"37","North Carolina","37119000600","Mecklenburg County, NC - 37119000600","2020","100.0%","",,"Distance to Parks: 1 Mile"
"37","North Carolina","37119000700","Mecklenburg County, NC - 37119000700","2020","100.0%","",,"Distance to Parks: 1/2 Mile"
"37","North Carolina","37119000700","Mecklenburg County, NC - 37119000700","2020","100.0%","",,"Distance to Parks: 1 Mile"
"37","North Carolina","37119000800","Mecklenburg County, NC - 37119000800","2020","100.0%","",,"Distance to Parks: 1/2 Mile"
"37","North Carolina","37119000800","Mecklenburg County, NC - 37119000800","2020","100.0%","",,"Distance to Parks: 1 Mile"
"37","North Carolina","37119000900","Mecklenburg County, NC - 37119000900","2020","100.0%","",,"Distance to Parks: 1/2 Mile"
"37","North Carolina","37119000900","Mecklenburg County, NC - 37119000900","2020","100.0%","",,"Distance to Parks: 1 Mile"
"37","North Carolina","37119001000","Mecklenburg County, NC - 37119001000","2020","94.2%","",,"Distance to Parks: 1/2 Mile"
"37","North Carolina","37119001000","Mecklenburg County, NC - 37119001000","2020","100.0%","",,"Distance to Parks: 1 Mile"
"37","North Carolina","37119001100","Mecklenburg County, NC - 37119001100","2020","99.3%","",,"Distance to Parks: 1/2 Mile"
"37","North Carolina","37119001100","Mecklenburg County, NC - 37119001100","2020","100.0%","",,"Distance to Parks: 1 Mile"
"37","North Carolina","37119001200","Mecklenburg County, NC - 37119001200","2020","100.0%","",,"Distance to Parks: 1/2 Mile"
"37","North Carolina","37119001200","Mecklenburg County, NC - 37119001200","2020","100.0%","",,"Distance to Parks: 1 Mile"
"37","North Carolina","37119001300","Mecklenburg County, NC - 37119001300","2020","99.0%","",,"Distance to Parks: 1/2 Mile"
"37","North Carolina","37119001300","Mecklenburg County, NC - 37119001300","2020","100.0%","",,"Distance to Parks: 1 Mile"
"37","North Carolina","37119001400","Mecklenburg County, NC - 37119001400","2020","100.0%","",,"Distance to Parks: 1/2 Mile"
"37","North Carolina","37119001400","Mecklenburg County, NC - 37119001400","2020","100.0%","",,"Distance to Parks: 1 Mile"
"37","North Carolina","37119001504","Mecklenburg County, NC - 37119001504","2020","91.2%","",,"Distance to Parks: 1/2 Mile"
"37","North Carolina","37119001504","Mecklenburg County, NC - 37119001504","2020","100.0%","",,"Distance to Parks: 1 Mile"
"37","North Carolina","37119001505","Mecklenburg County, NC - 37119001505","2020","68.9%","",,"Distance to Parks: 1/2 Mile"
"37","North Carolina","37119001505","Mecklenburg County, NC - 37119001505","2020","100.0%","",,"Distance to Parks: 1 Mile"
"37","North Carolina","37119001507","Mecklenburg County, NC - 37119001507","2020","79.2%","",,"Distance to Parks: 1/2 Mile"
"37","North Carolina","37119001507","Mecklenburg County, NC - 37119001507","2020","100.0%","",,"Distance to Parks: 1 Mile"
"37","North Carolina","37119001508","Mecklenburg County, NC - 37119001508","2020","76.9%","",,"Distance to Parks: 1/2 Mile"
"37","North Carolina","37119001508","Mecklenburg County, NC - 37119001508","2020","100.0%","",,"Distance to Parks: 1 Mile"
"37","North Carolina","37119001509","Mecklenburg County, NC - 37119001509","2020","93.6%","",,"Distance to Parks: 1/2 Mile"
"37","North Carolina","37119001509","Mecklenburg County, NC - 37119001509","2020","100.0%","",,"Distance to Parks: 1 Mile"
"37","North Carolina","37119001510","Mecklenburg County, NC - 37119001510","2020","70.1%","",,"Distance to Parks: 1/2 Mile"
"37","North Carolina","37119001510","Mecklenburg County, NC - 37119001510","2020","100.0%","",,"Distance to Parks: 1 Mile"
"37","North Carolina","37119001603","Mecklenburg County, NC - 37119001603","2020","52.5%","",,"Distance to Parks: 1/2 Mile"
"37","North Carolina","37119001603","Mecklenburg County, NC - 37119001603","2020","100.0%","",,"Distance to Parks: 1 Mile"
"37","North Carolina","37119001605","Mecklenburg County, NC - 37119001605","2020","100.0%","",,"Distance to Parks: 1/2 Mile"
"37","North Carolina","37119001605","Mecklenburg County, NC - 37119001605","2020","100.0%","",,"Distance to Parks: 1 Mile"
"37","North Carolina","37119001606","Mecklenburg County, NC - 37119001606","2020","64.0%","",,"Distance to Parks: 1/2 Mile"
"37","North Carolina","37119001606","Mecklenburg County, NC - 37119001606","2020","100.0%","",,"Distance to Parks: 1 Mile"
"37","North Carolina","37119001607","Mecklenburg County, NC - 37119001607","2020","43.1%","",,"Distance to Parks: 1/2 Mile"
"37","North Carolina","37119001607","Mecklenburg County, NC - 37119001607","2020","100.0%","",,"Distance to Parks: 1 Mile"
"37","North Carolina","37119001608","Mecklenburg County, NC - 37119001608","2020","74.6%","",,"Distance to Parks: 1/2 Mile"
"37","North Carolina","37119001608","Mecklenburg County, NC - 37119001608","2020","100.0%","",,"Distance to Parks: 1 Mile"
"37","North Carolina","37119001609","Mecklenburg County, NC - 37119001609","2020","90.9%","",,"Distance to Parks: 1/2 Mile"
"37","North Carolina","37119001609","Mecklenburg County, NC - 37119001609","2020","100.0%","",,"Distance to Parks: 1 Mile"
"37","North Carolina","37119001701","Mecklenburg County, NC - 37119001701","2020","99.2%","",,"Distance to Parks: 1/2 Mile"
"37","North Carolina","37119001701","Mecklenburg County, NC - 37119001701","2020","100.0%","",,"Distance to Parks: 1 Mile"
"37","North Carolina","37119001702","Mecklenburg County, NC - 37119001702","2020","83.3%","",,"Distance to Parks: 1/2 Mile"
"37","North Carolina","37119001702","Mecklenburg County, NC - 37119001702","2020","100.0%","",,"Distance to Parks: 1 Mile"
"37","North Carolina","37119001801","Mecklenburg County, NC - 37119001801","2020","100.0%","",,"Distance to Parks: 1/2 Mile"
"37","North Carolina","37119001801","Mecklenburg County, NC - 37119001801","2020","100.0%","",,"Distance to Parks: 1 Mile"
"37","North Carolina","37119001802","Mecklenburg County, NC - 37119001802","2020","57.3%","",,"Distance to Parks: 1/2 Mile"
"37","North Carolina","37119001802","Mecklenburg County, NC - 37119001802","2020","100.0%","",,"Distance to Parks: 1 Mile"
"37","North Carolina","37119001910","Mecklenburg County, NC - 37119001910","2020","100.0%","",,"Distance to Parks: 1/2 Mile"
"37","North Carolina","37119001910","Mecklenburg County, NC - 37119001910","2020","100.0%","",,"Distance to Parks: 1 Mile"
"37","North Carolina","37119001911","Mecklenburg County, NC - 37119001911","2020","99.3%","",,"Distance to Parks: 1/2 Mile"
"37","North Carolina","37119001911","Mecklenburg County, NC - 37119001911","2020","100.0%","",,"Distance to Parks: 1 Mile"
"37","North Carolina","37119001914","Mecklenburg County, NC - 37119001914","2020","96.8%","",,"Distance to Parks: 1/2 Mile"
"37","North Carolina","37119001914","Mecklenburg County, NC - 37119001914","2020","100.0%","",,"Distance to Parks: 1 Mile"
"37","North Carolina","37119001916","Mecklenburg County, NC - 37119001916","2020","69.4%","",,"Distance to Parks: 1/2 Mile"
"37","North Carolina","37119001916","Mecklenburg County, NC - 37119001916","2020","100.0%","",,"Distance to Parks: 1 Mile"
"37","North Carolina","37119001917","Mecklenburg County, NC - 37119001917","2020","80.6%","",,"Distance to Parks: 1/2 Mile"
"37","North Carolina","37119001917","Mecklenburg County, NC - 37119001917","2020","100.0%","",,"Distance to Parks: 1 Mile"
"37","North Carolina","37119001918","Mecklenburg County, NC - 37119001918","2020","99.5%","",,"Distance to Parks: 1/2 Mile"
"37","North Carolina","37119001918","Mecklenburg County, NC - 37119001918","2020","100.0%","",,"Distance to Parks: 1 Mile"
"37","North Carolina","37119001919","Mecklenburg County, NC - 37119001919","2020","100.0%","",,"Distance to Parks: 1/2 Mile"
"37","North Carolina","37119001919","Mecklenburg County, NC - 37119001919","2020","100.0%","",,"Distance to Parks: 1 Mile"
"37","North Carolina","37119001920","Mecklenburg County, NC - 37119001920","2020","99.9%","",,"Distance to Parks: 1/2 Mile"
"37","North Carolina","37119001920","Mecklenburg County, NC - 37119001920","2020","100.0%","",,"Distance to Parks: 1 Mile"
"37","North Carolina","37119001921","Mecklenburg County, NC - 37119001921","2020","100.0%","",,"Distance to Parks: 1/2 Mile"
"37","North Carolina","37119001921","Mecklenburg County, NC - 37119001921","2020","100.0%","",,"Distance to Parks: 1 Mile"
"37","North Carolina","37119001922","Mecklenburg County, NC - 37119001922","2020","84.2%","",,"Distance to Parks: 1/2 Mile"
"37","North Carolina","37119001922","Mecklenburg County, NC - 37119001922","2020","100.0%","",,"Distance to Parks: 1 Mile"
"37","North Carolina","37119001923","Mecklenburg County, NC - 37119001923","2020","3.9%","",,"Distance to Parks: 1/2 Mile"
"37","North Carolina","37119001923","Mecklenburg County, NC - 37119001923","2020","96.8%","",,"Distance to Parks: 1 Mile"
"37","North Carolina","37119001924","Mecklenburg County, NC - 37119001924","2020","100.0%","",,"Distance to Parks: 1/2 Mile"
"37","North Carolina","37119001924","Mecklenburg County, NC - 37119001924","2020","100.0%","",,"Distance to Parks: 1 Mile"
"37","North Carolina","37119001925","Mecklenburg County, NC - 37119001925","2020","72.1%","",,"Distance to Parks: 1/2 Mile"
"37","North Carolina","37119001925","Mecklenburg County, NC - 37119001925","2020","100.0%","",,"Distance to Parks: 1 Mile"
"37","North Carolina","37119001926","Mecklenburg County, NC - 37119001926","2020","95.7%","",,"Distance to Parks: 1/2 Mile"
"37","North Carolina","37119001926","Mecklenburg County, NC - 37119001926","2020","100.0%","",,"Distance to Parks: 1 Mile"
"37","North Carolina","37119001927","Mecklenburg County, NC - 37119001927","2020","100.0%","",,"Distance to Parks: 1/2 Mile"
"37","North Carolina","37119001927","Mecklenburg County, NC - 37119001927","2020","100.0%","",,"Distance to Parks: 1 Mile"
"37","North Carolina","37119002004","Mecklenburg County, NC - 37119002004","2020","42.4%","",,"Distance to Parks: 1/2 Mile"
"37","North Carolina","37119002004","Mecklenburg County, NC - 37119002004","2020","98.3%","",,"Distance to Parks: 1 Mile"
"37","North Carolina","37119002005","Mecklenburg County, NC - 37119002005","2020","68.0%","",,"Distance to Parks: 1/2 Mile"
"37","North Carolina","37119002005","Mecklenburg County, NC - 37119002005","2020","100.0%","",,"Distance to Parks: 1 Mile"
"37","North Carolina","37119002006","Mecklenburg County, NC - 37119002006","2020","94.3%","",,"Distance to Parks: 1/2 Mile"
"37","North Carolina","37119002006","Mecklenburg County, NC - 37119002006","2020","100.0%","",,"Distance to Parks: 1 Mile"
"37","North Carolina","37119002007","Mecklenburg County, NC - 37119002007","2020","92.9%","",,"Distance to Parks: 1/2 Mile"
"37","North Carolina","37119002007","Mecklenburg County, NC - 37119002007","2020","100.0%","",,"Distance to Parks: 1 Mile"
"37","North Carolina","37119002008","Mecklenburg County, NC - 37119002008","2020","73.4%","",,"Distance to Parks: 1/2 Mile"
"37","North Carolina","37119002008","Mecklenburg County, NC - 37119002008","2020","100.0%","",,"Distance to Parks: 1 Mile"
"37","North Carolina","37119002100","Mecklenburg County, NC - 37119002100","2020","97.5%","",,"Distance to Parks: 1/2 Mile"
"37","North Carolina","37119002100","Mecklenburg County, NC - 37119002100","2020","100.0%","",,"Distance to Parks: 1 Mile"
"37","North Carolina","37119002201","Mecklenburg County, NC - 37119002201","2020","78.5%","",,"Distance to Parks: 1/2 Mile"
"37","North Carolina","37119002201","Mecklenburg County, NC - 37119002201","2020","100.0%","",,"Distance to Parks: 1 Mile"
"37","North Carolina","37119002202","Mecklenburg County, NC - 37119002202","2020","55.5%","",,"Distance to Parks: 1/2 Mile"
"37","North Carolina","37119002202","Mecklenburg County, NC - 37119002202","2020","100.0%","",,"Distance to Parks: 1 Mile"
"37","North Carolina","37119002300","Mecklenburg County, NC - 37119002300","2020","100.0%","",,"Distance to Parks: 1/2 Mile"
"37","North Carolina","37119002300","Mecklenburg County, NC - 37119002300","2020","100.0%","",,"Distance to Parks: 1 Mile"
"37","North Carolina","37119002400","Mecklenburg County, NC - 37119002400","2020","100.0%","",,"Distance to Parks: 1/2 Mile"
"37","North Carolina","37119002400","Mecklenburg County, NC - 37119002400","2020","100.0%","",,"Distance to Parks: 1 Mile"
"37","North Carolina","37119002500","Mecklenburg County, NC - 37119002500","2020","100.0%","",,"Distance to Parks: 1/2 Mile"
"37","North Carolina","37119002500","Mecklenburg County, NC - 37119002500","2020","100.0%","",,"Distance to Parks: 1 Mile"
"37","North Carolina","37119002600","Mecklenburg County, NC - 37119002600","2020","100.0%","",,"Distance to Parks: 1/2 Mile"
"37","North Carolina","37119002600","Mecklenburg County, NC - 37119002600","2020","100.0%","",,"Distance to Parks: 1 Mile"
"37","North Carolina","37119002701","Mecklenburg County, NC - 37119002701","2020","97.0%","",,"Distance to Parks: 1/2 Mile"
"37","North Carolina","37119002701","Mecklenburg County, NC - 37119002701","2020","100.0%","",,"Distance to Parks: 1 Mile"
"37","North Carolina","37119002702","Mecklenburg County, NC - 37119002702","2020","97.6%","",,"Distance to Parks: 1/2 Mile"
"37","North Carolina","37119002702","Mecklenburg County, NC - 37119002702","2020","100.0%","",,"Distance to Parks: 1 Mile"
"37","North Carolina","37119002800","Mecklenburg County, NC - 37119002800","2020","90.2%","",,"Distance to Parks: 1/2 Mile"
"37","North Carolina","37119002800","Mecklenburg County, NC - 37119002800","2020","100.0%","",,"Distance to Parks: 1 Mile"
"37","North Carolina","37119002903","Mecklenburg County, NC - 37119002903","2020","25.1%","",,"Distance to Parks: 1/2 Mile"
"37","North Carolina","37119002903","Mecklenburg County, NC - 37119002903","2020","90.7%","",,"Distance to Parks: 1 Mile"
"37","North Carolina","37119002905","Mecklenburg County, NC - 37119002905","2020","39.3%","",,"Distance to Parks: 1/2 Mile"
"37","North Carolina","37119002905","Mecklenburg County, NC - 37119002905","2020","92.0%","",,"Distance to Parks: 1 Mile"
"37","North Carolina","37119002907","Mecklenburg County, NC - 37119002907","2020","43.0%","",,"Distance to Parks: 1/2 Mile"
"37","North Carolina","37119002907","Mecklenburg County, NC - 37119002907","2020","100.0%","",,"Distance to Parks: 1 Mile"
"37","North Carolina","37119002908","Mecklenburg County, NC - 37119002908","2020","31.3%","",,"Distance to Parks: 1/2 Mile"
"37","North Carolina","37119002908","Mecklenburg County, NC - 37119002908","2020","90.7%","",,"Distance to Parks: 1 Mile"
"37","North Carolina","37119002909","Mecklenburg County, NC - 37119002909","2020","55.0%","",,"Distance to Parks: 1/2 Mile"
"37","North Carolina","37119002909","Mecklenburg County, NC - 37119002909","2020","100.0%","",,"Distance to Parks: 1 Mile"
"37","North Carolina","37119002910","Mecklenburg County, NC - 37119002910","2020","94.2%","",,"Distance to Parks: 1/2 Mile"
"37","North Carolina","37119002910","Mecklenburg County, NC - 37119002910","2020","100.0%","",,"Distance to Parks: 1 Mile"
"37","North Carolina","37119003006","Mecklenburg County, NC - 37119003006","2020","7.6%","",,"Distance to Parks: 1/2 Mile"
"37","North Carolina","37119003006","Mecklenburg County, NC - 37119003006","2020","65.3%","",,"Distance to Parks: 1 Mile"
"37","North Carolina","37119003008","Mecklenburg County, NC - 37119003008","2020","90.6%","",,"Distance to Parks: 1/2 Mile"
"37","North Carolina","37119003008","Mecklenburg County, NC - 37119003008","2020","100.0%","",,"Distance to Parks: 1 Mile"
"37","North Carolina","37119003012","Mecklenburg County, NC - 37119003012","2020","78.5%","",,"Distance to Parks: 1/2 Mile"
"37","North Carolina","37119003012","Mecklenburg County, NC - 37119003012","2020","100.0%","",,"Distance to Parks: 1 Mile"
"37","North Carolina","37119003013","Mecklenburg County, NC - 37119003013","2020","84.9%","",,"Distance to Parks: 1/2 Mile"
"37","North Carolina","37119003013","Mecklenburg County, NC - 37119003013","2020","100.0%","",,"Distance to Parks: 1 Mile"
"37","North Carolina","37119003015","Mecklenburg County, NC - 37119003015","2020","61.6%","",,"Distance to Parks: 1/2 Mile"
"37","North Carolina","37119003015","Mecklenburg County, NC - 37119003015","2020","100.0%","",,"Distance to Parks: 1 Mile"
"37","North Carolina","37119003016","Mecklenburg County, NC - 37119003016","2020","0.0%","",,"Distance to Parks: 1/2 Mile"
"37","North Carolina","37119003016","Mecklenburg County, NC - 37119003016","2020","66.6%","",,"Distance to Parks: 1 Mile"
"37","North Carolina","37119003017","Mecklenburg County, NC - 37119003017","2020","63.1%","",,"Distance to Parks: 1/2 Mile"
"37","North Carolina","37119003017","Mecklenburg County, NC - 37119003017","2020","100.0%","",,"Distance to Parks: 1 Mile"
"37","North Carolina","37119003018","Mecklenburg County, NC - 37119003018","2020","12.0%","",,"Distance to Parks: 1/2 Mile"
"37","North Carolina","37119003018","Mecklenburg County, NC - 37119003018","2020","96.0%","",,"Distance to Parks: 1 Mile"
"37","North Carolina","37119003019","Mecklenburg County, NC - 37119003019","2020","45.5%","",,"Distance to Parks: 1/2 Mile"
"37","North Carolina","37119003019","Mecklenburg County, NC - 37119003019","2020","97.8%","",,"Distance to Parks: 1 Mile"
"37","North Carolina","37119003020","Mecklenburg County, NC - 37119003020","2020","81.8%","",,"Distance to Parks: 1/2 Mile"
"37","North Carolina","37119003020","Mecklenburg County, NC - 37119003020","2020","100.0%","",,"Distance to Parks: 1 Mile"
"37","North Carolina","37119003021","Mecklenburg County, NC - 37119003021","2020","0.0%","",,"Distance to Parks: 1/2 Mile"
"37","North Carolina","37119003021","Mecklenburg County, NC - 37119003021","2020","64.7%","",,"Distance to Parks: 1 Mile"
"37","North Carolina","37119003022","Mecklenburg County, NC - 37119003022","2020","23.8%","",,"Distance to Parks: 1/2 Mile"
"37","North Carolina","37119003022","Mecklenburg County, NC - 37119003022","2020","97.7%","",,"Distance to Parks: 1 Mile"
"37","North Carolina","37119003102","Mecklenburg County, NC - 37119003102","2020","78.9%","",,"Distance to Parks: 1/2 Mile"
"37","North Carolina","37119003102","Mecklenburg County, NC - 37119003102","2020","100.0%","",,"Distance to Parks: 1 Mile"
"37","North Carolina","37119003105","Mecklenburg County, NC - 37119003105","2020","96.3%","",,"Distance to Parks: 1/2 Mile"
"37","North Carolina","37119003105","Mecklenburg County, NC - 37119003105","2020","100.0%","",,"Distance to Parks: 1 Mile"
"37","North Carolina","37119003106","Mecklenburg County, NC - 37119003106","2020","63.6%","",,"Distance to Parks: 1/2 Mile"
"37","North Carolina","37119003106","Mecklenburg County, NC - 37119003106","2020","100.0%","",,"Distance to Parks: 1 Mile"
"37","North Carolina","37119003108","Mecklenburg County, NC - 37119003108","2020","96.1%","",,"Distance to Parks: 1/2 Mile"
"37","North Carolina","37119003108","Mecklenburg County, NC - 37119003108","2020","100.0%","",,"Distance to Parks: 1 Mile"
"37","North Carolina","37119003109","Mecklenburg County, NC - 37119003109","2020","76.8%","",,"Distance to Parks: 1/2 Mile"
"37","North Carolina","37119003109","Mecklenburg County, NC - 37119003109","2020","100.0%","",,"Distance to Parks: 1 Mile"
"37","North Carolina","37119003110","Mecklenburg County, NC - 37119003110","2020","45.1%","",,"Distance to Parks: 1/2 Mile"
"37","North Carolina","37119003110","Mecklenburg County, NC - 37119003110","2020","100.0%","",,"Distance to Parks: 1 Mile"
"37","North Carolina","37119003111","Mecklenburg County, NC - 37119003111","2020","100.0%","",,"Distance to Parks: 1/2 Mile"
"37","North Carolina","37119003111","Mecklenburg County, NC - 37119003111","2020","100.0%","",,"Distance to Parks: 1 Mile"
"37","North Carolina","37119003201","Mecklenburg County, NC - 37119003201","2020","84.7%","",,"Distance to Parks: 1/2 Mile"
"37","North Carolina","37119003201","Mecklenburg County, NC - 37119003201","2020","100.0%","",,"Distance to Parks: 1 Mile"
"37","North Carolina","37119003203","Mecklenburg County, NC - 37119003203","2020","81.6%","",,"Distance to Parks: 1/2 Mile"
"37","North Carolina","37119003203","Mecklenburg County, NC - 37119003203","2020","100.0%","",,"Distance to Parks: 1 Mile"
"37","North Carolina","37119003204","Mecklenburg County, NC - 37119003204","2020","97.9%","",,"Distance to Parks: 1/2 Mile"
"37","North Carolina","37119003204","Mecklenburg County, NC - 37119003204","2020","100.0%","",,"Distance to Parks: 1 Mile"
"37","North Carolina","37119003301","Mecklenburg County, NC - 37119003301","2020","99.7%","",,"Distance to Parks: 1/2 Mile"
"37","North Carolina","37119003301","Mecklenburg County, NC - 37119003301","2020","100.0%","",,"Distance to Parks: 1 Mile"
"37","North Carolina","37119003302","Mecklenburg County, NC - 37119003302","2020","80.4%","",,"Distance to Parks: 1/2 Mile"
"37","North Carolina","37119003302","Mecklenburg County, NC - 37119003302","2020","100.0%","",,"Distance to Parks: 1 Mile"
"37","North Carolina","37119003401","Mecklenburg County, NC - 37119003401","2020","99.5%","",,"Distance to Parks: 1/2 Mile"
"37","North Carolina","37119003401","Mecklenburg County, NC - 37119003401","2020","100.0%","",,"Distance to Parks: 1 Mile"
"37","North Carolina","37119003402","Mecklenburg County, NC - 37119003402","2020","100.0%","",,"Distance to Parks: 1/2 Mile"
"37","North Carolina","37119003402","Mecklenburg County, NC - 37119003402","2020","100.0%","",,"Distance to Parks: 1 Mile"
"37","North Carolina","37119003500","Mecklenburg County, NC - 37119003500","2020","100.0%","",,"Distance to Parks: 1/2 Mile"
"37","North Carolina","37119003500","Mecklenburg County, NC - 37119003500","2020","100.0%","",,"Distance to Parks: 1 Mile"
"37","North Carolina","37119003600","Mecklenburg County, NC - 37119003600","2020","100.0%","",,"Distance to Parks: 1/2 Mile"
"37","North Carolina","37119003600","Mecklenburg County, NC - 37119003600","2020","100.0%","",,"Distance to Parks: 1 Mile"
"37","North Carolina","37119003701","Mecklenburg County, NC - 37119003701","2020","100.0%","",,"Distance to Parks: 1/2 Mile"
"37","North Carolina","37119003701","Mecklenburg County, NC - 37119003701","2020","100.0%","",,"Distance to Parks: 1 Mile"
"37","North Carolina","37119003702","Mecklenburg County, NC - 37119003702","2020","95.0%","",,"Distance to Parks: 1/2 Mile"
"37","North Carolina","37119003702","Mecklenburg County, NC - 37119003702","2020","100.0%","",,"Distance to Parks: 1 Mile"
"37","North Carolina","37119003802","Mecklenburg County, NC - 37119003802","2020","56.3%","",,"Distance to Parks: 1/2 Mile"
"37","North Carolina","37119003802","Mecklenburg County, NC - 37119003802","2020","99.5%","",,"Distance to Parks: 1 Mile"
"37","North Carolina","37119003805","Mecklenburg County, NC - 37119003805","2020","92.7%","",,"Distance to Parks: 1/2 Mile"
"37","North Carolina","37119003805","Mecklenburg County, NC - 37119003805","2020","100.0%","",,"Distance to Parks: 1 Mile"
"37","North Carolina","37119003807","Mecklenburg County, NC - 37119003807","2020","69.0%","",,"Distance to Parks: 1/2 Mile"
"37","North Carolina","37119003807","Mecklenburg County, NC - 37119003807","2020","99.6%","",,"Distance to Parks: 1 Mile"
"37","North Carolina","37119003808","Mecklenburg County, NC - 37119003808","2020","98.9%","",,"Distance to Parks: 1/2 Mile"
"37","North Carolina","37119003808","Mecklenburg County, NC - 37119003808","2020","100.0%","",,"Distance to Parks: 1 Mile"
"37","North Carolina","37119003809","Mecklenburg County, NC - 37119003809","2020","100.0%","",,"Distance to Parks: 1/2 Mile"
"37","North Carolina","37119003809","Mecklenburg County, NC - 37119003809","2020","100.0%","",,"Distance to Parks: 1 Mile"
"37","North Carolina","37119003810","Mecklenburg County, NC - 37119003810","2020","89.9%","",,"Distance to Parks: 1/2 Mile"
"37","North Carolina","37119003810","Mecklenburg County, NC - 37119003810","2020","100.0%","",,"Distance to Parks: 1 Mile"
"37","North Carolina","37119003811","Mecklenburg County, NC - 37119003811","2020","67.6%","",,"Distance to Parks: 1/2 Mile"
"37","North Carolina","37119003811","Mecklenburg County, NC - 37119003811","2020","100.0%","",,"Distance to Parks: 1 Mile"
"37","North Carolina","37119003902","Mecklenburg County, NC - 37119003902","2020","89.1%","",,"Distance to Parks: 1/2 Mile"
"37","North Carolina","37119003902","Mecklenburg County, NC - 37119003902","2020","100.0%","",,"Distance to Parks: 1 Mile"
"37","North Carolina","37119003903","Mecklenburg County, NC - 37119003903","2020","77.7%","",,"Distance to Parks: 1/2 Mile"
"37","North Carolina","37119003903","Mecklenburg County, NC - 37119003903","2020","100.0%","",,"Distance to Parks: 1 Mile"
"37","North Carolina","37119004000","Mecklenburg County, NC - 37119004000","2020","57.2%","",,"Distance to Parks: 1/2 Mile"
"37","North Carolina","37119004000","Mecklenburg County, NC - 37119004000","2020","90.5%","",,"Distance to Parks: 1 Mile"
"37","North Carolina","37119004101","Mecklenburg County, NC - 37119004101","2020","100.0%","",,"Distance to Parks: 1/2 Mile"
"37","North Carolina","37119004101","Mecklenburg County, NC - 37119004101","2020","100.0%","",,"Distance to Parks: 1 Mile"
"37","North Carolina","37119004102","Mecklenburg County, NC - 37119004102","2020","100.0%","",,"Distance to Parks: 1/2 Mile"
"37","North Carolina","37119004102","Mecklenburg County, NC - 37119004102","2020","100.0%","",,"Distance to Parks: 1 Mile"
"37","North Carolina","37119004200","Mecklenburg County, NC - 37119004200","2020","94.5%","",,"Distance to Parks: 1/2 Mile"
"37","North Carolina","37119004200","Mecklenburg County, NC - 37119004200","2020","100.0%","",,"Distance to Parks: 1 Mile"
"37","North Carolina","37119004302","Mecklenburg County, NC - 37119004302","2020","78.5%","",,"Distance to Parks: 1/2 Mile"
"37","North Carolina","37119004302","Mecklenburg County, NC - 37119004302","2020","99.5%","",,"Distance to Parks: 1 Mile"
"37","North Carolina","37119004303","Mecklenburg County, NC - 37119004303","2020","94.1%","",,"Distance to Parks: 1/2 Mile"
"37","North Carolina","37119004303","Mecklenburg County, NC - 37119004303","2020","100.0%","",,"Distance to Parks: 1 Mile"
"37","North Carolina","37119004304","Mecklenburg County, NC - 37119004304","2020","79.0%","",,"Distance to Parks: 1/2 Mile"
"37","North Carolina","37119004304","Mecklenburg County, NC - 37119004304","2020","100.0%","",,"Distance to Parks: 1 Mile"
"37","North Carolina","37119004306","Mecklenburg County, NC - 37119004306","2020","74.2%","",,"Distance to Parks: 1/2 Mile"
"37","North Carolina","37119004306","Mecklenburg County, NC - 37119004306","2020","100.0%","",,"Distance to Parks: 1 Mile"
"37","North Carolina","37119004307","Mecklenburg County, NC - 37119004307","2020","97.1%","",,"Distance to Parks: 1/2 Mile"
"37","North Carolina","37119004307","Mecklenburg County, NC - 37119004307","2020","100.0%","",,"Distance to Parks: 1 Mile"
"37","North Carolina","37119004400","Mecklenburg County, NC - 37119004400","2020","54.8%","",,"Distance to Parks: 1/2 Mile"
"37","North Carolina","37119004400","Mecklenburg County, NC - 37119004400","2020","94.0%","",,"Distance to Parks: 1 Mile"
"37","North Carolina","37119004500","Mecklenburg County, NC - 37119004500","2020","100.0%","",,"Distance to Parks: 1/2 Mile"
"37","North Carolina","37119004500","Mecklenburg County, NC - 37119004500","2020","100.0%","",,"Distance to Parks: 1 Mile"
"37","North Carolina","37119004600","Mecklenburg County, NC - 37119004600","2020","100.0%","",,"Distance to Parks: 1/2 Mile"
"37","North Carolina","37119004600","Mecklenburg County, NC - 37119004600","2020","100.0%","",,"Distance to Parks: 1 Mile"
"37","North Carolina","37119004700","Mecklenburg County, NC - 37119004700","2020","100.0%","",,"Distance to Parks: 1/2 Mile"
"37","North Carolina","37119004700","Mecklenburg County, NC - 37119004700","2020","100.0%","",,"Distance to Parks: 1 Mile"
"37","North Carolina","37119004800","Mecklenburg County, NC - 37119004800","2020","99.0%","",,"Distance to Parks: 1/2 Mile"
"37","North Carolina","37119004800","Mecklenburg County, NC - 37119004800","2020","100.0%","",,"Distance to Parks: 1 Mile"
"37","North Carolina","37119004900","Mecklenburg County, NC - 37119004900","2020","100.0%","",,"Distance to Parks: 1/2 Mile"
"37","North Carolina","37119004900","Mecklenburg County, NC - 37119004900","2020","100.0%","",,"Distance to Parks: 1 Mile"
"37","North Carolina","37119005000","Mecklenburg County, NC - 37119005000","2020","100.0%","",,"Distance to Parks: 1/2 Mile"
"37","North Carolina","37119005000","Mecklenburg County, NC - 37119005000","2020","100.0%","",,"Distance to Parks: 1 Mile"
"37","North Carolina","37119005100","Mecklenburg County, NC - 37119005100","2020","78.9%","",,"Distance to Parks: 1/2 Mile"
"37","North Carolina","37119005100","Mecklenburg County, NC - 37119005100","2020","100.0%","",,"Distance to Parks: 1 Mile"
"37","North Carolina","37119005200","Mecklenburg County, NC - 37119005200","2020","90.1%","",,"Distance to Parks: 1/2 Mile"
"37","North Carolina","37119005200","Mecklenburg County, NC - 37119005200","2020","100.0%","",,"Distance to Parks: 1 Mile"
"37","North Carolina","37119005301","Mecklenburg County, NC - 37119005301","2020","97.6%","",,"Distance to Parks: 1/2 Mile"
"37","North Carolina","37119005301","Mecklenburg County, NC - 37119005301","2020","100.0%","",,"Distance to Parks: 1 Mile"
"37","North Carolina","37119005305","Mecklenburg County, NC - 37119005305","2020","100.0%","",,"Distance to Parks: 1/2 Mile"
"37","North Carolina","37119005305","Mecklenburg County, NC - 37119005305","2020","100.0%","",,"Distance to Parks: 1 Mile"
"37","North Carolina","37119005306","Mecklenburg County, NC - 37119005306","2020","100.0%","",,"Distance to Parks: 1/2 Mile"
"37","North Carolina","37119005306","Mecklenburg County, NC - 37119005306","2020","100.0%","",,"Distance to Parks: 1 Mile"
"37","North Carolina","37119005307","Mecklenburg County, NC - 37119005307","2020","57.6%","",,"Distance to Parks: 1/2 Mile"
"37","North Carolina","37119005307","Mecklenburg County, NC - 37119005307","2020","100.0%","",,"Distance to Parks: 1 Mile"
"37","North Carolina","37119005308","Mecklenburg County, NC - 37119005308","2020","44.9%","",,"Distance to Parks: 1/2 Mile"
"37","North Carolina","37119005308","Mecklenburg County, NC - 37119005308","2020","100.0%","",,"Distance to Parks: 1 Mile"
"37","North Carolina","37119005403","Mecklenburg County, NC - 37119005403","2020","90.3%","",,"Distance to Parks: 1/2 Mile"
"37","North Carolina","37119005403","Mecklenburg County, NC - 37119005403","2020","100.0%","",,"Distance to Parks: 1 Mile"
"37","North Carolina","37119005404","Mecklenburg County, NC - 37119005404","2020","67.7%","",,"Distance to Parks: 1/2 Mile"
"37","North Carolina","37119005404","Mecklenburg County, NC - 37119005404","2020","99.8%","",,"Distance to Parks: 1 Mile"
"37","North Carolina","37119005405","Mecklenburg County, NC - 37119005405","2020","52.2%","",,"Distance to Parks: 1/2 Mile"
"37","North Carolina","37119005405","Mecklenburg County, NC - 37119005405","2020","100.0%","",,"Distance to Parks: 1 Mile"
"37","North Carolina","37119005406","Mecklenburg County, NC - 37119005406","2020","60.7%","",,"Distance to Parks: 1/2 Mile"
"37","North Carolina","37119005406","Mecklenburg County, NC - 37119005406","2020","99.7%","",,"Distance to Parks: 1 Mile"
"37","North Carolina","37119005508","Mecklenburg County, NC - 37119005508","2020","44.8%","",,"Distance to Parks: 1/2 Mile"
"37","North Carolina","37119005508","Mecklenburg County, NC - 37119005508","2020","97.0%","",,"Distance to Parks: 1 Mile"
"37","North Carolina","37119005510","Mecklenburg County, NC - 37119005510","2020","30.4%","",,"Distance to Parks: 1/2 Mile"
"37","North Carolina","37119005510","Mecklenburg County, NC - 37119005510","2020","78.5%","",,"Distance to Parks: 1 Mile"
"37","North Carolina","37119005511","Mecklenburg County, NC - 37119005511","2020","50.0%","",,"Distance to Parks: 1/2 Mile"
"37","North Carolina","37119005511","Mecklenburg County, NC - 37119005511","2020","98.8%","",,"Distance to Parks: 1 Mile"
"37","North Carolina","37119005512","Mecklenburg County, NC - 37119005512","2020","95.0%","",,"Distance to Parks: 1/2 Mile"
"37","North Carolina","37119005512","Mecklenburg County, NC - 37119005512","2020","100.0%","",,"Distance to Parks: 1 Mile"
"37","North Carolina","37119005513","Mecklenburg County, NC - 37119005513","2020","95.5%","",,"Distance to Parks: 1/2 Mile"
"37","North Carolina","37119005513","Mecklenburg County, NC - 37119005513","2020","100.0%","",,"Distance to Parks: 1 Mile"
"37","North Carolina","37119005515","Mecklenburg County, NC - 37119005515","2020","27.6%","",,"Distance to Parks: 1/2 Mile"
"37","North Carolina","37119005515","Mecklenburg County, NC - 37119005515","2020","73.5%","",,"Distance to Parks: 1 Mile"
"37","North Carolina","37119005516","Mecklenburg County, NC - 37119005516","2020","24.7%","",,"Distance to Parks: 1/2 Mile"
"37","North Carolina","37119005516","Mecklenburg County, NC - 37119005516","2020","76.3%","",,"Distance to Parks: 1 Mile"
"37","North Carolina","37119005517","Mecklenburg County, NC - 37119005517","2020","15.6%","",,"Distance to Parks: 1/2 Mile"
"37","North Carolina","37119005517","Mecklenburg County, NC - 37119005517","2020","94.7%","",,"Distance to Parks: 1 Mile"
"37","North Carolina","37119005519","Mecklenburg County, NC - 37119005519","2020","0.3%","",,"Distance to Parks: 1/2 Mile"
"37","North Carolina","37119005519","Mecklenburg County, NC - 37119005519","2020","43.8%","",,"Distance to Parks: 1 Mile"
"37","North Carolina","37119005520","Mecklenburg County, NC - 37119005520","2020","73.1%","",,"Distance to Parks: 1/2 Mile"
"37","North Carolina","37119005520","Mecklenburg County, NC - 37119005520","2020","100.0%","",,"Distance to Parks: 1 Mile"
"37","North Carolina","37119005522","Mecklenburg County, NC - 37119005522","2020","80.1%","",,"Distance to Parks: 1/2 Mile"
"37","North Carolina","37119005522","Mecklenburg County, NC - 37119005522","2020","100.0%","",,"Distance to Parks: 1 Mile"
"37","North Carolina","37119005525","Mecklenburg County, NC - 37119005525","2020","5.9%","",,"Distance to Parks: 1/2 Mile"
"37","North Carolina","37119005525","Mecklenburg County, NC - 37119005525","2020","83.8%","",,"Distance to Parks: 1 Mile"
"37","North Carolina","37119005526","Mecklenburg County, NC - 37119005526","2020","63.7%","",,"Distance to Parks: 1/2 Mile"
"37","North Carolina","37119005526","Mecklenburg County, NC - 37119005526","2020","100.0%","",,"Distance to Parks: 1 Mile"
"37","North Carolina","37119005527","Mecklenburg County, NC - 37119005527","2020","100.0%","",,"Distance to Parks: 1/2 Mile"
"37","North Carolina","37119005527","Mecklenburg County, NC - 37119005527","2020","100.0%","",,"Distance to Parks: 1 Mile"
"37","North Carolina","37119005528","Mecklenburg County, NC - 37119005528","2020","96.5%","",,"Distance to Parks: 1/2 Mile"
"37","North Carolina","37119005528","Mecklenburg County, NC - 37119005528","2020","100.0%","",,"Distance to Parks: 1 Mile"
"37","North Carolina","37119005529","Mecklenburg County, NC - 37119005529","2020","66.9%","",,"Distance to Parks: 1/2 Mile"
"37","North Carolina","37119005529","Mecklenburg County, NC - 37119005529","2020","100.0%","",,"Distance to Parks: 1 Mile"
"37","North Carolina","37119005530","Mecklenburg County, NC - 37119005530","2020","97.9%","",,"Distance to Parks: 1/2 Mile"
"37","North Carolina","37119005530","Mecklenburg County, NC - 37119005530","2020","100.0%","",,"Distance to Parks: 1 Mile"
"37","North Carolina","37119005531","Mecklenburg County, NC - 37119005531","2020","22.6%","",,"Distance to Parks: 1/2 Mile"
"37","North Carolina","37119005531","Mecklenburg County, NC - 37119005531","2020","82.0%","",,"Distance to Parks: 1 Mile"
"37","North Carolina","37119005532","Mecklenburg County, NC - 37119005532","2020","60.8%","",,"Distance to Parks: 1/2 Mile"
"37","North Carolina","37119005532","Mecklenburg County, NC - 37119005532","2020","100.0%","",,"Distance to Parks: 1 Mile"
"37","North Carolina","37119005533","Mecklenburg County, NC - 37119005533","2020","84.5%","",,"Distance to Parks: 1/2 Mile"
"37","North Carolina","37119005533","Mecklenburg County, NC - 37119005533","2020","100.0%","",,"Distance to Parks: 1 Mile"
"37","North Carolina","37119005534","Mecklenburg County, NC - 37119005534","2020","89.5%","",,"Distance to Parks: 1/2 Mile"
"37","North Carolina","37119005534","Mecklenburg County, NC - 37119005534","2020","100.0%","",,"Distance to Parks: 1 Mile"
"37","North Carolina","37119005535","Mecklenburg County, NC - 37119005535","2020","31.4%","",,"Distance to Parks: 1/2 Mile"
"37","North Carolina","37119005535","Mecklenburg County, NC - 37119005535","2020","95.9%","",,"Distance to Parks: 1 Mile"
"37","North Carolina","37119005536","Mecklenburg County, NC - 37119005536","2020","11.4%","",,"Distance to Parks: 1/2 Mile"
"37","North Carolina","37119005536","Mecklenburg County, NC - 37119005536","2020","67.4%","",,"Distance to Parks: 1 Mile"
"37","North Carolina","37119005604","Mecklenburg County, NC - 37119005604","2020","90.3%","",,"Distance to Parks: 1/2 Mile"
"37","North Carolina","37119005604","Mecklenburg County, NC - 37119005604","2020","100.0%","",,"Distance to Parks: 1 Mile"
"37","North Carolina","37119005609","Mecklenburg County, NC - 37119005609","2020","99.2%","",,"Distance to Parks: 1/2 Mile"
"37","North Carolina","37119005609","Mecklenburg County, NC - 37119005609","2020","100.0%","",,"Distance to Parks: 1 Mile"
"37","North Carolina","37119005610","Mecklenburg County, NC - 37119005610","2020","78.7%","",,"Distance to Parks: 1/2 Mile"
"37","North Carolina","37119005610","Mecklenburg County, NC - 37119005610","2020","100.0%","",,"Distance to Parks: 1 Mile"
"37","North Carolina","37119005611","Mecklenburg County, NC - 37119005611","2020","82.5%","",,"Distance to Parks: 1/2 Mile"
"37","North Carolina","37119005611","Mecklenburg County, NC - 37119005611","2020","100.0%","",,"Distance to Parks: 1 Mile"
"37","North Carolina","37119005612","Mecklenburg County, NC - 37119005612","2020","98.7%","",,"Distance to Parks: 1/2 Mile"
"37","North Carolina","37119005612","Mecklenburg County, NC - 37119005612","2020","100.0%","",,"Distance to Parks: 1 Mile"
"37","North Carolina","37119005613","Mecklenburg County, NC - 37119005613","2020","90.6%","",,"Distance to Parks: 1/2 Mile"
"37","North Carolina","37119005613","Mecklenburg County, NC - 37119005613","2020","100.0%","",,"Distance to Parks: 1 Mile"
"37","North Carolina","37119005615","Mecklenburg County, NC - 37119005615","2020","50.5%","",,"Distance to Parks: 1/2 Mile"
"37","North Carolina","37119005615","Mecklenburg County, NC - 37119005615","2020","96.5%","",,"Distance to Parks: 1 Mile"
"37","North Carolina","37119005616","Mecklenburg County, NC - 37119005616","2020","54.6%","",,"Distance to Parks: 1/2 Mile"
"37","North Carolina","37119005616","Mecklenburg County, NC - 37119005616","2020","96.7%","",,"Distance to Parks: 1 Mile"
"37","North Carolina","37119005617","Mecklenburg County, NC - 37119005617","2020","63.8%","",,"Distance to Parks: 1/2 Mile"
"37","North Carolina","37119005617","Mecklenburg County, NC - 37119005617","2020","100.0%","",,"Distance to Parks: 1 Mile"
"37","North Carolina","37119005618","Mecklenburg County, NC - 37119005618","2020","21.9%","",,"Distance to Parks: 1/2 Mile"
"37","North Carolina","37119005618","Mecklenburg County, NC - 37119005618","2020","77.6%","",,"Distance to Parks: 1 Mile"
"37","North Carolina","37119005619","Mecklenburg County, NC - 37119005619","2020","66.4%","",,"Distance to Parks: 1/2 Mile"
"37","North Carolina","37119005619","Mecklenburg County, NC - 37119005619","2020","99.9%","",,"Distance to Parks: 1 Mile"
"37","North Carolina","37119005621","Mecklenburg County, NC - 37119005621","2020","40.7%","",,"Distance to Parks: 1/2 Mile"
"37","North Carolina","37119005621","Mecklenburg County, NC - 37119005621","2020","83.9%","",,"Distance to Parks: 1 Mile"
"37","North Carolina","37119005622","Mecklenburg County, NC - 37119005622","2020","66.0%","",,"Distance to Parks: 1/2 Mile"
"37","North Carolina","37119005622","Mecklenburg County, NC - 37119005622","2020","100.0%","",,"Distance to Parks: 1 Mile"
"37","North Carolina","37119005623","Mecklenburg County, NC - 37119005623","2020","100.0%","",,"Distance to Parks: 1/2 Mile"
"37","North Carolina","37119005623","Mecklenburg County, NC - 37119005623","2020","100.0%","",,"Distance to Parks: 1 Mile"
"37","North Carolina","37119005624","Mecklenburg County, NC - 37119005624","2020","100.0%","",,"Distance to Parks: 1/2 Mile"
"37","North Carolina","37119005624","Mecklenburg County, NC - 37119005624","2020","100.0%","",,"Distance to Parks: 1 Mile"
"37","North Carolina","37119005625","Mecklenburg County, NC - 37119005625","2020","100.0%","",,"Distance to Parks: 1/2 Mile"
"37","North Carolina","37119005625","Mecklenburg County, NC - 37119005625","2020","100.0%","",,"Distance to Parks: 1 Mile"
"37","North Carolina","37119005626","Mecklenburg County, NC - 37119005626","2020","78.2%","",,"Distance to Parks: 1/2 Mile"
"37","North Carolina","37119005626","Mecklenburg County, NC - 37119005626","2020","100.0%","",,"Distance to Parks: 1 Mile"
"37","North Carolina","37119005627","Mecklenburg County, NC - 37119005627","2020","15.8%","",,"Distance to Parks: 1/2 Mile"
"37","North Carolina","37119005627","Mecklenburg County, NC - 37119005627","2020","51.0%","",,"Distance to Parks: 1 Mile"
"37","North Carolina","37119005709","Mecklenburg County, NC - 37119005709","2020","43.3%","",,"Distance to Parks: 1/2 Mile"
"37","North Carolina","37119005709","Mecklenburg County, NC - 37119005709","2020","99.6%","",,"Distance to Parks: 1 Mile"
"37","North Carolina","37119005710","Mecklenburg County, NC - 37119005710","2020","82.5%","",,"Distance to Parks: 1/2 Mile"
"37","North Carolina","37119005710","Mecklenburg County, NC - 37119005710","2020","100.0%","",,"Distance to Parks: 1 Mile"
"37","North Carolina","37119005712","Mecklenburg County, NC - 37119005712","2020","51.6%","",,"Distance to Parks: 1/2 Mile"
"37","North Carolina","37119005712","Mecklenburg County, NC - 37119005712","2020","97.7%","",,"Distance to Parks: 1 Mile"
"37","North Carolina","37119005713","Mecklenburg County, NC - 37119005713","2020","24.3%","",,"Distance to Parks: 1/2 Mile"
"37","North Carolina","37119005713","Mecklenburg County, NC - 37119005713","2020","60.7%","",,"Distance to Parks: 1 Mile"
"37","North Carolina","37119005714","Mecklenburg County, NC - 37119005714","2020","14.2%","",,"Distance to Parks: 1/2 Mile"
"37","North Carolina","37119005714","Mecklenburg County, NC - 37119005714","2020","38.4%","",,"Distance to Parks: 1 Mile"
"37","North Carolina","37119005715","Mecklenburg County, NC - 37119005715","2020","0.0%","",,"Distance to Parks: 1/2 Mile"
"37","North Carolina","37119005715","Mecklenburg County, NC - 37119005715","2020","0.0%","",,"Distance to Parks: 1 Mile"
"37","North Carolina","37119005716","Mecklenburg County, NC - 37119005716","2020","100.0%","",,"Distance to Parks: 1/2 Mile"
"37","North Carolina","37119005716","Mecklenburg County, NC - 37119005716","2020","100.0%","",,"Distance to Parks: 1 Mile"
"37","North Carolina","37119005718","Mecklenburg County, NC - 37119005718","2020","19.8%","",,"Distance to Parks: 1/2 Mile"
"37","North Carolina","37119005718","Mecklenburg County, NC - 37119005718","2020","92.6%","",,"Distance to Parks: 1 Mile"
"37","North Carolina","37119005719","Mecklenburg County, NC - 37119005719","2020","23.2%","",,"Distance to Parks: 1/2 Mile"
"37","North Carolina","37119005719","Mecklenburg County, NC - 37119005719","2020","52.6%","",,"Distance to Parks: 1 Mile"
"37","North Carolina","37119005720","Mecklenburg County, NC - 37119005720","2020","41.7%","",,"Distance to Parks: 1/2 Mile"
"37","North Carolina","37119005720","Mecklenburg County, NC - 37119005720","2020","98.5%","",,"Distance to Parks: 1 Mile"
"37","North Carolina","37119005721","Mecklenburg County, NC - 37119005721","2020","20.8%","",,"Distance to Parks: 1/2 Mile"
"37","North Carolina","37119005721","Mecklenburg County, NC - 37119005721","2020","77.7%","",,"Distance to Parks: 1 Mile"
"37","North Carolina","37119005722","Mecklenburg County, NC - 37119005722","2020","60.0%","",,"Distance to Parks: 1/2 Mile"
"37","North Carolina","37119005722","Mecklenburg County, NC - 37119005722","2020","97.1%","",,"Distance to Parks: 1 Mile"
"37","North Carolina","37119005723","Mecklenburg County, NC - 37119005723","2020","94.9%","",,"Distance to Parks: 1/2 Mile"
"37","North Carolina","37119005723","Mecklenburg County, NC - 37119005723","2020","100.0%","",,"Distance to Parks: 1 Mile"
"37","North Carolina","37119005811","Mecklenburg County, NC - 37119005811","2020","61.0%","",,"Distance to Parks: 1/2 Mile"
"37","North Carolina","37119005811","Mecklenburg County, NC - 37119005811","2020","100.0%","",,"Distance to Parks: 1 Mile"
"37","North Carolina","37119005815","Mecklenburg County, NC - 37119005815","2020","90.4%","",,"Distance to Parks: 1/2 Mile"
"37","North Carolina","37119005815","Mecklenburg County, NC - 37119005815","2020","100.0%","",,"Distance to Parks: 1 Mile"
"37","North Carolina","37119005816","Mecklenburg County, NC - 37119005816","2020","42.7%","",,"Distance to Parks: 1/2 Mile"
"37","North Carolina","37119005816","Mecklenburg County, NC - 37119005816","2020","94.1%","",,"Distance to Parks: 1 Mile"
"37","North Carolina","37119005817","Mecklenburg County, NC - 37119005817","2020","27.0%","",,"Distance to Parks: 1/2 Mile"
"37","North Carolina","37119005817","Mecklenburg County, NC - 37119005817","2020","74.2%","",,"Distance to Parks: 1 Mile"
"37","North Carolina","37119005824","Mecklenburg County, NC - 37119005824","2020","84.3%","",,"Distance to Parks: 1/2 Mile"
"37","North Carolina","37119005824","Mecklenburg County, NC - 37119005824","2020","99.7%","",,"Distance to Parks: 1 Mile"
"37","North Carolina","37119005826","Mecklenburg County, NC - 37119005826","2020","93.6%","",,"Distance to Parks: 1/2 Mile"
"37","North Carolina","37119005826","Mecklenburg County, NC - 37119005826","2020","100.0%","",,"Distance to Parks: 1 Mile"
"37","North Carolina","37119005827","Mecklenburg County, NC - 37119005827","2020","96.8%","",,"Distance to Parks: 1/2 Mile"
"37","North Carolina","37119005827","Mecklenburg County, NC - 37119005827","2020","100.0%","",,"Distance to Parks: 1 Mile"
"37","North Carolina","37119005828","Mecklenburg County, NC - 37119005828","2020","93.4%","",,"Distance to Parks: 1/2 Mile"
"37","North Carolina","37119005828","Mecklenburg County, NC - 37119005828","2020","100.0%","",,"Distance to Parks: 1 Mile"
"37","North Carolina","37119005829","Mecklenburg County, NC - 37119005829","2020","83.6%","",,"Distance to Parks: 1/2 Mile"
"37","North Carolina","37119005829","Mecklenburg County, NC - 37119005829","2020","100.0%","",,"Distance to Parks: 1 Mile"
"37","North Carolina","37119005830","Mecklenburg County, NC - 37119005830","2020","100.0%","",,"Distance to Parks: 1/2 Mile"
"37","North Carolina","37119005830","Mecklenburg County, NC - 37119005830","2020","100.0%","",,"Distance to Parks: 1 Mile"
"37","North Carolina","37119005832","Mecklenburg County, NC - 37119005832","2020","59.4%","",,"Distance to Parks: 1/2 Mile"
"37","North Carolina","37119005832","Mecklenburg County, NC - 37119005832","2020","100.0%","",,"Distance to Parks: 1 Mile"
"37","North Carolina","37119005833","Mecklenburg County, NC - 37119005833","2020","87.9%","",,"Distance to Parks: 1/2 Mile"
"37","North Carolina","37119005833","Mecklenburg County, NC - 37119005833","2020","100.0%","",,"Distance to Parks: 1 Mile"
"37","North Carolina","37119005834","Mecklenburg County, NC - 37119005834","2020","97.8%","",,"Distance to Parks: 1/2 Mile"
"37","North Carolina","37119005834","Mecklenburg County, NC - 37119005834","2020","100.0%","",,"Distance to Parks: 1 Mile"
"37","North Carolina","37119005835","Mecklenburg County, NC - 37119005835","2020","64.1%","",,"Distance to Parks: 1/2 Mile"
"37","North Carolina","37119005835","Mecklenburg County, NC - 37119005835","2020","100.0%","",,"Distance to Parks: 1 Mile"
"37","North Carolina","37119005836","Mecklenburg County, NC - 37119005836","2020","17.3%","",,"Distance to Parks: 1/2 Mile"
"37","North Carolina","37119005836","Mecklenburg County, NC - 37119005836","2020","75.5%","",,"Distance to Parks: 1 Mile"
"37","North Carolina","37119005839","Mecklenburg County, NC - 37119005839","2020","93.8%","",,"Distance to Parks: 1/2 Mile"
"37","North Carolina","37119005839","Mecklenburg County, NC - 37119005839","2020","100.0%","",,"Distance to Parks: 1 Mile"
"37","North Carolina","37119005840","Mecklenburg County, NC - 37119005840","2020","7.0%","",,"Distance to Parks: 1/2 Mile"
"37","North Carolina","37119005840","Mecklenburg County, NC - 37119005840","2020","96.4%","",,"Distance to Parks: 1 Mile"
"37","North Carolina","37119005843","Mecklenburg County, NC - 37119005843","2020","99.1%","",,"Distance to Parks: 1/2 Mile"
"37","North Carolina","37119005843","Mecklenburg County, NC - 37119005843","2020","100.0%","",,"Distance to Parks: 1 Mile"
"37","North Carolina","37119005845","Mecklenburg County, NC - 37119005845","2020","35.1%","",,"Distance to Parks: 1/2 Mile"
"37","North Carolina","37119005845","Mecklenburg County, NC - 37119005845","2020","75.3%","",,"Distance to Parks: 1 Mile"
"37","North Carolina","37119005846","Mecklenburg County, NC - 37119005846","2020","31.3%","",,"Distance to Parks: 1/2 Mile"
"37","North Carolina","37119005846","Mecklenburg County, NC - 37119005846","2020","80.2%","",,"Distance to Parks: 1 Mile"
"37","North Carolina","37119005847","Mecklenburg County, NC - 37119005847","2020","62.6%","",,"Distance to Parks: 1/2 Mile"
"37","North Carolina","37119005847","Mecklenburg County, NC - 37119005847","2020","100.0%","",,"Distance to Parks: 1 Mile"
"37","North Carolina","37119005848","Mecklenburg County, NC - 37119005848","2020","65.8%","",,"Distance to Parks: 1/2 Mile"
"37","North Carolina","37119005848","Mecklenburg County, NC - 37119005848","2020","100.0%","",,"Distance to Parks: 1 Mile"
"37","North Carolina","37119005849","Mecklenburg County, NC - 37119005849","2020","16.9%","",,"Distance to Parks: 1/2 Mile"
"37","North Carolina","37119005849","Mecklenburg County, NC - 37119005849","2020","81.0%","",,"Distance to Parks: 1 Mile"
"37","North Carolina","37119005850","Mecklenburg County, NC - 37119005850","2020","71.2%","",,"Distance to Parks: 1/2 Mile"
"37","North Carolina","37119005850","Mecklenburg County, NC - 37119005850","2020","100.0%","",,"Distance to Parks: 1 Mile"
"37","North Carolina","37119005851","Mecklenburg County, NC - 37119005851","2020","85.5%","",,"Distance to Parks: 1/2 Mile"
"37","North Carolina","37119005851","Mecklenburg County, NC - 37119005851","2020","100.0%","",,"Distance to Parks: 1 Mile"
"37","North Carolina","37119005852","Mecklenburg County, NC - 37119005852","2020","100.0%","",,"Distance to Parks: 1/2 Mile"
"37","North Carolina","37119005852","Mecklenburg County, NC - 37119005852","2020","100.0%","",,"Distance to Parks: 1 Mile"
"37","North Carolina","37119005853","Mecklenburg County, NC - 37119005853","2020","100.0%","",,"Distance to Parks: 1/2 Mile"
"37","North Carolina","37119005853","Mecklenburg County, NC - 37119005853","2020","100.0%","",,"Distance to Parks: 1 Mile"
"37","North Carolina","37119005854","Mecklenburg County, NC - 37119005854","2020","92.4%","",,"Distance to Parks: 1/2 Mile"
"37","North Carolina","37119005854","Mecklenburg County, NC - 37119005854","2020","100.0%","",,"Distance to Parks: 1 Mile"
"37","North Carolina","37119005855","Mecklenburg County, NC - 37119005855","2020","24.7%","",,"Distance to Parks: 1/2 Mile"
"37","North Carolina","37119005855","Mecklenburg County, NC - 37119005855","2020","96.0%","",,"Distance to Parks: 1 Mile"
"37","North Carolina","37119005856","Mecklenburg County, NC - 37119005856","2020","10.3%","",,"Distance to Parks: 1/2 Mile"
"37","North Carolina","37119005856","Mecklenburg County, NC - 37119005856","2020","88.3%","",,"Distance to Parks: 1 Mile"
"37","North Carolina","37119005857","Mecklenburg County, NC - 37119005857","2020","67.3%","",,"Distance to Parks: 1/2 Mile"
"37","North Carolina","37119005857","Mecklenburg County, NC - 37119005857","2020","100.0%","",,"Distance to Parks: 1 Mile"
"37","North Carolina","37119005858","Mecklenburg County, NC - 37119005858","2020","94.6%","",,"Distance to Parks: 1/2 Mile"
"37","North Carolina","37119005858","Mecklenburg County, NC - 37119005858","2020","100.0%","",,"Distance to Parks: 1 Mile"
"37","North Carolina","37119005859","Mecklenburg County, NC - 37119005859","2020","46.2%","",,"Distance to Parks: 1/2 Mile"
"37","North Carolina","37119005859","Mecklenburg County, NC - 37119005859","2020","100.0%","",,"Distance to Parks: 1 Mile"
"37","North Carolina","37119005860","Mecklenburg County, NC - 37119005860","2020","31.9%","",,"Distance to Parks: 1/2 Mile"
"37","North Carolina","37119005860","Mecklenburg County, NC - 37119005860","2020","89.4%","",,"Distance to Parks: 1 Mile"
"37","North Carolina","37119005861","Mecklenburg County, NC - 37119005861","2020","93.8%","",,"Distance to Parks: 1/2 Mile"
"37","North Carolina","37119005861","Mecklenburg County, NC - 37119005861","2020","100.0%","",,"Distance to Parks: 1 Mile"
"37","North Carolina","37119005862","Mecklenburg County, NC - 37119005862","2020","33.0%","",,"Distance to Parks: 1/2 Mile"
"37","North Carolina","37119005862","Mecklenburg County, NC - 37119005862","2020","100.0%","",,"Distance to Parks: 1 Mile"
"37","North Carolina","37119005863","Mecklenburg County, NC - 37119005863","2020","69.3%","",,"Distance to Parks: 1/2 Mile"
"37","North Carolina","37119005863","Mecklenburg County, NC - 37119005863","2020","100.0%","",,"Distance to Parks: 1 Mile"
"37","North Carolina","37119005864","Mecklenburg County, NC - 37119005864","2020","92.2%","",,"Distance to Parks: 1/2 Mile"
"37","North Carolina","37119005864","Mecklenburg County, NC - 37119005864","2020","100.0%","",,"Distance to Parks: 1 Mile"
"37","North Carolina","37119005865","Mecklenburg County, NC - 37119005865","2020","69.9%","",,"Distance to Parks: 1/2 Mile"
"37","North Carolina","37119005865","Mecklenburg County, NC - 37119005865","2020","100.0%","",,"Distance to Parks: 1 Mile"
"37","North Carolina","37119005866","Mecklenburg County, NC - 37119005866","2020","79.0%","",,"Distance to Parks: 1/2 Mile"
"37","North Carolina","37119005866","Mecklenburg County, NC - 37119005866","2020","100.0%","",,"Distance to Parks: 1 Mile"
"37","North Carolina","37119005867","Mecklenburg County, NC - 37119005867","2020","66.3%","",,"Distance to Parks: 1/2 Mile"
"37","North Carolina","37119005867","Mecklenburg County, NC - 37119005867","2020","100.0%","",,"Distance to Parks: 1 Mile"
"37","North Carolina","37119005868","Mecklenburg County, NC - 37119005868","2020","100.0%","",,"Distance to Parks: 1/2 Mile"
"37","North Carolina","37119005868","Mecklenburg County, NC - 37119005868","2020","100.0%","",,"Distance to Parks: 1 Mile"
"37","North Carolina","37119005908","Mecklenburg County, NC - 37119005908","2020","65.8%","",,"Distance to Parks: 1/2 Mile"
"37","North Carolina","37119005908","Mecklenburg County, NC - 37119005908","2020","86.3%","",,"Distance to Parks: 1 Mile"
"37","North Carolina","37119005910","Mecklenburg County, NC - 37119005910","2020","91.6%","",,"Distance to Parks: 1/2 Mile"
"37","North Carolina","37119005910","Mecklenburg County, NC - 37119005910","2020","100.0%","",,"Distance to Parks: 1 Mile"
"37","North Carolina","37119005913","Mecklenburg County, NC - 37119005913","2020","56.5%","",,"Distance to Parks: 1/2 Mile"
"37","North Carolina","37119005913","Mecklenburg County, NC - 37119005913","2020","100.0%","",,"Distance to Parks: 1 Mile"
"37","North Carolina","37119005915","Mecklenburg County, NC - 37119005915","2020","37.5%","",,"Distance to Parks: 1/2 Mile"
"37","North Carolina","37119005915","Mecklenburg County, NC - 37119005915","2020","97.8%","",,"Distance to Parks: 1 Mile"
"37","North Carolina","37119005916","Mecklenburg County, NC - 37119005916","2020","97.3%","",,"Distance to Parks: 1/2 Mile"
"37","North Carolina","37119005916","Mecklenburg County, NC - 37119005916","2020","100.0%","",,"Distance to Parks: 1 Mile"
"37","North Carolina","37119005918","Mecklenburg County, NC - 37119005918","2020","51.9%","",,"Distance to Parks: 1/2 Mile"
"37","North Carolina","37119005918","Mecklenburg County, NC - 37119005918","2020","92.2%","",,"Distance to Parks: 1 Mile"
"37","North Carolina","37119005919","Mecklenburg County, NC - 37119005919","2020","36.9%","",,"Distance to Parks: 1/2 Mile"
"37","North Carolina","37119005919","Mecklenburg County, NC - 37119005919","2020","79.9%","",,"Distance to Parks: 1 Mile"
"37","North Carolina","37119005920","Mecklenburg County, NC - 37119005920","2020","22.7%","",,"Distance to Parks: 1/2 Mile"
"37","North Carolina","37119005920","Mecklenburg County, NC - 37119005920","2020","50.4%","",,"Distance to Parks: 1 Mile"
"37","North Carolina","37119005921","Mecklenburg County, NC - 37119005921","2020","61.9%","",,"Distance to Parks: 1/2 Mile"
"37","North Carolina","37119005921","Mecklenburg County, NC - 37119005921","2020","100.0%","",,"Distance to Parks: 1 Mile"
"37","North Carolina","37119005922","Mecklenburg County, NC - 37119005922","2020","0.8%","",,"Distance to Parks: 1/2 Mile"
"37","North Carolina","37119005922","Mecklenburg County, NC - 37119005922","2020","58.8%","",,"Distance to Parks: 1 Mile"
"37","North Carolina","37119005923","Mecklenburg County, NC - 37119005923","2020","0.5%","",,"Distance to Parks: 1/2 Mile"
"37","North Carolina","37119005923","Mecklenburg County, NC - 37119005923","2020","68.5%","",,"Distance to Parks: 1 Mile"
"37","North Carolina","37119005924","Mecklenburg County, NC - 37119005924","2020","68.3%","",,"Distance to Parks: 1/2 Mile"
"37","North Carolina","37119005924","Mecklenburg County, NC - 37119005924","2020","98.5%","",,"Distance to Parks: 1 Mile"
"37","North Carolina","37119005925","Mecklenburg County, NC - 37119005925","2020","34.8%","",,"Distance to Parks: 1/2 Mile"
"37","North Carolina","37119005925","Mecklenburg County, NC - 37119005925","2020","75.9%","",,"Distance to Parks: 1 Mile"
"37","North Carolina","37119005926","Mecklenburg County, NC - 37119005926","2020","24.8%","",,"Distance to Parks: 1/2 Mile"
"37","North Carolina","37119005926","Mecklenburg County, NC - 37119005926","2020","62.9%","",,"Distance to Parks: 1 Mile"
"37","North Carolina","37119005927","Mecklenburg County, NC - 37119005927","2020","92.8%","",,"Distance to Parks: 1/2 Mile"
"37","North Carolina","37119005927","Mecklenburg County, NC - 37119005927","2020","100.0%","",,"Distance to Parks: 1 Mile"
"37","North Carolina","37119005928","Mecklenburg County, NC - 37119005928","2020","58.3%","",,"Distance to Parks: 1/2 Mile"
"37","North Carolina","37119005928","Mecklenburg County, NC - 37119005928","2020","100.0%","",,"Distance to Parks: 1 Mile"
"37","North Carolina","37119005929","Mecklenburg County, NC - 37119005929","2020","100.0%","",,"Distance to Parks: 1/2 Mile"
"37","North Carolina","37119005929","Mecklenburg County, NC - 37119005929","2020","100.0%","",,"Distance to Parks: 1 Mile"
"37","North Carolina","37119005930","Mecklenburg County, NC - 37119005930","2020","31.4%","",,"Distance to Parks: 1/2 Mile"
"37","North Carolina","37119005930","Mecklenburg County, NC - 37119005930","2020","97.5%","",,"Distance to Parks: 1 Mile"
"37","North Carolina","37119005931","Mecklenburg County, NC - 37119005931","2020","88.4%","",,"Distance to Parks: 1/2 Mile"
"37","North Carolina","37119005931","Mecklenburg County, NC - 37119005931","2020","100.0%","",,"Distance to Parks: 1 Mile"
"37","North Carolina","37119005932","Mecklenburg County, NC - 37119005932","2020","20.1%","",,"Distance to Parks: 1/2 Mile"
"37","North Carolina","37119005932","Mecklenburg County, NC - 37119005932","2020","96.1%","",,"Distance to Parks: 1 Mile"
"37","North Carolina","37119006005","Mecklenburg County, NC - 37119006005","2020","34.9%","",,"Distance to Parks: 1/2 Mile"
"37","North Carolina","37119006005","Mecklenburg County, NC - 37119006005","2020","79.8%","",,"Distance to Parks: 1 Mile"
"37","North Carolina","37119006008","Mecklenburg County, NC - 37119006008","2020","62.8%","",,"Distance to Parks: 1/2 Mile"
"37","North Carolina","37119006008","Mecklenburg County, NC - 37119006008","2020","100.0%","",,"Distance to Parks: 1 Mile"
"37","North Carolina","37119006009","Mecklenburg County, NC - 37119006009","2020","28.0%","",,"Distance to Parks: 1/2 Mile"
"37","North Carolina","37119006009","Mecklenburg County, NC - 37119006009","2020","88.7%","",,"Distance to Parks: 1 Mile"
"37","North Carolina","37119006011","Mecklenburg County, NC - 37119006011","2020","23.0%","",,"Distance to Parks: 1/2 Mile"
"37","North Carolina","37119006011","Mecklenburg County, NC - 37119006011","2020","66.3%","",,"Distance to Parks: 1 Mile"
"37","North Carolina","37119006012","Mecklenburg County, NC - 37119006012","2020","81.5%","",,"Distance to Parks: 1/2 Mile"
"37","North Carolina","37119006012","Mecklenburg County, NC - 37119006012","2020","100.0%","",,"Distance to Parks: 1 Mile"
"37","North Carolina","37119006013","Mecklenburg County, NC - 37119006013","2020","66.1%","",,"Distance to Parks: 1/2 Mile"
"37","North Carolina","37119006013","Mecklenburg County, NC - 37119006013","2020","100.0%","",,"Distance to Parks: 1 Mile"
"37","North Carolina","37119006014","Mecklenburg County, NC - 37119006014","2020","19.6%","",,"Distance to Parks: 1/2 Mile"
"37","North Carolina","37119006014","Mecklenburg County, NC - 37119006014","2020","87.9%","",,"Distance to Parks: 1 Mile"
"37","North Carolina","37119006015","Mecklenburg County, NC - 37119006015","2020","76.1%","",,"Distance to Parks: 1/2 Mile"
"37","North Carolina","37119006015","Mecklenburg County, NC - 37119006015","2020","100.0%","",,"Distance to Parks: 1 Mile"
"37","North Carolina","37119006016","Mecklenburg County, NC - 37119006016","2020","29.8%","",,"Distance to Parks: 1/2 Mile"
"37","North Carolina","37119006016","Mecklenburg County, NC - 37119006016","2020","76.4%","",,"Distance to Parks: 1 Mile"
"37","North Carolina","37119006103","Mecklenburg County, NC - 37119006103","2020","42.4%","",,"Distance to Parks: 1/2 Mile"
"37","North Carolina","37119006103","Mecklenburg County, NC - 37119006103","2020","90.9%","",,"Distance to Parks: 1 Mile"
"37","North Carolina","37119006105","Mecklenburg County, NC - 37119006105","2020","88.0%","",,"Distance to Parks: 1/2 Mile"
"37","North Carolina","37119006105","Mecklenburg County, NC - 37119006105","2020","100.0%","",,"Distance to Parks: 1 Mile"
"37","North Carolina","37119006108","Mecklenburg County, NC - 37119006108","2020","99.6%","",,"Distance to Parks: 1/2 Mile"
"37","North Carolina","37119006108","Mecklenburg County, NC - 37119006108","2020","100.0%","",,"Distance to Parks: 1 Mile"
"37","North Carolina","37119006109","Mecklenburg County, NC - 37119006109","2020","47.6%","",,"Distance to Parks: 1/2 Mile"
"37","North Carolina","37119006109","Mecklenburg County, NC - 37119006109","2020","99.8%","",,"Distance to Parks: 1 Mile"
"37","North Carolina","37119006110","Mecklenburg County, NC - 37119006110","2020","33.3%","",,"Distance to Parks: 1/2 Mile"
"37","North Carolina","37119006110","Mecklenburg County, NC - 37119006110","2020","81.9%","",,"Distance to Parks: 1 Mile"
"37","North Carolina","37119006111","Mecklenburg County, NC - 37119006111","2020","82.8%","",,"Distance to Parks: 1/2 Mile"
"37","North Carolina","37119006111","Mecklenburg County, NC - 37119006111","2020","100.0%","",,"Distance to Parks: 1 Mile"
"37","North Carolina","37119006112","Mecklenburg County, NC - 37119006112","2020","91.4%","",,"Distance to Parks: 1/2 Mile"
"37","North Carolina","37119006112","Mecklenburg County, NC - 37119006112","2020","100.0%","",,"Distance to Parks: 1 Mile"
"37","North Carolina","37119006113","Mecklenburg County, NC - 37119006113","2020","64.4%","",,"Distance to Parks: 1/2 Mile"
"37","North Carolina","37119006113","Mecklenburg County, NC - 37119006113","2020","100.0%","",,"Distance to Parks: 1 Mile"
"37","North Carolina","37119006114","Mecklenburg County, NC - 37119006114","2020","95.0%","",,"Distance to Parks: 1/2 Mile"
"37","North Carolina","37119006114","Mecklenburg County, NC - 37119006114","2020","100.0%","",,"Distance to Parks: 1 Mile"
"37","North Carolina","37119006115","Mecklenburg County, NC - 37119006115","2020","91.3%","",,"Distance to Parks: 1/2 Mile"
"37","North Carolina","37119006115","Mecklenburg County, NC - 37119006115","2020","100.0%","",,"Distance to Parks: 1 Mile"
"37","North Carolina","37119006208","Mecklenburg County, NC - 37119006208","2020","46.5%","",,"Distance to Parks: 1/2 Mile"
"37","North Carolina","37119006208","Mecklenburg County, NC - 37119006208","2020","100.0%","",,"Distance to Parks: 1 Mile"
"37","North Carolina","37119006209","Mecklenburg County, NC - 37119006209","2020","88.7%","",,"Distance to Parks: 1/2 Mile"
"37","North Carolina","37119006209","Mecklenburg County, NC - 37119006209","2020","100.0%","",,"Distance to Parks: 1 Mile"
"37","North Carolina","37119006210","Mecklenburg County, NC - 37119006210","2020","78.3%","",,"Distance to Parks: 1/2 Mile"
"37","North Carolina","37119006210","Mecklenburg County, NC - 37119006210","2020","100.0%","",,"Distance to Parks: 1 Mile"
"37","North Carolina","37119006211","Mecklenburg County, NC - 37119006211","2020","52.6%","",,"Distance to Parks: 1/2 Mile"
"37","North Carolina","37119006211","Mecklenburg County, NC - 37119006211","2020","100.0%","",,"Distance to Parks: 1 Mile"
"37","North Carolina","37119006212","Mecklenburg County, NC - 37119006212","2020","29.4%","",,"Distance to Parks: 1/2 Mile"
"37","North Carolina","37119006212","Mecklenburg County, NC - 37119006212","2020","97.0%","",,"Distance to Parks: 1 Mile"
"37","North Carolina","37119006214","Mecklenburg County, NC - 37119006214","2020","94.2%","",,"Distance to Parks: 1/2 Mile"
"37","North Carolina","37119006214","Mecklenburg County, NC - 37119006214","2020","100.0%","",,"Distance to Parks: 1 Mile"
"37","North Carolina","37119006216","Mecklenburg County, NC - 37119006216","2020","29.8%","",,"Distance to Parks: 1/2 Mile"
"37","North Carolina","37119006216","Mecklenburg County, NC - 37119006216","2020","66.8%","",,"Distance to Parks: 1 Mile"
"37","North Carolina","37119006217","Mecklenburg County, NC - 37119006217","2020","33.4%","",,"Distance to Parks: 1/2 Mile"
"37","North Carolina","37119006217","Mecklenburg County, NC - 37119006217","2020","59.4%","",,"Distance to Parks: 1 Mile"
"37","North Carolina","37119006218","Mecklenburg County, NC - 37119006218","2020","42.6%","",,"Distance to Parks: 1/2 Mile"
"37","North Carolina","37119006218","Mecklenburg County, NC - 37119006218","2020","87.5%","",,"Distance to Parks: 1 Mile"
"37","North Carolina","37119006219","Mecklenburg County, NC - 37119006219","2020","40.0%","",,"Distance to Parks: 1/2 Mile"
"37","North Carolina","37119006219","Mecklenburg County, NC - 37119006219","2020","76.2%","",,"Distance to Parks: 1 Mile"
"37","North Carolina","37119006220","Mecklenburg County, NC - 37119006220","2020","31.8%","",,"Distance to Parks: 1/2 Mile"
"37","North Carolina","37119006220","Mecklenburg County, NC - 37119006220","2020","57.8%","",,"Distance to Parks: 1 Mile"
"37","North Carolina","37119006221","Mecklenburg County, NC - 37119006221","2020","65.1%","",,"Distance to Parks: 1/2 Mile"
"37","North Carolina","37119006221","Mecklenburg County, NC - 37119006221","2020","97.0%","",,"Distance to Parks: 1 Mile"
"37","North Carolina","37119006222","Mecklenburg County, NC - 37119006222","2020","44.7%","",,"Distance to Parks: 1/2 Mile"
"37","North Carolina","37119006222","Mecklenburg County, NC - 37119006222","2020","67.3%","",,"Distance to Parks: 1 Mile"
"37","North Carolina","37119006223","Mecklenburg County, NC - 37119006223","2020","20.3%","",,"Distance to Parks: 1/2 Mile"
"37","North Carolina","37119006223","Mecklenburg County, NC - 37119006223","2020","66.1%","",,"Distance to Parks: 1 Mile"
"37","North Carolina","37119006224","Mecklenburg County, NC - 37119006224","2020","24.9%","",,"Distance to Parks: 1/2 Mile"
"37","North Carolina","37119006224","Mecklenburg County, NC - 37119006224","2020","73.8%","",,"Distance to Parks: 1 Mile"
"37","North Carolina","37119006305","Mecklenburg County, NC - 37119006305","2020","24.4%","",,"Distance to Parks: 1/2 Mile"
"37","North Carolina","37119006305","Mecklenburg County, NC - 37119006305","2020","62.0%","",,"Distance to Parks: 1 Mile"
"37","North Carolina","37119006306","Mecklenburg County, NC - 37119006306","2020","98.9%","",,"Distance to Parks: 1/2 Mile"
"37","North Carolina","37119006306","Mecklenburg County, NC - 37119006306","2020","100.0%","",,"Distance to Parks: 1 Mile"
"37","North Carolina","37119006307","Mecklenburg County, NC - 37119006307","2020","57.1%","",,"Distance to Parks: 1/2 Mile"
"37","North Carolina","37119006307","Mecklenburg County, NC - 37119006307","2020","89.5%","",,"Distance to Parks: 1 Mile"
"37","North Carolina","37119006308","Mecklenburg County, NC - 37119006308","2020","77.7%","",,"Distance to Parks: 1/2 Mile"
"37","North Carolina","37119006308","Mecklenburg County, NC - 37119006308","2020","100.0%","",,"Distance to Parks: 1 Mile"
"37","North Carolina","37119006309","Mecklenburg County, NC - 37119006309","2020","68.7%","",,"Distance to Parks: 1/2 Mile"
"37","North Carolina","37119006309","Mecklenburg County, NC - 37119006309","2020","100.0%","",,"Distance to Parks: 1 Mile"
"37","North Carolina","37119006310","Mecklenburg County, NC - 37119006310","2020","29.3%","",,"Distance to Parks: 1/2 Mile"
"37","North Carolina","37119006310","Mecklenburg County, NC - 37119006310","2020","67.3%","",,"Distance to Parks: 1 Mile"
"37","North Carolina","37119006311","Mecklenburg County, NC - 37119006311","2020","27.7%","",,"Distance to Parks: 1/2 Mile"
"37","North Carolina","37119006311","Mecklenburg County, NC - 37119006311","2020","73.6%","",,"Distance to Parks: 1 Mile"
"37","North Carolina","37119006403","Mecklenburg County, NC - 37119006403","2020","83.0%","",,"Distance to Parks: 1/2 Mile"
"37","North Carolina","37119006403","Mecklenburg County, NC - 37119006403","2020","100.0%","",,"Distance to Parks: 1 Mile"
"37","North Carolina","37119006404","Mecklenburg County, NC - 37119006404","2020","64.2%","",,"Distance to Parks: 1/2 Mile"
"37","North Carolina","37119006404","Mecklenburg County, NC - 37119006404","2020","96.1%","",,"Distance to Parks: 1 Mile"
"37","North Carolina","37119006407","Mecklenburg County, NC - 37119006407","2020","84.3%","",,"Distance to Parks: 1/2 Mile"
"37","North Carolina","37119006407","Mecklenburg County, NC - 37119006407","2020","100.0%","",,"Distance to Parks: 1 Mile"
"37","North Carolina","37119006408","Mecklenburg County, NC - 37119006408","2020","99.9%","",,"Distance to Parks: 1/2 Mile"
"37","North Carolina","37119006408","Mecklenburg County, NC - 37119006408","2020","100.0%","",,"Distance to Parks: 1 Mile"
"37","North Carolina","37119006409","Mecklenburg County, NC - 37119006409","2020","68.3%","",,"Distance to Parks: 1/2 Mile"
"37","North Carolina","37119006409","Mecklenburg County, NC - 37119006409","2020","100.0%","",,"Distance to Parks: 1 Mile"
"37","North Carolina","37119006410","Mecklenburg County, NC - 37119006410","2020","98.2%","",,"Distance to Parks: 1/2 Mile"
"37","North Carolina","37119006410","Mecklenburg County, NC - 37119006410","2020","100.0%","",,"Distance to Parks: 1 Mile"
"37","North Carolina","37119006411","Mecklenburg County, NC - 37119006411","2020","65.5%","",,"Distance to Parks: 1/2 Mile"
"37","North Carolina","37119006411","Mecklenburg County, NC - 37119006411","2020","100.0%","",,"Distance to Parks: 1 Mile"
"37","North Carolina","37119980100","Mecklenburg County, NC - 37119980100","2020","0.0%","",,"Distance to Parks: 1/2 Mile"
"37","North Carolina","37119980100","Mecklenburg County, NC - 37119980100","2020","0.0%","",,"Distance to Parks: 1 Mile"
"37","North Carolina","37119980200","Mecklenburg County, NC - 37119980200","2020","0.0%","",,"Distance to Parks: 1/2 Mile"
"37","North Carolina","37119980200","Mecklenburg County, NC - 37119980200","2020","0.0%","",,"Distance to Parks: 1 Mile"
"37","North Carolina","37119980300","Mecklenburg County, NC - 37119980300","2020","100.0%","",,"Distance to Parks: 1/2 Mile"
"37","North Carolina","37119980300","Mecklenburg County, NC - 37119980300","2020","100.0%","",,"Distance to Parks: 1 Mile"
"37","North Carolina","37121950100","Mitchell County, NC - 37121950100","2020","100.0%","",,"Distance to Parks: 1/2 Mile"
"37","North Carolina","37121950100","Mitchell County, NC - 37121950100","2020","100.0%","",,"Distance to Parks: 1 Mile"
"37","North Carolina","37121950200","Mitchell County, NC - 37121950200","2020","100.0%","",,"Distance to Parks: 1/2 Mile"
"37","North Carolina","37121950200","Mitchell County, NC - 37121950200","2020","100.0%","",,"Distance to Parks: 1 Mile"
"37","North Carolina","37121950300","Mitchell County, NC - 37121950300","2020","100.0%","",,"Distance to Parks: 1/2 Mile"
"37","North Carolina","37121950300","Mitchell County, NC - 37121950300","2020","100.0%","",,"Distance to Parks: 1 Mile"
"37","North Carolina","37121950400","Mitchell County, NC - 37121950400","2020","100.0%","",,"Distance to Parks: 1/2 Mile"
"37","North Carolina","37121950400","Mitchell County, NC - 37121950400","2020","100.0%","",,"Distance to Parks: 1 Mile"
"37","North Carolina","37123960101","Montgomery County, NC - 37123960101","2020","0.4%","",,"Distance to Parks: 1/2 Mile"
"37","North Carolina","37123960101","Montgomery County, NC - 37123960101","2020","5.9%","",,"Distance to Parks: 1 Mile"
"37","North Carolina","37123960102","Montgomery County, NC - 37123960102","2020","59.0%","",,"Distance to Parks: 1/2 Mile"
"37","North Carolina","37123960102","Montgomery County, NC - 37123960102","2020","78.6%","",,"Distance to Parks: 1 Mile"
"37","North Carolina","37123960201","Montgomery County, NC - 37123960201","2020","44.4%","",,"Distance to Parks: 1/2 Mile"
"37","North Carolina","37123960201","Montgomery County, NC - 37123960201","2020","57.6%","",,"Distance to Parks: 1 Mile"
"37","North Carolina","37123960202","Montgomery County, NC - 37123960202","2020","94.8%","",,"Distance to Parks: 1/2 Mile"
"37","North Carolina","37123960202","Montgomery County, NC - 37123960202","2020","99.0%","",,"Distance to Parks: 1 Mile"
"37","North Carolina","37123960301","Montgomery County, NC - 37123960301","2020","100.0%","",,"Distance to Parks: 1/2 Mile"
"37","North Carolina","37123960301","Montgomery County, NC - 37123960301","2020","100.0%","",,"Distance to Parks: 1 Mile"
"37","North Carolina","37123960302","Montgomery County, NC - 37123960302","2020","100.0%","",,"Distance to Parks: 1/2 Mile"
"37","North Carolina","37123960302","Montgomery County, NC - 37123960302","2020","100.0%","",,"Distance to Parks: 1 Mile"
"37","North Carolina","37123960401","Montgomery County, NC - 37123960401","2020","4.1%","",,"Distance to Parks: 1/2 Mile"
"37","North Carolina","37123960401","Montgomery County, NC - 37123960401","2020","10.1%","",,"Distance to Parks: 1 Mile"
"37","North Carolina","37123960402","Montgomery County, NC - 37123960402","2020","67.5%","",,"Distance to Parks: 1/2 Mile"
"37","North Carolina","37123960402","Montgomery County, NC - 37123960402","2020","76.6%","",,"Distance to Parks: 1 Mile"
"37","North Carolina","37123960501","Montgomery County, NC - 37123960501","2020","3.0%","",,"Distance to Parks: 1/2 Mile"
"37","North Carolina","37123960501","Montgomery County, NC - 37123960501","2020","9.6%","",,"Distance to Parks: 1 Mile"
"37","North Carolina","37123960502","Montgomery County, NC - 37123960502","2020","72.0%","",,"Distance to Parks: 1/2 Mile"
"37","North Carolina","37123960502","Montgomery County, NC - 37123960502","2020","79.0%","",,"Distance to Parks: 1 Mile"
"37","North Carolina","37125950100","Moore County, NC - 37125950100","2020","1.5%","",,"Distance to Parks: 1/2 Mile"
"37","North Carolina","37125950100","Moore County, NC - 37125950100","2020","3.9%","",,"Distance to Parks: 1 Mile"
"37","North Carolina","37125950201","Moore County, NC - 37125950201","2020","6.6%","",,"Distance to Parks: 1/2 Mile"
"37","North Carolina","37125950201","Moore County, NC - 37125950201","2020","24.1%","",,"Distance to Parks: 1 Mile"
"37","North Carolina","37125950202","Moore County, NC - 37125950202","2020","0.0%","",,"Distance to Parks: 1/2 Mile"
"37","North Carolina","37125950202","Moore County, NC - 37125950202","2020","0.0%","",,"Distance to Parks: 1 Mile"
"37","North Carolina","37125950303","Moore County, NC - 37125950303","2020","0.0%","",,"Distance to Parks: 1/2 Mile"
"37","North Carolina","37125950303","Moore County, NC - 37125950303","2020","0.0%","",,"Distance to Parks: 1 Mile"
"37","North Carolina","37125950304","Moore County, NC - 37125950304","2020","0.0%","",,"Distance to Parks: 1/2 Mile"
"37","North Carolina","37125950304","Moore County, NC - 37125950304","2020","0.0%","",,"Distance to Parks: 1 Mile"
"37","North Carolina","37125950305","Moore County, NC - 37125950305","2020","0.0%","",,"Distance to Parks: 1/2 Mile"
"37","North Carolina","37125950305","Moore County, NC - 37125950305","2020","0.0%","",,"Distance to Parks: 1 Mile"
"37","North Carolina","37125950306","Moore County, NC - 37125950306","2020","13.0%","",,"Distance to Parks: 1/2 Mile"
"37","North Carolina","37125950306","Moore County, NC - 37125950306","2020","23.4%","",,"Distance to Parks: 1 Mile"
"37","North Carolina","37125950402","Moore County, NC - 37125950402","2020","1.6%","",,"Distance to Parks: 1/2 Mile"
"37","North Carolina","37125950402","Moore County, NC - 37125950402","2020","6.7%","",,"Distance to Parks: 1 Mile"
"37","North Carolina","37125950403","Moore County, NC - 37125950403","2020","18.4%","",,"Distance to Parks: 1/2 Mile"
"37","North Carolina","37125950403","Moore County, NC - 37125950403","2020","48.8%","",,"Distance to Parks: 1 Mile"
"37","North Carolina","37125950404","Moore County, NC - 37125950404","2020","7.6%","",,"Distance to Parks: 1/2 Mile"
"37","North Carolina","37125950404","Moore County, NC - 37125950404","2020","15.7%","",,"Distance to Parks: 1 Mile"
"37","North Carolina","37125950503","Moore County, NC - 37125950503","2020","3.5%","",,"Distance to Parks: 1/2 Mile"
"37","North Carolina","37125950503","Moore County, NC - 37125950503","2020","11.0%","",,"Distance to Parks: 1 Mile"
"37","North Carolina","37125950504","Moore County, NC - 37125950504","2020","0.0%","",,"Distance to Parks: 1/2 Mile"
"37","North Carolina","37125950504","Moore County, NC - 37125950504","2020","0.0%","",,"Distance to Parks: 1 Mile"
"37","North Carolina","37125950505","Moore County, NC - 37125950505","2020","0.0%","",,"Distance to Parks: 1/2 Mile"
"37","North Carolina","37125950505","Moore County, NC - 37125950505","2020","0.0%","",,"Distance to Parks: 1 Mile"
"37","North Carolina","37125950506","Moore County, NC - 37125950506","2020","13.4%","",,"Distance to Parks: 1/2 Mile"
"37","North Carolina","37125950506","Moore County, NC - 37125950506","2020","46.8%","",,"Distance to Parks: 1 Mile"
"37","North Carolina","37125950507","Moore County, NC - 37125950507","2020","2.8%","",,"Distance to Parks: 1/2 Mile"
"37","North Carolina","37125950507","Moore County, NC - 37125950507","2020","10.6%","",,"Distance to Parks: 1 Mile"
"37","North Carolina","37125950601","Moore County, NC - 37125950601","2020","17.0%","",,"Distance to Parks: 1/2 Mile"
"37","North Carolina","37125950601","Moore County, NC - 37125950601","2020","27.9%","",,"Distance to Parks: 1 Mile"
"37","North Carolina","37125950603","Moore County, NC - 37125950603","2020","13.5%","",,"Distance to Parks: 1/2 Mile"
"37","North Carolina","37125950603","Moore County, NC - 37125950603","2020","33.3%","",,"Distance to Parks: 1 Mile"
"37","North Carolina","37125950604","Moore County, NC - 37125950604","2020","14.0%","",,"Distance to Parks: 1/2 Mile"
"37","North Carolina","37125950604","Moore County, NC - 37125950604","2020","47.4%","",,"Distance to Parks: 1 Mile"
"37","North Carolina","37125950702","Moore County, NC - 37125950702","2020","9.1%","",,"Distance to Parks: 1/2 Mile"
"37","North Carolina","37125950702","Moore County, NC - 37125950702","2020","38.2%","",,"Distance to Parks: 1 Mile"
"37","North Carolina","37125950703","Moore County, NC - 37125950703","2020","0.0%","",,"Distance to Parks: 1/2 Mile"
"37","North Carolina","37125950703","Moore County, NC - 37125950703","2020","0.0%","",,"Distance to Parks: 1 Mile"
"37","North Carolina","37125950704","Moore County, NC - 37125950704","2020","0.0%","",,"Distance to Parks: 1/2 Mile"
"37","North Carolina","37125950704","Moore County, NC - 37125950704","2020","22.3%","",,"Distance to Parks: 1 Mile"
"37","North Carolina","37125950801","Moore County, NC - 37125950801","2020","37.6%","",,"Distance to Parks: 1/2 Mile"
"37","North Carolina","37125950801","Moore County, NC - 37125950801","2020","66.3%","",,"Distance to Parks: 1 Mile"
"37","North Carolina","37125950802","Moore County, NC - 37125950802","2020","23.7%","",,"Distance to Parks: 1/2 Mile"
"37","North Carolina","37125950802","Moore County, NC - 37125950802","2020","41.4%","",,"Distance to Parks: 1 Mile"
"37","North Carolina","37125950900","Moore County, NC - 37125950900","2020","69.7%","",,"Distance to Parks: 1/2 Mile"
"37","North Carolina","37125950900","Moore County, NC - 37125950900","2020","99.8%","",,"Distance to Parks: 1 Mile"
"37","North Carolina","37125951001","Moore County, NC - 37125951001","2020","32.4%","",,"Distance to Parks: 1/2 Mile"
"37","North Carolina","37125951001","Moore County, NC - 37125951001","2020","45.5%","",,"Distance to Parks: 1 Mile"
"37","North Carolina","37125951002","Moore County, NC - 37125951002","2020","49.7%","",,"Distance to Parks: 1/2 Mile"
"37","North Carolina","37125951002","Moore County, NC - 37125951002","2020","74.9%","",,"Distance to Parks: 1 Mile"
"37","North Carolina","37125951101","Moore County, NC - 37125951101","2020","17.2%","",,"Distance to Parks: 1/2 Mile"
"37","North Carolina","37125951101","Moore County, NC - 37125951101","2020","49.7%","",,"Distance to Parks: 1 Mile"
"37","North Carolina","37125951102","Moore County, NC - 37125951102","2020","73.0%","",,"Distance to Parks: 1/2 Mile"
"37","North Carolina","37125951102","Moore County, NC - 37125951102","2020","98.1%","",,"Distance to Parks: 1 Mile"
"37","North Carolina","37125951200","Moore County, NC - 37125951200","2020","45.4%","",,"Distance to Parks: 1/2 Mile"
"37","North Carolina","37125951200","Moore County, NC - 37125951200","2020","74.9%","",,"Distance to Parks: 1 Mile"
"37","North Carolina","37127010200","Nash County, NC - 37127010200","2020","42.9%","",,"Distance to Parks: 1/2 Mile"
"37","North Carolina","37127010200","Nash County, NC - 37127010200","2020","60.6%","",,"Distance to Parks: 1 Mile"
"37","North Carolina","37127010301","Nash County, NC - 37127010301","2020","84.6%","",,"Distance to Parks: 1/2 Mile"
"37","North Carolina","37127010301","Nash County, NC - 37127010301","2020","100.0%","",,"Distance to Parks: 1 Mile"
"37","North Carolina","37127010302","Nash County, NC - 37127010302","2020","12.5%","",,"Distance to Parks: 1/2 Mile"
"37","North Carolina","37127010302","Nash County, NC - 37127010302","2020","31.1%","",,"Distance to Parks: 1 Mile"
"37","North Carolina","37127010400","Nash County, NC - 37127010400","2020","100.0%","",,"Distance to Parks: 1/2 Mile"
"37","North Carolina","37127010400","Nash County, NC - 37127010400","2020","100.0%","",,"Distance to Parks: 1 Mile"
"37","North Carolina","37127010503","Nash County, NC - 37127010503","2020","2.7%","",,"Distance to Parks: 1/2 Mile"
"37","North Carolina","37127010503","Nash County, NC - 37127010503","2020","19.8%","",,"Distance to Parks: 1 Mile"
"37","North Carolina","37127010504","Nash County, NC - 37127010504","2020","28.1%","",,"Distance to Parks: 1/2 Mile"
"37","North Carolina","37127010504","Nash County, NC - 37127010504","2020","51.8%","",,"Distance to Parks: 1 Mile"
"37","North Carolina","37127010505","Nash County, NC - 37127010505","2020","21.4%","",,"Distance to Parks: 1/2 Mile"
"37","North Carolina","37127010505","Nash County, NC - 37127010505","2020","66.9%","",,"Distance to Parks: 1 Mile"
"37","North Carolina","37127010506","Nash County, NC - 37127010506","2020","88.8%","",,"Distance to Parks: 1/2 Mile"
"37","North Carolina","37127010506","Nash County, NC - 37127010506","2020","100.0%","",,"Distance to Parks: 1 Mile"
"37","North Carolina","37127010601","Nash County, NC - 37127010601","2020","74.5%","",,"Distance to Parks: 1/2 Mile"
"37","North Carolina","37127010601","Nash County, NC - 37127010601","2020","99.9%","",,"Distance to Parks: 1 Mile"
"37","North Carolina","37127010603","Nash County, NC - 37127010603","2020","0.9%","",,"Distance to Parks: 1/2 Mile"
"37","North Carolina","37127010603","Nash County, NC - 37127010603","2020","17.4%","",,"Distance to Parks: 1 Mile"
"37","North Carolina","37127010604","Nash County, NC - 37127010604","2020","37.3%","",,"Distance to Parks: 1/2 Mile"
"37","North Carolina","37127010604","Nash County, NC - 37127010604","2020","72.3%","",,"Distance to Parks: 1 Mile"
"37","North Carolina","37127010700","Nash County, NC - 37127010700","2020","1.6%","",,"Distance to Parks: 1/2 Mile"
"37","North Carolina","37127010700","Nash County, NC - 37127010700","2020","6.2%","",,"Distance to Parks: 1 Mile"
"37","North Carolina","37127010801","Nash County, NC - 37127010801","2020","0.0%","",,"Distance to Parks: 1/2 Mile"
"37","North Carolina","37127010801","Nash County, NC - 37127010801","2020","0.0%","",,"Distance to Parks: 1 Mile"
"37","North Carolina","37127010802","Nash County, NC - 37127010802","2020","3.4%","",,"Distance to Parks: 1/2 Mile"
"37","North Carolina","37127010802","Nash County, NC - 37127010802","2020","10.9%","",,"Distance to Parks: 1 Mile"
"37","North Carolina","37127010900","Nash County, NC - 37127010900","2020","9.8%","",,"Distance to Parks: 1/2 Mile"
"37","North Carolina","37127010900","Nash County, NC - 37127010900","2020","17.8%","",,"Distance to Parks: 1 Mile"
"37","North Carolina","37127011000","Nash County, NC - 37127011000","2020","0.0%","",,"Distance to Parks: 1/2 Mile"
"37","North Carolina","37127011000","Nash County, NC - 37127011000","2020","0.0%","",,"Distance to Parks: 1 Mile"
"37","North Carolina","37127011101","Nash County, NC - 37127011101","2020","5.5%","",,"Distance to Parks: 1/2 Mile"
"37","North Carolina","37127011101","Nash County, NC - 37127011101","2020","17.0%","",,"Distance to Parks: 1 Mile"
"37","North Carolina","37127011103","Nash County, NC - 37127011103","2020","34.1%","",,"Distance to Parks: 1/2 Mile"
"37","North Carolina","37127011103","Nash County, NC - 37127011103","2020","72.1%","",,"Distance to Parks: 1 Mile"
"37","North Carolina","37127011104","Nash County, NC - 37127011104","2020","1.1%","",,"Distance to Parks: 1/2 Mile"
"37","North Carolina","37127011104","Nash County, NC - 37127011104","2020","6.0%","",,"Distance to Parks: 1 Mile"
"37","North Carolina","37127011201","Nash County, NC - 37127011201","2020","0.6%","",,"Distance to Parks: 1/2 Mile"
"37","North Carolina","37127011201","Nash County, NC - 37127011201","2020","6.8%","",,"Distance to Parks: 1 Mile"
"37","North Carolina","37127011202","Nash County, NC - 37127011202","2020","0.0%","",,"Distance to Parks: 1/2 Mile"
"37","North Carolina","37127011202","Nash County, NC - 37127011202","2020","0.0%","",,"Distance to Parks: 1 Mile"
"37","North Carolina","37127011300","Nash County, NC - 37127011300","2020","0.0%","",,"Distance to Parks: 1/2 Mile"
"37","North Carolina","37127011300","Nash County, NC - 37127011300","2020","0.0%","",,"Distance to Parks: 1 Mile"
"37","North Carolina","37127011400","Nash County, NC - 37127011400","2020","0.0%","",,"Distance to Parks: 1/2 Mile"
"37","North Carolina","37127011400","Nash County, NC - 37127011400","2020","0.0%","",,"Distance to Parks: 1 Mile"
"37","North Carolina","37127011501","Nash County, NC - 37127011501","2020","0.0%","",,"Distance to Parks: 1/2 Mile"
"37","North Carolina","37127011501","Nash County, NC - 37127011501","2020","0.5%","",,"Distance to Parks: 1 Mile"
"37","North Carolina","37127011502","Nash County, NC - 37127011502","2020","0.0%","",,"Distance to Parks: 1/2 Mile"
"37","North Carolina","37127011502","Nash County, NC - 37127011502","2020","0.1%","",,"Distance to Parks: 1 Mile"
"37","North Carolina","37129010100","New Hanover County, NC - 37129010100","2020","100.0%","",,"Distance to Parks: 1/2 Mile"
"37","North Carolina","37129010100","New Hanover County, NC - 37129010100","2020","100.0%","",,"Distance to Parks: 1 Mile"
"37","North Carolina","37129010200","New Hanover County, NC - 37129010200","2020","99.6%","",,"Distance to Parks: 1/2 Mile"
"37","North Carolina","37129010200","New Hanover County, NC - 37129010200","2020","100.0%","",,"Distance to Parks: 1 Mile"
"37","North Carolina","37129010300","New Hanover County, NC - 37129010300","2020","73.7%","",,"Distance to Parks: 1/2 Mile"
"37","North Carolina","37129010300","New Hanover County, NC - 37129010300","2020","99.9%","",,"Distance to Parks: 1 Mile"
"37","North Carolina","37129010400","New Hanover County, NC - 37129010400","2020","92.2%","",,"Distance to Parks: 1/2 Mile"
"37","North Carolina","37129010400","New Hanover County, NC - 37129010400","2020","100.0%","",,"Distance to Parks: 1 Mile"
"37","North Carolina","37129010501","New Hanover County, NC - 37129010501","2020","14.4%","",,"Distance to Parks: 1/2 Mile"
"37","North Carolina","37129010501","New Hanover County, NC - 37129010501","2020","73.4%","",,"Distance to Parks: 1 Mile"
"37","North Carolina","37129010503","New Hanover County, NC - 37129010503","2020","100.0%","",,"Distance to Parks: 1/2 Mile"
"37","North Carolina","37129010503","New Hanover County, NC - 37129010503","2020","100.0%","",,"Distance to Parks: 1 Mile"
"37","North Carolina","37129010504","New Hanover County, NC - 37129010504","2020","87.6%","",,"Distance to Parks: 1/2 Mile"
"37","North Carolina","37129010504","New Hanover County, NC - 37129010504","2020","100.0%","",,"Distance to Parks: 1 Mile"
"37","North Carolina","37129010600","New Hanover County, NC - 37129010600","2020","66.6%","",,"Distance to Parks: 1/2 Mile"
"37","North Carolina","37129010600","New Hanover County, NC - 37129010600","2020","100.0%","",,"Distance to Parks: 1 Mile"
"37","North Carolina","37129010700","New Hanover County, NC - 37129010700","2020","88.9%","",,"Distance to Parks: 1/2 Mile"
"37","North Carolina","37129010700","New Hanover County, NC - 37129010700","2020","100.0%","",,"Distance to Parks: 1 Mile"
"37","North Carolina","37129010800","New Hanover County, NC - 37129010800","2020","52.0%","",,"Distance to Parks: 1/2 Mile"
"37","North Carolina","37129010800","New Hanover County, NC - 37129010800","2020","96.1%","",,"Distance to Parks: 1 Mile"
"37","North Carolina","37129010900","New Hanover County, NC - 37129010900","2020","70.4%","",,"Distance to Parks: 1/2 Mile"
"37","North Carolina","37129010900","New Hanover County, NC - 37129010900","2020","100.0%","",,"Distance to Parks: 1 Mile"
"37","North Carolina","37129011000","New Hanover County, NC - 37129011000","2020","92.1%","",,"Distance to Parks: 1/2 Mile"
"37","North Carolina","37129011000","New Hanover County, NC - 37129011000","2020","100.0%","",,"Distance to Parks: 1 Mile"
"37","North Carolina","37129011100","New Hanover County, NC - 37129011100","2020","99.2%","",,"Distance to Parks: 1/2 Mile"
"37","North Carolina","37129011100","New Hanover County, NC - 37129011100","2020","100.0%","",,"Distance to Parks: 1 Mile"
"37","North Carolina","37129011200","New Hanover County, NC - 37129011200","2020","100.0%","",,"Distance to Parks: 1/2 Mile"
"37","North Carolina","37129011200","New Hanover County, NC - 37129011200","2020","100.0%","",,"Distance to Parks: 1 Mile"
"37","North Carolina","37129011300","New Hanover County, NC - 37129011300","2020","94.2%","",,"Distance to Parks: 1/2 Mile"
"37","North Carolina","37129011300","New Hanover County, NC - 37129011300","2020","100.0%","",,"Distance to Parks: 1 Mile"
"37","North Carolina","37129011400","New Hanover County, NC - 37129011400","2020","84.0%","",,"Distance to Parks: 1/2 Mile"
"37","North Carolina","37129011400","New Hanover County, NC - 37129011400","2020","99.6%","",,"Distance to Parks: 1 Mile"
"37","North Carolina","37129011501","New Hanover County, NC - 37129011501","2020","8.9%","",,"Distance to Parks: 1/2 Mile"
"37","North Carolina","37129011501","New Hanover County, NC - 37129011501","2020","71.3%","",,"Distance to Parks: 1 Mile"
"37","North Carolina","37129011502","New Hanover County, NC - 37129011502","2020","0.4%","",,"Distance to Parks: 1/2 Mile"
"37","North Carolina","37129011502","New Hanover County, NC - 37129011502","2020","47.9%","",,"Distance to Parks: 1 Mile"
"37","North Carolina","37129011503","New Hanover County, NC - 37129011503","2020","15.1%","",,"Distance to Parks: 1/2 Mile"
"37","North Carolina","37129011503","New Hanover County, NC - 37129011503","2020","38.6%","",,"Distance to Parks: 1 Mile"
"37","North Carolina","37129011504","New Hanover County, NC - 37129011504","2020","39.3%","",,"Distance to Parks: 1/2 Mile"
"37","North Carolina","37129011504","New Hanover County, NC - 37129011504","2020","72.9%","",,"Distance to Parks: 1 Mile"
"37","North Carolina","37129011605","New Hanover County, NC - 37129011605","2020","2.9%","",,"Distance to Parks: 1/2 Mile"
"37","North Carolina","37129011605","New Hanover County, NC - 37129011605","2020","54.2%","",,"Distance to Parks: 1 Mile"
"37","North Carolina","37129011606","New Hanover County, NC - 37129011606","2020","66.1%","",,"Distance to Parks: 1/2 Mile"
"37","North Carolina","37129011606","New Hanover County, NC - 37129011606","2020","99.9%","",,"Distance to Parks: 1 Mile"
"37","North Carolina","37129011608","New Hanover County, NC - 37129011608","2020","6.9%","",,"Distance to Parks: 1/2 Mile"
"37","North Carolina","37129011608","New Hanover County, NC - 37129011608","2020","11.9%","",,"Distance to Parks: 1 Mile"
"37","North Carolina","37129011609","New Hanover County, NC - 37129011609","2020","30.3%","",,"Distance to Parks: 1/2 Mile"
"37","North Carolina","37129011609","New Hanover County, NC - 37129011609","2020","78.7%","",,"Distance to Parks: 1 Mile"
"37","North Carolina","37129011610","New Hanover County, NC - 37129011610","2020","42.8%","",,"Distance to Parks: 1/2 Mile"
"37","North Carolina","37129011610","New Hanover County, NC - 37129011610","2020","80.1%","",,"Distance to Parks: 1 Mile"
"37","North Carolina","37129011611","New Hanover County, NC - 37129011611","2020","79.1%","",,"Distance to Parks: 1/2 Mile"
"37","North Carolina","37129011611","New Hanover County, NC - 37129011611","2020","99.3%","",,"Distance to Parks: 1 Mile"
"37","North Carolina","37129011612","New Hanover County, NC - 37129011612","2020","11.3%","",,"Distance to Parks: 1/2 Mile"
"37","North Carolina","37129011612","New Hanover County, NC - 37129011612","2020","26.5%","",,"Distance to Parks: 1 Mile"
"37","North Carolina","37129011701","New Hanover County, NC - 37129011701","2020","69.7%","",,"Distance to Parks: 1/2 Mile"
"37","North Carolina","37129011701","New Hanover County, NC - 37129011701","2020","94.6%","",,"Distance to Parks: 1 Mile"
"37","North Carolina","37129011703","New Hanover County, NC - 37129011703","2020","26.2%","",,"Distance to Parks: 1/2 Mile"
"37","North Carolina","37129011703","New Hanover County, NC - 37129011703","2020","67.8%","",,"Distance to Parks: 1 Mile"
"37","North Carolina","37129011705","New Hanover County, NC - 37129011705","2020","14.2%","",,"Distance to Parks: 1/2 Mile"
"37","North Carolina","37129011705","New Hanover County, NC - 37129011705","2020","30.5%","",,"Distance to Parks: 1 Mile"
"37","North Carolina","37129011800","New Hanover County, NC - 37129011800","2020","35.2%","",,"Distance to Parks: 1/2 Mile"
"37","North Carolina","37129011800","New Hanover County, NC - 37129011800","2020","58.3%","",,"Distance to Parks: 1 Mile"
"37","North Carolina","37129011904","New Hanover County, NC - 37129011904","2020","33.2%","",,"Distance to Parks: 1/2 Mile"
"37","North Carolina","37129011904","New Hanover County, NC - 37129011904","2020","90.5%","",,"Distance to Parks: 1 Mile"
"37","North Carolina","37129011905","New Hanover County, NC - 37129011905","2020","63.9%","",,"Distance to Parks: 1/2 Mile"
"37","North Carolina","37129011905","New Hanover County, NC - 37129011905","2020","100.0%","",,"Distance to Parks: 1 Mile"
"37","North Carolina","37129011906","New Hanover County, NC - 37129011906","2020","37.9%","",,"Distance to Parks: 1/2 Mile"
"37","North Carolina","37129011906","New Hanover County, NC - 37129011906","2020","99.1%","",,"Distance to Parks: 1 Mile"
"37","North Carolina","37129012004","New Hanover County, NC - 37129012004","2020","19.9%","",,"Distance to Parks: 1/2 Mile"
"37","North Carolina","37129012004","New Hanover County, NC - 37129012004","2020","64.5%","",,"Distance to Parks: 1 Mile"
"37","North Carolina","37129012006","New Hanover County, NC - 37129012006","2020","62.9%","",,"Distance to Parks: 1/2 Mile"
"37","North Carolina","37129012006","New Hanover County, NC - 37129012006","2020","100.0%","",,"Distance to Parks: 1 Mile"
"37","North Carolina","37129012007","New Hanover County, NC - 37129012007","2020","69.3%","",,"Distance to Parks: 1/2 Mile"
"37","North Carolina","37129012007","New Hanover County, NC - 37129012007","2020","97.4%","",,"Distance to Parks: 1 Mile"
"37","North Carolina","37129012008","New Hanover County, NC - 37129012008","2020","11.6%","",,"Distance to Parks: 1/2 Mile"
"37","North Carolina","37129012008","New Hanover County, NC - 37129012008","2020","58.0%","",,"Distance to Parks: 1 Mile"
"37","North Carolina","37129012009","New Hanover County, NC - 37129012009","2020","43.1%","",,"Distance to Parks: 1/2 Mile"
"37","North Carolina","37129012009","New Hanover County, NC - 37129012009","2020","96.5%","",,"Distance to Parks: 1 Mile"
"37","North Carolina","37129012010","New Hanover County, NC - 37129012010","2020","4.7%","",,"Distance to Parks: 1/2 Mile"
"37","North Carolina","37129012010","New Hanover County, NC - 37129012010","2020","73.7%","",,"Distance to Parks: 1 Mile"
"37","North Carolina","37129012011","New Hanover County, NC - 37129012011","2020","63.4%","",,"Distance to Parks: 1/2 Mile"
"37","North Carolina","37129012011","New Hanover County, NC - 37129012011","2020","99.8%","",,"Distance to Parks: 1 Mile"
"37","North Carolina","37129012012","New Hanover County, NC - 37129012012","2020","54.8%","",,"Distance to Parks: 1/2 Mile"
"37","North Carolina","37129012012","New Hanover County, NC - 37129012012","2020","96.3%","",,"Distance to Parks: 1 Mile"
"37","North Carolina","37129012103","New Hanover County, NC - 37129012103","2020","34.8%","",,"Distance to Parks: 1/2 Mile"
"37","North Carolina","37129012103","New Hanover County, NC - 37129012103","2020","98.0%","",,"Distance to Parks: 1 Mile"
"37","North Carolina","37129012106","New Hanover County, NC - 37129012106","2020","80.0%","",,"Distance to Parks: 1/2 Mile"
"37","North Carolina","37129012106","New Hanover County, NC - 37129012106","2020","100.0%","",,"Distance to Parks: 1 Mile"
"37","North Carolina","37129012107","New Hanover County, NC - 37129012107","2020","44.6%","",,"Distance to Parks: 1/2 Mile"
"37","North Carolina","37129012107","New Hanover County, NC - 37129012107","2020","96.1%","",,"Distance to Parks: 1 Mile"
"37","North Carolina","37129012108","New Hanover County, NC - 37129012108","2020","22.3%","",,"Distance to Parks: 1/2 Mile"
"37","North Carolina","37129012108","New Hanover County, NC - 37129012108","2020","79.0%","",,"Distance to Parks: 1 Mile"
"37","North Carolina","37129012109","New Hanover County, NC - 37129012109","2020","19.1%","",,"Distance to Parks: 1/2 Mile"
"37","North Carolina","37129012109","New Hanover County, NC - 37129012109","2020","72.4%","",,"Distance to Parks: 1 Mile"
"37","North Carolina","37129012110","New Hanover County, NC - 37129012110","2020","35.8%","",,"Distance to Parks: 1/2 Mile"
"37","North Carolina","37129012110","New Hanover County, NC - 37129012110","2020","95.4%","",,"Distance to Parks: 1 Mile"
"37","North Carolina","37129012111","New Hanover County, NC - 37129012111","2020","20.6%","",,"Distance to Parks: 1/2 Mile"
"37","North Carolina","37129012111","New Hanover County, NC - 37129012111","2020","53.9%","",,"Distance to Parks: 1 Mile"
"37","North Carolina","37129012201","New Hanover County, NC - 37129012201","2020","94.9%","",,"Distance to Parks: 1/2 Mile"
"37","North Carolina","37129012201","New Hanover County, NC - 37129012201","2020","100.0%","",,"Distance to Parks: 1 Mile"
"37","North Carolina","37129012202","New Hanover County, NC - 37129012202","2020","84.1%","",,"Distance to Parks: 1/2 Mile"
"37","North Carolina","37129012202","New Hanover County, NC - 37129012202","2020","98.7%","",,"Distance to Parks: 1 Mile"
"37","North Carolina","37129012203","New Hanover County, NC - 37129012203","2020","67.7%","",,"Distance to Parks: 1/2 Mile"
"37","North Carolina","37129012203","New Hanover County, NC - 37129012203","2020","90.5%","",,"Distance to Parks: 1 Mile"
"37","North Carolina","37129012300","New Hanover County, NC - 37129012300","2020","0.0%","",,"Distance to Parks: 1/2 Mile"
"37","North Carolina","37129012300","New Hanover County, NC - 37129012300","2020","0.0%","",,"Distance to Parks: 1 Mile"
"37","North Carolina","37129980100","New Hanover County, NC - 37129980100","2020","0.0%","",,"Distance to Parks: 1/2 Mile"
"37","North Carolina","37129980100","New Hanover County, NC - 37129980100","2020","0.0%","",,"Distance to Parks: 1 Mile"
"37","North Carolina","37129990100","New Hanover County, NC - 37129990100","2020","0.0%","",,"Distance to Parks: 1/2 Mile"
"37","North Carolina","37129990100","New Hanover County, NC - 37129990100","2020","0.0%","",,"Distance to Parks: 1 Mile"
"37","North Carolina","37131920101","Northampton County, NC - 37131920101","2020","0.0%","",,"Distance to Parks: 1/2 Mile"
"37","North Carolina","37131920101","Northampton County, NC - 37131920101","2020","0.0%","",,"Distance to Parks: 1 Mile"
"37","North Carolina","37131920102","Northampton County, NC - 37131920102","2020","0.0%","",,"Distance to Parks: 1/2 Mile"
"37","North Carolina","37131920102","Northampton County, NC - 37131920102","2020","0.0%","",,"Distance to Parks: 1 Mile"
"37","North Carolina","37131920103","Northampton County, NC - 37131920103","2020","0.0%","",,"Distance to Parks: 1/2 Mile"
"37","North Carolina","37131920103","Northampton County, NC - 37131920103","2020","0.0%","",,"Distance to Parks: 1 Mile"
"37","North Carolina","37131920201","Northampton County, NC - 37131920201","2020","0.0%","",,"Distance to Parks: 1/2 Mile"
"37","North Carolina","37131920201","Northampton County, NC - 37131920201","2020","0.0%","",,"Distance to Parks: 1 Mile"
"37","North Carolina","37131920202","Northampton County, NC - 37131920202","2020","0.0%","",,"Distance to Parks: 1/2 Mile"
"37","North Carolina","37131920202","Northampton County, NC - 37131920202","2020","0.0%","",,"Distance to Parks: 1 Mile"
"37","North Carolina","37131920301","Northampton County, NC - 37131920301","2020","4.5%","",,"Distance to Parks: 1/2 Mile"
"37","North Carolina","37131920301","Northampton County, NC - 37131920301","2020","11.2%","",,"Distance to Parks: 1 Mile"
"37","North Carolina","37131920302","Northampton County, NC - 37131920302","2020","0.0%","",,"Distance to Parks: 1/2 Mile"
"37","North Carolina","37131920302","Northampton County, NC - 37131920302","2020","0.0%","",,"Distance to Parks: 1 Mile"
"37","North Carolina","37131920303","Northampton County, NC - 37131920303","2020","0.0%","",,"Distance to Parks: 1/2 Mile"
"37","North Carolina","37131920303","Northampton County, NC - 37131920303","2020","0.0%","",,"Distance to Parks: 1 Mile"
"37","North Carolina","37131920401","Northampton County, NC - 37131920401","2020","2.8%","",,"Distance to Parks: 1/2 Mile"
"37","North Carolina","37131920401","Northampton County, NC - 37131920401","2020","10.4%","",,"Distance to Parks: 1 Mile"
"37","North Carolina","37131920402","Northampton County, NC - 37131920402","2020","0.0%","",,"Distance to Parks: 1/2 Mile"
"37","North Carolina","37131920402","Northampton County, NC - 37131920402","2020","0.0%","",,"Distance to Parks: 1 Mile"
"37","North Carolina","37133000103","Onslow County, NC - 37133000103","2020","68.8%","",,"Distance to Parks: 1/2 Mile"
"37","North Carolina","37133000103","Onslow County, NC - 37133000103","2020","84.9%","",,"Distance to Parks: 1 Mile"
"37","North Carolina","37133000104","Onslow County, NC - 37133000104","2020","30.6%","",,"Distance to Parks: 1/2 Mile"
"37","North Carolina","37133000104","Onslow County, NC - 37133000104","2020","52.7%","",,"Distance to Parks: 1 Mile"
"37","North Carolina","37133000105","Onslow County, NC - 37133000105","2020","40.6%","",,"Distance to Parks: 1/2 Mile"
"37","North Carolina","37133000105","Onslow County, NC - 37133000105","2020","76.1%","",,"Distance to Parks: 1 Mile"
"37","North Carolina","37133000203","Onslow County, NC - 37133000203","2020","24.3%","",,"Distance to Parks: 1/2 Mile"
"37","North Carolina","37133000203","Onslow County, NC - 37133000203","2020","49.1%","",,"Distance to Parks: 1 Mile"
"37","North Carolina","37133000204","Onslow County, NC - 37133000204","2020","0.0%","",,"Distance to Parks: 1/2 Mile"
"37","North Carolina","37133000204","Onslow County, NC - 37133000204","2020","0.0%","",,"Distance to Parks: 1 Mile"
"37","North Carolina","37133000205","Onslow County, NC - 37133000205","2020","11.8%","",,"Distance to Parks: 1/2 Mile"
"37","North Carolina","37133000205","Onslow County, NC - 37133000205","2020","21.4%","",,"Distance to Parks: 1 Mile"
"37","North Carolina","37133000206","Onslow County, NC - 37133000206","2020","0.0%","",,"Distance to Parks: 1/2 Mile"
"37","North Carolina","37133000206","Onslow County, NC - 37133000206","2020","0.7%","",,"Distance to Parks: 1 Mile"
"37","North Carolina","37133000207","Onslow County, NC - 37133000207","2020","6.3%","",,"Distance to Parks: 1/2 Mile"
"37","North Carolina","37133000207","Onslow County, NC - 37133000207","2020","11.6%","",,"Distance to Parks: 1 Mile"
"37","North Carolina","37133000303","Onslow County, NC - 37133000303","2020","0.0%","",,"Distance to Parks: 1/2 Mile"
"37","North Carolina","37133000303","Onslow County, NC - 37133000303","2020","0.0%","",,"Distance to Parks: 1 Mile"
"37","North Carolina","37133000304","Onslow County, NC - 37133000304","2020","1.6%","",,"Distance to Parks: 1/2 Mile"
"37","North Carolina","37133000304","Onslow County, NC - 37133000304","2020","5.0%","",,"Distance to Parks: 1 Mile"
"37","North Carolina","37133000305","Onslow County, NC - 37133000305","2020","1.8%","",,"Distance to Parks: 1/2 Mile"
"37","North Carolina","37133000305","Onslow County, NC - 37133000305","2020","7.8%","",,"Distance to Parks: 1 Mile"
"37","North Carolina","37133000306","Onslow County, NC - 37133000306","2020","10.9%","",,"Distance to Parks: 1/2 Mile"
"37","North Carolina","37133000306","Onslow County, NC - 37133000306","2020","25.1%","",,"Distance to Parks: 1 Mile"
"37","North Carolina","37133000401","Onslow County, NC - 37133000401","2020","20.6%","",,"Distance to Parks: 1/2 Mile"
"37","North Carolina","37133000401","Onslow County, NC - 37133000401","2020","36.7%","",,"Distance to Parks: 1 Mile"
"37","North Carolina","37133000403","Onslow County, NC - 37133000403","2020","17.0%","",,"Distance to Parks: 1/2 Mile"
"37","North Carolina","37133000403","Onslow County, NC - 37133000403","2020","42.0%","",,"Distance to Parks: 1 Mile"
"37","North Carolina","37133000404","Onslow County, NC - 37133000404","2020","37.2%","",,"Distance to Parks: 1/2 Mile"
"37","North Carolina","37133000404","Onslow County, NC - 37133000404","2020","89.7%","",,"Distance to Parks: 1 Mile"
"37","North Carolina","37133000405","Onslow County, NC - 37133000405","2020","11.5%","",,"Distance to Parks: 1/2 Mile"
"37","North Carolina","37133000405","Onslow County, NC - 37133000405","2020","34.6%","",,"Distance to Parks: 1 Mile"
"37","North Carolina","37133000500","Onslow County, NC - 37133000500","2020","2.2%","",,"Distance to Parks: 1/2 Mile"
"37","North Carolina","37133000500","Onslow County, NC - 37133000500","2020","7.5%","",,"Distance to Parks: 1 Mile"
"37","North Carolina","37133000600","Onslow County, NC - 37133000600","2020","0.0%","",,"Distance to Parks: 1/2 Mile"
"37","North Carolina","37133000600","Onslow County, NC - 37133000600","2020","0.0%","",,"Distance to Parks: 1 Mile"
"37","North Carolina","37133000700","Onslow County, NC - 37133000700","2020","0.2%","",,"Distance to Parks: 1/2 Mile"
"37","North Carolina","37133000700","Onslow County, NC - 37133000700","2020","6.8%","",,"Distance to Parks: 1 Mile"
"37","North Carolina","37133000800","Onslow County, NC - 37133000800","2020","12.7%","",,"Distance to Parks: 1/2 Mile"
"37","North Carolina","37133000800","Onslow County, NC - 37133000800","2020","75.0%","",,"Distance to Parks: 1 Mile"
"37","North Carolina","37133000901","Onslow County, NC - 37133000901","2020","74.7%","",,"Distance to Parks: 1/2 Mile"
"37","North Carolina","37133000901","Onslow County, NC - 37133000901","2020","97.9%","",,"Distance to Parks: 1 Mile"
"37","North Carolina","37133000902","Onslow County, NC - 37133000902","2020","12.4%","",,"Distance to Parks: 1/2 Mile"
"37","North Carolina","37133000902","Onslow County, NC - 37133000902","2020","61.1%","",,"Distance to Parks: 1 Mile"
"37","North Carolina","37133001000","Onslow County, NC - 37133001000","2020","8.6%","",,"Distance to Parks: 1/2 Mile"
"37","North Carolina","37133001000","Onslow County, NC - 37133001000","2020","34.8%","",,"Distance to Parks: 1 Mile"
"37","North Carolina","37133001101","Onslow County, NC - 37133001101","2020","31.1%","",,"Distance to Parks: 1/2 Mile"
"37","North Carolina","37133001101","Onslow County, NC - 37133001101","2020","52.8%","",,"Distance to Parks: 1 Mile"
"37","North Carolina","37133001102","Onslow County, NC - 37133001102","2020","70.8%","",,"Distance to Parks: 1/2 Mile"
"37","North Carolina","37133001102","Onslow County, NC - 37133001102","2020","97.8%","",,"Distance to Parks: 1 Mile"
"37","North Carolina","37133001201","Onslow County, NC - 37133001201","2020","22.6%","",,"Distance to Parks: 1/2 Mile"
"37","North Carolina","37133001201","Onslow County, NC - 37133001201","2020","53.9%","",,"Distance to Parks: 1 Mile"
"37","North Carolina","37133001202","Onslow County, NC - 37133001202","2020","31.8%","",,"Distance to Parks: 1/2 Mile"
"37","North Carolina","37133001202","Onslow County, NC - 37133001202","2020","67.5%","",,"Distance to Parks: 1 Mile"
"37","North Carolina","37133001301","Onslow County, NC - 37133001301","2020","32.8%","",,"Distance to Parks: 1/2 Mile"
"37","North Carolina","37133001301","Onslow County, NC - 37133001301","2020","99.4%","",,"Distance to Parks: 1 Mile"
"37","North Carolina","37133001302","Onslow County, NC - 37133001302","2020","71.7%","",,"Distance to Parks: 1/2 Mile"
"37","North Carolina","37133001302","Onslow County, NC - 37133001302","2020","96.8%","",,"Distance to Parks: 1 Mile"
"37","North Carolina","37133001303","Onslow County, NC - 37133001303","2020","82.0%","",,"Distance to Parks: 1/2 Mile"
"37","North Carolina","37133001303","Onslow County, NC - 37133001303","2020","100.0%","",,"Distance to Parks: 1 Mile"
"37","North Carolina","37133001304","Onslow County, NC - 37133001304","2020","49.4%","",,"Distance to Parks: 1/2 Mile"
"37","North Carolina","37133001304","Onslow County, NC - 37133001304","2020","82.1%","",,"Distance to Parks: 1 Mile"
"37","North Carolina","37133001400","Onslow County, NC - 37133001400","2020","91.1%","",,"Distance to Parks: 1/2 Mile"
"37","North Carolina","37133001400","Onslow County, NC - 37133001400","2020","100.0%","",,"Distance to Parks: 1 Mile"
"37","North Carolina","37133001500","Onslow County, NC - 37133001500","2020","100.0%","",,"Distance to Parks: 1/2 Mile"
"37","North Carolina","37133001500","Onslow County, NC - 37133001500","2020","100.0%","",,"Distance to Parks: 1 Mile"
"37","North Carolina","37133001700","Onslow County, NC - 37133001700","2020","77.6%","",,"Distance to Parks: 1/2 Mile"
"37","North Carolina","37133001700","Onslow County, NC - 37133001700","2020","100.0%","",,"Distance to Parks: 1 Mile"
"37","North Carolina","37133001800","Onslow County, NC - 37133001800","2020","99.0%","",,"Distance to Parks: 1/2 Mile"
"37","North Carolina","37133001800","Onslow County, NC - 37133001800","2020","100.0%","",,"Distance to Parks: 1 Mile"
"37","North Carolina","37133002100","Onslow County, NC - 37133002100","2020","26.2%","",,"Distance to Parks: 1/2 Mile"
"37","North Carolina","37133002100","Onslow County, NC - 37133002100","2020","64.6%","",,"Distance to Parks: 1 Mile"
"37","North Carolina","37133002201","Onslow County, NC - 37133002201","2020","26.9%","",,"Distance to Parks: 1/2 Mile"
"37","North Carolina","37133002201","Onslow County, NC - 37133002201","2020","77.8%","",,"Distance to Parks: 1 Mile"
"37","North Carolina","37133002202","Onslow County, NC - 37133002202","2020","55.7%","",,"Distance to Parks: 1/2 Mile"
"37","North Carolina","37133002202","Onslow County, NC - 37133002202","2020","100.0%","",,"Distance to Parks: 1 Mile"
"37","North Carolina","37133002300","Onslow County, NC - 37133002300","2020","14.3%","",,"Distance to Parks: 1/2 Mile"
"37","North Carolina","37133002300","Onslow County, NC - 37133002300","2020","84.7%","",,"Distance to Parks: 1 Mile"
"37","North Carolina","37133002400","Onslow County, NC - 37133002400","2020","49.5%","",,"Distance to Parks: 1/2 Mile"
"37","North Carolina","37133002400","Onslow County, NC - 37133002400","2020","89.6%","",,"Distance to Parks: 1 Mile"
"37","North Carolina","37133002500","Onslow County, NC - 37133002500","2020","29.3%","",,"Distance to Parks: 1/2 Mile"
"37","North Carolina","37133002500","Onslow County, NC - 37133002500","2020","68.4%","",,"Distance to Parks: 1 Mile"
"37","North Carolina","37133002600","Onslow County, NC - 37133002600","2020","63.3%","",,"Distance to Parks: 1/2 Mile"
"37","North Carolina","37133002600","Onslow County, NC - 37133002600","2020","98.8%","",,"Distance to Parks: 1 Mile"
"37","North Carolina","37133002801","Onslow County, NC - 37133002801","2020","33.0%","",,"Distance to Parks: 1/2 Mile"
"37","North Carolina","37133002801","Onslow County, NC - 37133002801","2020","57.6%","",,"Distance to Parks: 1 Mile"
"37","North Carolina","37133002802","Onslow County, NC - 37133002802","2020","0.0%","",,"Distance to Parks: 1/2 Mile"
"37","North Carolina","37133002802","Onslow County, NC - 37133002802","2020","1.5%","",,"Distance to Parks: 1 Mile"
"37","North Carolina","37133002803","Onslow County, NC - 37133002803","2020","0.0%","",,"Distance to Parks: 1/2 Mile"
"37","North Carolina","37133002803","Onslow County, NC - 37133002803","2020","0.2%","",,"Distance to Parks: 1 Mile"
"37","North Carolina","37135010701","Orange County, NC - 37135010701","2020","33.6%","",,"Distance to Parks: 1/2 Mile"
"37","North Carolina","37135010701","Orange County, NC - 37135010701","2020","68.9%","",,"Distance to Parks: 1 Mile"
"37","North Carolina","37135010705","Orange County, NC - 37135010705","2020","97.0%","",,"Distance to Parks: 1/2 Mile"
"37","North Carolina","37135010705","Orange County, NC - 37135010705","2020","100.0%","",,"Distance to Parks: 1 Mile"
"37","North Carolina","37135010706","Orange County, NC - 37135010706","2020","83.1%","",,"Distance to Parks: 1/2 Mile"
"37","North Carolina","37135010706","Orange County, NC - 37135010706","2020","100.0%","",,"Distance to Parks: 1 Mile"
"37","North Carolina","37135010707","Orange County, NC - 37135010707","2020","67.7%","",,"Distance to Parks: 1/2 Mile"
"37","North Carolina","37135010707","Orange County, NC - 37135010707","2020","100.0%","",,"Distance to Parks: 1 Mile"
"37","North Carolina","37135010708","Orange County, NC - 37135010708","2020","94.2%","",,"Distance to Parks: 1/2 Mile"
"37","North Carolina","37135010708","Orange County, NC - 37135010708","2020","100.0%","",,"Distance to Parks: 1 Mile"
"37","North Carolina","37135010709","Orange County, NC - 37135010709","2020","0.0%","",,"Distance to Parks: 1/2 Mile"
"37","North Carolina","37135010709","Orange County, NC - 37135010709","2020","34.3%","",,"Distance to Parks: 1 Mile"
"37","North Carolina","37135010710","Orange County, NC - 37135010710","2020","5.7%","",,"Distance to Parks: 1/2 Mile"
"37","North Carolina","37135010710","Orange County, NC - 37135010710","2020","22.1%","",,"Distance to Parks: 1 Mile"
"37","North Carolina","37135010802","Orange County, NC - 37135010802","2020","6.5%","",,"Distance to Parks: 1/2 Mile"
"37","North Carolina","37135010802","Orange County, NC - 37135010802","2020","16.3%","",,"Distance to Parks: 1 Mile"
"37","North Carolina","37135010803","Orange County, NC - 37135010803","2020","11.3%","",,"Distance to Parks: 1/2 Mile"
"37","North Carolina","37135010803","Orange County, NC - 37135010803","2020","20.4%","",,"Distance to Parks: 1 Mile"
"37","North Carolina","37135010804","Orange County, NC - 37135010804","2020","3.9%","",,"Distance to Parks: 1/2 Mile"
"37","North Carolina","37135010804","Orange County, NC - 37135010804","2020","11.0%","",,"Distance to Parks: 1 Mile"
"37","North Carolina","37135010902","Orange County, NC - 37135010902","2020","23.5%","",,"Distance to Parks: 1/2 Mile"
"37","North Carolina","37135010902","Orange County, NC - 37135010902","2020","66.3%","",,"Distance to Parks: 1 Mile"
"37","North Carolina","37135010903","Orange County, NC - 37135010903","2020","18.5%","",,"Distance to Parks: 1/2 Mile"
"37","North Carolina","37135010903","Orange County, NC - 37135010903","2020","32.1%","",,"Distance to Parks: 1 Mile"
"37","North Carolina","37135010904","Orange County, NC - 37135010904","2020","61.7%","",,"Distance to Parks: 1/2 Mile"
"37","North Carolina","37135010904","Orange County, NC - 37135010904","2020","83.0%","",,"Distance to Parks: 1 Mile"
"37","North Carolina","37135011001","Orange County, NC - 37135011001","2020","40.4%","",,"Distance to Parks: 1/2 Mile"
"37","North Carolina","37135011001","Orange County, NC - 37135011001","2020","78.4%","",,"Distance to Parks: 1 Mile"
"37","North Carolina","37135011002","Orange County, NC - 37135011002","2020","80.2%","",,"Distance to Parks: 1/2 Mile"
"37","North Carolina","37135011002","Orange County, NC - 37135011002","2020","99.0%","",,"Distance to Parks: 1 Mile"
"37","North Carolina","37135011103","Orange County, NC - 37135011103","2020","19.0%","",,"Distance to Parks: 1/2 Mile"
"37","North Carolina","37135011103","Orange County, NC - 37135011103","2020","50.4%","",,"Distance to Parks: 1 Mile"
"37","North Carolina","37135011104","Orange County, NC - 37135011104","2020","10.4%","",,"Distance to Parks: 1/2 Mile"
"37","North Carolina","37135011104","Orange County, NC - 37135011104","2020","29.5%","",,"Distance to Parks: 1 Mile"
"37","North Carolina","37135011105","Orange County, NC - 37135011105","2020","58.7%","",,"Distance to Parks: 1/2 Mile"
"37","North Carolina","37135011105","Orange County, NC - 37135011105","2020","90.5%","",,"Distance to Parks: 1 Mile"
"37","North Carolina","37135011106","Orange County, NC - 37135011106","2020","17.8%","",,"Distance to Parks: 1/2 Mile"
"37","North Carolina","37135011106","Orange County, NC - 37135011106","2020","46.2%","",,"Distance to Parks: 1 Mile"
"37","North Carolina","37135011107","Orange County, NC - 37135011107","2020","25.5%","",,"Distance to Parks: 1/2 Mile"
"37","North Carolina","37135011107","Orange County, NC - 37135011107","2020","53.5%","",,"Distance to Parks: 1 Mile"
"37","North Carolina","37135011204","Orange County, NC - 37135011204","2020","61.8%","",,"Distance to Parks: 1/2 Mile"
"37","North Carolina","37135011204","Orange County, NC - 37135011204","2020","94.2%","",,"Distance to Parks: 1 Mile"
"37","North Carolina","37135011206","Orange County, NC - 37135011206","2020","27.1%","",,"Distance to Parks: 1/2 Mile"
"37","North Carolina","37135011206","Orange County, NC - 37135011206","2020","75.6%","",,"Distance to Parks: 1 Mile"
"37","North Carolina","37135011207","Orange County, NC - 37135011207","2020","60.9%","",,"Distance to Parks: 1/2 Mile"
"37","North Carolina","37135011207","Orange County, NC - 37135011207","2020","100.0%","",,"Distance to Parks: 1 Mile"
"37","North Carolina","37135011208","Orange County, NC - 37135011208","2020","34.2%","",,"Distance to Parks: 1/2 Mile"
"37","North Carolina","37135011208","Orange County, NC - 37135011208","2020","81.2%","",,"Distance to Parks: 1 Mile"
"37","North Carolina","37135011209","Orange County, NC - 37135011209","2020","11.2%","",,"Distance to Parks: 1/2 Mile"
"37","North Carolina","37135011209","Orange County, NC - 37135011209","2020","27.1%","",,"Distance to Parks: 1 Mile"
"37","North Carolina","37135011210","Orange County, NC - 37135011210","2020","22.8%","",,"Distance to Parks: 1/2 Mile"
"37","North Carolina","37135011210","Orange County, NC - 37135011210","2020","34.9%","",,"Distance to Parks: 1 Mile"
"37","North Carolina","37135011211","Orange County, NC - 37135011211","2020","39.5%","",,"Distance to Parks: 1/2 Mile"
"37","North Carolina","37135011211","Orange County, NC - 37135011211","2020","64.4%","",,"Distance to Parks: 1 Mile"
"37","North Carolina","37135011300","Orange County, NC - 37135011300","2020","100.0%","",,"Distance to Parks: 1/2 Mile"
"37","North Carolina","37135011300","Orange County, NC - 37135011300","2020","100.0%","",,"Distance to Parks: 1 Mile"
"37","North Carolina","37135011400","Orange County, NC - 37135011400","2020","87.6%","",,"Distance to Parks: 1/2 Mile"
"37","North Carolina","37135011400","Orange County, NC - 37135011400","2020","100.0%","",,"Distance to Parks: 1 Mile"
"37","North Carolina","37135011500","Orange County, NC - 37135011500","2020","87.0%","",,"Distance to Parks: 1/2 Mile"
"37","North Carolina","37135011500","Orange County, NC - 37135011500","2020","100.0%","",,"Distance to Parks: 1 Mile"
"37","North Carolina","37135011601","Orange County, NC - 37135011601","2020","92.8%","",,"Distance to Parks: 1/2 Mile"
"37","North Carolina","37135011601","Orange County, NC - 37135011601","2020","100.0%","",,"Distance to Parks: 1 Mile"
"37","North Carolina","37135011602","Orange County, NC - 37135011602","2020","57.8%","",,"Distance to Parks: 1/2 Mile"
"37","North Carolina","37135011602","Orange County, NC - 37135011602","2020","100.0%","",,"Distance to Parks: 1 Mile"
"37","North Carolina","37135011700","Orange County, NC - 37135011700","2020","98.1%","",,"Distance to Parks: 1/2 Mile"
"37","North Carolina","37135011700","Orange County, NC - 37135011700","2020","100.0%","",,"Distance to Parks: 1 Mile"
"37","North Carolina","37135011800","Orange County, NC - 37135011800","2020","49.1%","",,"Distance to Parks: 1/2 Mile"
"37","North Carolina","37135011800","Orange County, NC - 37135011800","2020","99.9%","",,"Distance to Parks: 1 Mile"
"37","North Carolina","37135011902","Orange County, NC - 37135011902","2020","70.0%","",,"Distance to Parks: 1/2 Mile"
"37","North Carolina","37135011902","Orange County, NC - 37135011902","2020","100.0%","",,"Distance to Parks: 1 Mile"
"37","North Carolina","37135011903","Orange County, NC - 37135011903","2020","91.2%","",,"Distance to Parks: 1/2 Mile"
"37","North Carolina","37135011903","Orange County, NC - 37135011903","2020","100.0%","",,"Distance to Parks: 1 Mile"
"37","North Carolina","37135011904","Orange County, NC - 37135011904","2020","55.5%","",,"Distance to Parks: 1/2 Mile"
"37","North Carolina","37135011904","Orange County, NC - 37135011904","2020","100.0%","",,"Distance to Parks: 1 Mile"
"37","North Carolina","37135012101","Orange County, NC - 37135012101","2020","78.7%","",,"Distance to Parks: 1/2 Mile"
"37","North Carolina","37135012101","Orange County, NC - 37135012101","2020","98.5%","",,"Distance to Parks: 1 Mile"
"37","North Carolina","37135012102","Orange County, NC - 37135012102","2020","100.0%","",,"Distance to Parks: 1/2 Mile"
"37","North Carolina","37135012102","Orange County, NC - 37135012102","2020","100.0%","",,"Distance to Parks: 1 Mile"
"37","North Carolina","37135012103","Orange County, NC - 37135012103","2020","90.3%","",,"Distance to Parks: 1/2 Mile"
"37","North Carolina","37135012103","Orange County, NC - 37135012103","2020","100.0%","",,"Distance to Parks: 1 Mile"
"37","North Carolina","37135012201","Orange County, NC - 37135012201","2020","34.1%","",,"Distance to Parks: 1/2 Mile"
"37","North Carolina","37135012201","Orange County, NC - 37135012201","2020","66.7%","",,"Distance to Parks: 1 Mile"
"37","North Carolina","37135012202","Orange County, NC - 37135012202","2020","66.4%","",,"Distance to Parks: 1/2 Mile"
"37","North Carolina","37135012202","Orange County, NC - 37135012202","2020","100.0%","",,"Distance to Parks: 1 Mile"
"37","North Carolina","37137950101","Pamlico County, NC - 37137950101","2020","1.4%","",,"Distance to Parks: 1/2 Mile"
"37","North Carolina","37137950101","Pamlico County, NC - 37137950101","2020","4.9%","",,"Distance to Parks: 1 Mile"
"37","North Carolina","37137950103","Pamlico County, NC - 37137950103","2020","0.0%","",,"Distance to Parks: 1/2 Mile"
"37","North Carolina","37137950103","Pamlico County, NC - 37137950103","2020","0.0%","",,"Distance to Parks: 1 Mile"
"37","North Carolina","37137950104","Pamlico County, NC - 37137950104","2020","12.9%","",,"Distance to Parks: 1/2 Mile"
"37","North Carolina","37137950104","Pamlico County, NC - 37137950104","2020","20.5%","",,"Distance to Parks: 1 Mile"
"37","North Carolina","37137950202","Pamlico County, NC - 37137950202","2020","0.0%","",,"Distance to Parks: 1/2 Mile"
"37","North Carolina","37137950202","Pamlico County, NC - 37137950202","2020","0.0%","",,"Distance to Parks: 1 Mile"
"37","North Carolina","37137950203","Pamlico County, NC - 37137950203","2020","0.0%","",,"Distance to Parks: 1/2 Mile"
"37","North Carolina","37137950203","Pamlico County, NC - 37137950203","2020","0.0%","",,"Distance to Parks: 1 Mile"
"37","North Carolina","37137950204","Pamlico County, NC - 37137950204","2020","8.4%","",,"Distance to Parks: 1/2 Mile"
"37","North Carolina","37137950204","Pamlico County, NC - 37137950204","2020","16.6%","",,"Distance to Parks: 1 Mile"
"37","North Carolina","37139960100","Pasquotank County, NC - 37139960100","2020","55.9%","",,"Distance to Parks: 1/2 Mile"
"37","North Carolina","37139960100","Pasquotank County, NC - 37139960100","2020","99.6%","",,"Distance to Parks: 1 Mile"
"37","North Carolina","37139960200","Pasquotank County, NC - 37139960200","2020","36.2%","",,"Distance to Parks: 1/2 Mile"
"37","North Carolina","37139960200","Pasquotank County, NC - 37139960200","2020","95.0%","",,"Distance to Parks: 1 Mile"
"37","North Carolina","37139960300","Pasquotank County, NC - 37139960300","2020","73.2%","",,"Distance to Parks: 1/2 Mile"
"37","North Carolina","37139960300","Pasquotank County, NC - 37139960300","2020","100.0%","",,"Distance to Parks: 1 Mile"
"37","North Carolina","37139960400","Pasquotank County, NC - 37139960400","2020","50.4%","",,"Distance to Parks: 1/2 Mile"
"37","North Carolina","37139960400","Pasquotank County, NC - 37139960400","2020","87.9%","",,"Distance to Parks: 1 Mile"
"37","North Carolina","37139960501","Pasquotank County, NC - 37139960501","2020","5.8%","",,"Distance to Parks: 1/2 Mile"
"37","North Carolina","37139960501","Pasquotank County, NC - 37139960501","2020","17.8%","",,"Distance to Parks: 1 Mile"
"37","North Carolina","37139960502","Pasquotank County, NC - 37139960502","2020","0.0%","",,"Distance to Parks: 1/2 Mile"
"37","North Carolina","37139960502","Pasquotank County, NC - 37139960502","2020","3.6%","",,"Distance to Parks: 1 Mile"
"37","North Carolina","37139960503","Pasquotank County, NC - 37139960503","2020","11.3%","",,"Distance to Parks: 1/2 Mile"
"37","North Carolina","37139960503","Pasquotank County, NC - 37139960503","2020","14.6%","",,"Distance to Parks: 1 Mile"
"37","North Carolina","37139960600","Pasquotank County, NC - 37139960600","2020","0.0%","",,"Distance to Parks: 1/2 Mile"
"37","North Carolina","37139960600","Pasquotank County, NC - 37139960600","2020","1.9%","",,"Distance to Parks: 1 Mile"
"37","North Carolina","37139960701","Pasquotank County, NC - 37139960701","2020","5.1%","",,"Distance to Parks: 1/2 Mile"
"37","North Carolina","37139960701","Pasquotank County, NC - 37139960701","2020","16.2%","",,"Distance to Parks: 1 Mile"
"37","North Carolina","37139960702","Pasquotank County, NC - 37139960702","2020","0.0%","",,"Distance to Parks: 1/2 Mile"
"37","North Carolina","37139960702","Pasquotank County, NC - 37139960702","2020","0.0%","",,"Distance to Parks: 1 Mile"
"37","North Carolina","37141920104","Pender County, NC - 37141920104","2020","32.7%","",,"Distance to Parks: 1/2 Mile"
"37","North Carolina","37141920104","Pender County, NC - 37141920104","2020","62.5%","",,"Distance to Parks: 1 Mile"
"37","North Carolina","37141920105","Pender County, NC - 37141920105","2020","28.4%","",,"Distance to Parks: 1/2 Mile"
"37","North Carolina","37141920105","Pender County, NC - 37141920105","2020","65.1%","",,"Distance to Parks: 1 Mile"
"37","North Carolina","37141920106","Pender County, NC - 37141920106","2020","14.4%","",,"Distance to Parks: 1/2 Mile"
"37","North Carolina","37141920106","Pender County, NC - 37141920106","2020","31.6%","",,"Distance to Parks: 1 Mile"
"37","North Carolina","37141920201","Pender County, NC - 37141920201","2020","20.6%","",,"Distance to Parks: 1/2 Mile"
"37","North Carolina","37141920201","Pender County, NC - 37141920201","2020","51.3%","",,"Distance to Parks: 1 Mile"
"37","North Carolina","37141920202","Pender County, NC - 37141920202","2020","0.0%","",,"Distance to Parks: 1/2 Mile"
"37","North Carolina","37141920202","Pender County, NC - 37141920202","2020","0.0%","",,"Distance to Parks: 1 Mile"
"37","North Carolina","37141920203","Pender County, NC - 37141920203","2020","42.4%","",,"Distance to Parks: 1/2 Mile"
"37","North Carolina","37141920203","Pender County, NC - 37141920203","2020","54.0%","",,"Distance to Parks: 1 Mile"
"37","North Carolina","37141920204","Pender County, NC - 37141920204","2020","73.1%","",,"Distance to Parks: 1/2 Mile"
"37","North Carolina","37141920204","Pender County, NC - 37141920204","2020","85.6%","",,"Distance to Parks: 1 Mile"
"37","North Carolina","37141920300","Pender County, NC - 37141920300","2020","0.4%","",,"Distance to Parks: 1/2 Mile"
"37","North Carolina","37141920300","Pender County, NC - 37141920300","2020","2.5%","",,"Distance to Parks: 1 Mile"
"37","North Carolina","37141920401","Pender County, NC - 37141920401","2020","4.3%","",,"Distance to Parks: 1/2 Mile"
"37","North Carolina","37141920401","Pender County, NC - 37141920401","2020","9.8%","",,"Distance to Parks: 1 Mile"
"37","North Carolina","37141920402","Pender County, NC - 37141920402","2020","2.4%","",,"Distance to Parks: 1/2 Mile"
"37","North Carolina","37141920402","Pender County, NC - 37141920402","2020","6.7%","",,"Distance to Parks: 1 Mile"
"37","North Carolina","37141920403","Pender County, NC - 37141920403","2020","22.6%","",,"Distance to Parks: 1/2 Mile"
"37","North Carolina","37141920403","Pender County, NC - 37141920403","2020","42.7%","",,"Distance to Parks: 1 Mile"
"37","North Carolina","37141920501","Pender County, NC - 37141920501","2020","0.7%","",,"Distance to Parks: 1/2 Mile"
"37","North Carolina","37141920501","Pender County, NC - 37141920501","2020","1.8%","",,"Distance to Parks: 1 Mile"
"37","North Carolina","37141920502","Pender County, NC - 37141920502","2020","17.0%","",,"Distance to Parks: 1/2 Mile"
"37","North Carolina","37141920502","Pender County, NC - 37141920502","2020","29.2%","",,"Distance to Parks: 1 Mile"
"37","North Carolina","37141920601","Pender County, NC - 37141920601","2020","0.0%","",,"Distance to Parks: 1/2 Mile"
"37","North Carolina","37141920601","Pender County, NC - 37141920601","2020","0.3%","",,"Distance to Parks: 1 Mile"
"37","North Carolina","37141920602","Pender County, NC - 37141920602","2020","13.4%","",,"Distance to Parks: 1/2 Mile"
"37","North Carolina","37141920602","Pender County, NC - 37141920602","2020","22.0%","",,"Distance to Parks: 1 Mile"
"37","North Carolina","37143920101","Perquimans County, NC - 37143920101","2020","0.9%","",,"Distance to Parks: 1/2 Mile"
"37","North Carolina","37143920101","Perquimans County, NC - 37143920101","2020","2.3%","",,"Distance to Parks: 1 Mile"
"37","North Carolina","37143920102","Perquimans County, NC - 37143920102","2020","0.0%","",,"Distance to Parks: 1/2 Mile"
"37","North Carolina","37143920102","Perquimans County, NC - 37143920102","2020","0.0%","",,"Distance to Parks: 1 Mile"
"37","North Carolina","37143920201","Perquimans County, NC - 37143920201","2020","1.7%","",,"Distance to Parks: 1/2 Mile"
"37","North Carolina","37143920201","Perquimans County, NC - 37143920201","2020","5.4%","",,"Distance to Parks: 1 Mile"
"37","North Carolina","37143920202","Perquimans County, NC - 37143920202","2020","2.6%","",,"Distance to Parks: 1/2 Mile"
"37","North Carolina","37143920202","Perquimans County, NC - 37143920202","2020","7.2%","",,"Distance to Parks: 1 Mile"
"37","North Carolina","37145920100","Person County, NC - 37145920100","2020","0.0%","",,"Distance to Parks: 1/2 Mile"
"37","North Carolina","37145920100","Person County, NC - 37145920100","2020","0.0%","",,"Distance to Parks: 1 Mile"
"37","North Carolina","37145920200","Person County, NC - 37145920200","2020","0.1%","",,"Distance to Parks: 1/2 Mile"
"37","North Carolina","37145920200","Person County, NC - 37145920200","2020","0.8%","",,"Distance to Parks: 1 Mile"
"37","North Carolina","37145920300","Person County, NC - 37145920300","2020","31.6%","",,"Distance to Parks: 1/2 Mile"
"37","North Carolina","37145920300","Person County, NC - 37145920300","2020","68.0%","",,"Distance to Parks: 1 Mile"
"37","North Carolina","37145920400","Person County, NC - 37145920400","2020","37.1%","",,"Distance to Parks: 1/2 Mile"
"37","North Carolina","37145920400","Person County, NC - 37145920400","2020","73.9%","",,"Distance to Parks: 1 Mile"
"37","North Carolina","37145920500","Person County, NC - 37145920500","2020","0.0%","",,"Distance to Parks: 1/2 Mile"
"37","North Carolina","37145920500","Person County, NC - 37145920500","2020","0.0%","",,"Distance to Parks: 1 Mile"
"37","North Carolina","37145920601","Person County, NC - 37145920601","2020","0.0%","",,"Distance to Parks: 1/2 Mile"
"37","North Carolina","37145920601","Person County, NC - 37145920601","2020","0.5%","",,"Distance to Parks: 1 Mile"
"37","North Carolina","37145920602","Person County, NC - 37145920602","2020","0.0%","",,"Distance to Parks: 1/2 Mile"
"37","North Carolina","37145920602","Person County, NC - 37145920602","2020","0.0%","",,"Distance to Parks: 1 Mile"
"37","North Carolina","37147000101","Pitt County, NC - 37147000101","2020","83.9%","",,"Distance to Parks: 1/2 Mile"
"37","North Carolina","37147000101","Pitt County, NC - 37147000101","2020","100.0%","",,"Distance to Parks: 1 Mile"
"37","North Carolina","37147000102","Pitt County, NC - 37147000102","2020","50.3%","",,"Distance to Parks: 1/2 Mile"
"37","North Carolina","37147000102","Pitt County, NC - 37147000102","2020","100.0%","",,"Distance to Parks: 1 Mile"
"37","North Carolina","37147000201","Pitt County, NC - 37147000201","2020","98.5%","",,"Distance to Parks: 1/2 Mile"
"37","North Carolina","37147000201","Pitt County, NC - 37147000201","2020","100.0%","",,"Distance to Parks: 1 Mile"
"37","North Carolina","37147000202","Pitt County, NC - 37147000202","2020","100.0%","",,"Distance to Parks: 1/2 Mile"
"37","North Carolina","37147000202","Pitt County, NC - 37147000202","2020","100.0%","",,"Distance to Parks: 1 Mile"
"37","North Carolina","37147000301","Pitt County, NC - 37147000301","2020","17.0%","",,"Distance to Parks: 1/2 Mile"
"37","North Carolina","37147000301","Pitt County, NC - 37147000301","2020","63.6%","",,"Distance to Parks: 1 Mile"
"37","North Carolina","37147000303","Pitt County, NC - 37147000303","2020","14.1%","",,"Distance to Parks: 1/2 Mile"
"37","North Carolina","37147000303","Pitt County, NC - 37147000303","2020","73.8%","",,"Distance to Parks: 1 Mile"
"37","North Carolina","37147000304","Pitt County, NC - 37147000304","2020","9.5%","",,"Distance to Parks: 1/2 Mile"
"37","North Carolina","37147000304","Pitt County, NC - 37147000304","2020","36.7%","",,"Distance to Parks: 1 Mile"
"37","North Carolina","37147000400","Pitt County, NC - 37147000400","2020","66.4%","",,"Distance to Parks: 1/2 Mile"
"37","North Carolina","37147000400","Pitt County, NC - 37147000400","2020","100.0%","",,"Distance to Parks: 1 Mile"
"37","North Carolina","37147000501","Pitt County, NC - 37147000501","2020","50.2%","",,"Distance to Parks: 1/2 Mile"
"37","North Carolina","37147000501","Pitt County, NC - 37147000501","2020","98.5%","",,"Distance to Parks: 1 Mile"
"37","North Carolina","37147000503","Pitt County, NC - 37147000503","2020","2.9%","",,"Distance to Parks: 1/2 Mile"
"37","North Carolina","37147000503","Pitt County, NC - 37147000503","2020","47.9%","",,"Distance to Parks: 1 Mile"
"37","North Carolina","37147000504","Pitt County, NC - 37147000504","2020","0.0%","",,"Distance to Parks: 1/2 Mile"
"37","North Carolina","37147000504","Pitt County, NC - 37147000504","2020","43.9%","",,"Distance to Parks: 1 Mile"
"37","North Carolina","37147000602","Pitt County, NC - 37147000602","2020","25.2%","",,"Distance to Parks: 1/2 Mile"
"37","North Carolina","37147000602","Pitt County, NC - 37147000602","2020","95.7%","",,"Distance to Parks: 1 Mile"
"37","North Carolina","37147000604","Pitt County, NC - 37147000604","2020","12.3%","",,"Distance to Parks: 1/2 Mile"
"37","North Carolina","37147000604","Pitt County, NC - 37147000604","2020","41.5%","",,"Distance to Parks: 1 Mile"
"37","North Carolina","37147000605","Pitt County, NC - 37147000605","2020","10.1%","",,"Distance to Parks: 1/2 Mile"
"37","North Carolina","37147000605","Pitt County, NC - 37147000605","2020","38.1%","",,"Distance to Parks: 1 Mile"
"37","North Carolina","37147000606","Pitt County, NC - 37147000606","2020","40.1%","",,"Distance to Parks: 1/2 Mile"
"37","North Carolina","37147000606","Pitt County, NC - 37147000606","2020","93.6%","",,"Distance to Parks: 1 Mile"
"37","North Carolina","37147000607","Pitt County, NC - 37147000607","2020","22.0%","",,"Distance to Parks: 1/2 Mile"
"37","North Carolina","37147000607","Pitt County, NC - 37147000607","2020","56.9%","",,"Distance to Parks: 1 Mile"
"37","North Carolina","37147000701","Pitt County, NC - 37147000701","2020","89.5%","",,"Distance to Parks: 1/2 Mile"
"37","North Carolina","37147000701","Pitt County, NC - 37147000701","2020","100.0%","",,"Distance to Parks: 1 Mile"
"37","North Carolina","37147000702","Pitt County, NC - 37147000702","2020","100.0%","",,"Distance to Parks: 1/2 Mile"
"37","North Carolina","37147000702","Pitt County, NC - 37147000702","2020","100.0%","",,"Distance to Parks: 1 Mile"
"37","North Carolina","37147000800","Pitt County, NC - 37147000800","2020","49.2%","",,"Distance to Parks: 1/2 Mile"
"37","North Carolina","37147000800","Pitt County, NC - 37147000800","2020","84.4%","",,"Distance to Parks: 1 Mile"
"37","North Carolina","37147000901","Pitt County, NC - 37147000901","2020","0.0%","",,"Distance to Parks: 1/2 Mile"
"37","North Carolina","37147000901","Pitt County, NC - 37147000901","2020","0.5%","",,"Distance to Parks: 1 Mile"
"37","North Carolina","37147000902","Pitt County, NC - 37147000902","2020","0.1%","",,"Distance to Parks: 1/2 Mile"
"37","North Carolina","37147000902","Pitt County, NC - 37147000902","2020","2.6%","",,"Distance to Parks: 1 Mile"
"37","North Carolina","37147001001","Pitt County, NC - 37147001001","2020","0.0%","",,"Distance to Parks: 1/2 Mile"
"37","North Carolina","37147001001","Pitt County, NC - 37147001001","2020","2.7%","",,"Distance to Parks: 1 Mile"
"37","North Carolina","37147001002","Pitt County, NC - 37147001002","2020","7.8%","",,"Distance to Parks: 1/2 Mile"
"37","North Carolina","37147001002","Pitt County, NC - 37147001002","2020","26.5%","",,"Distance to Parks: 1 Mile"
"37","North Carolina","37147001003","Pitt County, NC - 37147001003","2020","0.0%","",,"Distance to Parks: 1/2 Mile"
"37","North Carolina","37147001003","Pitt County, NC - 37147001003","2020","6.5%","",,"Distance to Parks: 1 Mile"
"37","North Carolina","37147001100","Pitt County, NC - 37147001100","2020","0.0%","",,"Distance to Parks: 1/2 Mile"
"37","North Carolina","37147001100","Pitt County, NC - 37147001100","2020","0.0%","",,"Distance to Parks: 1 Mile"
"37","North Carolina","37147001200","Pitt County, NC - 37147001200","2020","1.6%","",,"Distance to Parks: 1/2 Mile"
"37","North Carolina","37147001200","Pitt County, NC - 37147001200","2020","3.5%","",,"Distance to Parks: 1 Mile"
"37","North Carolina","37147001301","Pitt County, NC - 37147001301","2020","6.9%","",,"Distance to Parks: 1/2 Mile"
"37","North Carolina","37147001301","Pitt County, NC - 37147001301","2020","29.3%","",,"Distance to Parks: 1 Mile"
"37","North Carolina","37147001302","Pitt County, NC - 37147001302","2020","40.0%","",,"Distance to Parks: 1/2 Mile"
"37","North Carolina","37147001302","Pitt County, NC - 37147001302","2020","76.8%","",,"Distance to Parks: 1 Mile"
"37","North Carolina","37147001304","Pitt County, NC - 37147001304","2020","24.2%","",,"Distance to Parks: 1/2 Mile"
"37","North Carolina","37147001304","Pitt County, NC - 37147001304","2020","52.8%","",,"Distance to Parks: 1 Mile"
"37","North Carolina","37147001305","Pitt County, NC - 37147001305","2020","52.9%","",,"Distance to Parks: 1/2 Mile"
"37","North Carolina","37147001305","Pitt County, NC - 37147001305","2020","100.0%","",,"Distance to Parks: 1 Mile"
"37","North Carolina","37147001402","Pitt County, NC - 37147001402","2020","1.1%","",,"Distance to Parks: 1/2 Mile"
"37","North Carolina","37147001402","Pitt County, NC - 37147001402","2020","5.3%","",,"Distance to Parks: 1 Mile"
"37","North Carolina","37147001403","Pitt County, NC - 37147001403","2020","9.4%","",,"Distance to Parks: 1/2 Mile"
"37","North Carolina","37147001403","Pitt County, NC - 37147001403","2020","25.8%","",,"Distance to Parks: 1 Mile"
"37","North Carolina","37147001404","Pitt County, NC - 37147001404","2020","5.3%","",,"Distance to Parks: 1/2 Mile"
"37","North Carolina","37147001404","Pitt County, NC - 37147001404","2020","15.3%","",,"Distance to Parks: 1 Mile"
"37","North Carolina","37147001500","Pitt County, NC - 37147001500","2020","6.7%","",,"Distance to Parks: 1/2 Mile"
"37","North Carolina","37147001500","Pitt County, NC - 37147001500","2020","18.2%","",,"Distance to Parks: 1 Mile"
"37","North Carolina","37147001601","Pitt County, NC - 37147001601","2020","0.0%","",,"Distance to Parks: 1/2 Mile"
"37","North Carolina","37147001601","Pitt County, NC - 37147001601","2020","0.0%","",,"Distance to Parks: 1 Mile"
"37","North Carolina","37147001602","Pitt County, NC - 37147001602","2020","0.0%","",,"Distance to Parks: 1/2 Mile"
"37","North Carolina","37147001602","Pitt County, NC - 37147001602","2020","0.1%","",,"Distance to Parks: 1 Mile"
"37","North Carolina","37147001700","Pitt County, NC - 37147001700","2020","0.0%","",,"Distance to Parks: 1/2 Mile"
"37","North Carolina","37147001700","Pitt County, NC - 37147001700","2020","0.7%","",,"Distance to Parks: 1 Mile"
"37","North Carolina","37147001800","Pitt County, NC - 37147001800","2020","11.3%","",,"Distance to Parks: 1/2 Mile"
"37","North Carolina","37147001800","Pitt County, NC - 37147001800","2020","27.9%","",,"Distance to Parks: 1 Mile"
"37","North Carolina","37147001900","Pitt County, NC - 37147001900","2020","0.0%","",,"Distance to Parks: 1/2 Mile"
"37","North Carolina","37147001900","Pitt County, NC - 37147001900","2020","0.3%","",,"Distance to Parks: 1 Mile"
"37","North Carolina","37147002002","Pitt County, NC - 37147002002","2020","0.0%","",,"Distance to Parks: 1/2 Mile"
"37","North Carolina","37147002002","Pitt County, NC - 37147002002","2020","0.0%","",,"Distance to Parks: 1 Mile"
"37","North Carolina","37147002003","Pitt County, NC - 37147002003","2020","0.0%","",,"Distance to Parks: 1/2 Mile"
"37","North Carolina","37147002003","Pitt County, NC - 37147002003","2020","0.3%","",,"Distance to Parks: 1 Mile"
"37","North Carolina","37147002004","Pitt County, NC - 37147002004","2020","0.0%","",,"Distance to Parks: 1/2 Mile"
"37","North Carolina","37147002004","Pitt County, NC - 37147002004","2020","4.5%","",,"Distance to Parks: 1 Mile"
"37","North Carolina","37149920101","Polk County, NC - 37149920101","2020","0.0%","",,"Distance to Parks: 1/2 Mile"
"37","North Carolina","37149920101","Polk County, NC - 37149920101","2020","0.1%","",,"Distance to Parks: 1 Mile"
"37","North Carolina","37149920103","Polk County, NC - 37149920103","2020","0.0%","",,"Distance to Parks: 1/2 Mile"
"37","North Carolina","37149920103","Polk County, NC - 37149920103","2020","0.0%","",,"Distance to Parks: 1 Mile"
"37","North Carolina","37149920104","Polk County, NC - 37149920104","2020","0.0%","",,"Distance to Parks: 1/2 Mile"
"37","North Carolina","37149920104","Polk County, NC - 37149920104","2020","0.9%","",,"Distance to Parks: 1 Mile"
"37","North Carolina","37149920201","Polk County, NC - 37149920201","2020","53.0%","",,"Distance to Parks: 1/2 Mile"
"37","North Carolina","37149920201","Polk County, NC - 37149920201","2020","68.5%","",,"Distance to Parks: 1 Mile"
"37","North Carolina","37149920202","Polk County, NC - 37149920202","2020","0.0%","",,"Distance to Parks: 1/2 Mile"
"37","North Carolina","37149920202","Polk County, NC - 37149920202","2020","0.0%","",,"Distance to Parks: 1 Mile"
"37","North Carolina","37149920301","Polk County, NC - 37149920301","2020","5.7%","",,"Distance to Parks: 1/2 Mile"
"37","North Carolina","37149920301","Polk County, NC - 37149920301","2020","36.6%","",,"Distance to Parks: 1 Mile"
"37","North Carolina","37149920303","Polk County, NC - 37149920303","2020","14.8%","",,"Distance to Parks: 1/2 Mile"
"37","North Carolina","37149920303","Polk County, NC - 37149920303","2020","39.5%","",,"Distance to Parks: 1 Mile"
"37","North Carolina","37149920304","Polk County, NC - 37149920304","2020","20.8%","",,"Distance to Parks: 1/2 Mile"
"37","North Carolina","37149920304","Polk County, NC - 37149920304","2020","32.1%","",,"Distance to Parks: 1 Mile"
"37","North Carolina","37151030100","Randolph County, NC - 37151030100","2020","28.2%","",,"Distance to Parks: 1/2 Mile"
"37","North Carolina","37151030100","Randolph County, NC - 37151030100","2020","43.2%","",,"Distance to Parks: 1 Mile"
"37","North Carolina","37151030201","Randolph County, NC - 37151030201","2020","62.9%","",,"Distance to Parks: 1/2 Mile"
"37","North Carolina","37151030201","Randolph County, NC - 37151030201","2020","91.0%","",,"Distance to Parks: 1 Mile"
"37","North Carolina","37151030202","Randolph County, NC - 37151030202","2020","3.5%","",,"Distance to Parks: 1/2 Mile"
"37","North Carolina","37151030202","Randolph County, NC - 37151030202","2020","25.8%","",,"Distance to Parks: 1 Mile"
"37","North Carolina","37151030301","Randolph County, NC - 37151030301","2020","18.3%","",,"Distance to Parks: 1/2 Mile"
"37","North Carolina","37151030301","Randolph County, NC - 37151030301","2020","51.7%","",,"Distance to Parks: 1 Mile"
"37","North Carolina","37151030302","Randolph County, NC - 37151030302","2020","26.5%","",,"Distance to Parks: 1/2 Mile"
"37","North Carolina","37151030302","Randolph County, NC - 37151030302","2020","53.3%","",,"Distance to Parks: 1 Mile"
"37","North Carolina","37151030400","Randolph County, NC - 37151030400","2020","33.1%","",,"Distance to Parks: 1/2 Mile"
"37","North Carolina","37151030400","Randolph County, NC - 37151030400","2020","81.0%","",,"Distance to Parks: 1 Mile"
"37","North Carolina","37151030502","Randolph County, NC - 37151030502","2020","11.0%","",,"Distance to Parks: 1/2 Mile"
"37","North Carolina","37151030502","Randolph County, NC - 37151030502","2020","35.5%","",,"Distance to Parks: 1 Mile"
"37","North Carolina","37151030503","Randolph County, NC - 37151030503","2020","3.3%","",,"Distance to Parks: 1/2 Mile"
"37","North Carolina","37151030503","Randolph County, NC - 37151030503","2020","13.6%","",,"Distance to Parks: 1 Mile"
"37","North Carolina","37151030504","Randolph County, NC - 37151030504","2020","6.4%","",,"Distance to Parks: 1/2 Mile"
"37","North Carolina","37151030504","Randolph County, NC - 37151030504","2020","12.3%","",,"Distance to Parks: 1 Mile"
"37","North Carolina","37151030600","Randolph County, NC - 37151030600","2020","13.9%","",,"Distance to Parks: 1/2 Mile"
"37","North Carolina","37151030600","Randolph County, NC - 37151030600","2020","27.9%","",,"Distance to Parks: 1 Mile"
"37","North Carolina","37151030700","Randolph County, NC - 37151030700","2020","48.7%","",,"Distance to Parks: 1/2 Mile"
"37","North Carolina","37151030700","Randolph County, NC - 37151030700","2020","58.6%","",,"Distance to Parks: 1 Mile"
"37","North Carolina","37151030803","Randolph County, NC - 37151030803","2020","8.4%","",,"Distance to Parks: 1/2 Mile"
"37","North Carolina","37151030803","Randolph County, NC - 37151030803","2020","24.0%","",,"Distance to Parks: 1 Mile"
"37","North Carolina","37151030804","Randolph County, NC - 37151030804","2020","40.1%","",,"Distance to Parks: 1/2 Mile"
"37","North Carolina","37151030804","Randolph County, NC - 37151030804","2020","71.7%","",,"Distance to Parks: 1 Mile"
"37","North Carolina","37151030805","Randolph County, NC - 37151030805","2020","2.5%","",,"Distance to Parks: 1/2 Mile"
"37","North Carolina","37151030805","Randolph County, NC - 37151030805","2020","8.2%","",,"Distance to Parks: 1 Mile"
"37","North Carolina","37151030806","Randolph County, NC - 37151030806","2020","0.0%","",,"Distance to Parks: 1/2 Mile"
"37","North Carolina","37151030806","Randolph County, NC - 37151030806","2020","2.5%","",,"Distance to Parks: 1 Mile"
"37","North Carolina","37151030900","Randolph County, NC - 37151030900","2020","0.9%","",,"Distance to Parks: 1/2 Mile"
"37","North Carolina","37151030900","Randolph County, NC - 37151030900","2020","2.9%","",,"Distance to Parks: 1 Mile"
"37","North Carolina","37151031001","Randolph County, NC - 37151031001","2020","4.3%","",,"Distance to Parks: 1/2 Mile"
"37","North Carolina","37151031001","Randolph County, NC - 37151031001","2020","12.2%","",,"Distance to Parks: 1 Mile"
"37","North Carolina","37151031002","Randolph County, NC - 37151031002","2020","2.8%","",,"Distance to Parks: 1/2 Mile"
"37","North Carolina","37151031002","Randolph County, NC - 37151031002","2020","6.0%","",,"Distance to Parks: 1 Mile"
"37","North Carolina","37151031101","Randolph County, NC - 37151031101","2020","0.0%","",,"Distance to Parks: 1/2 Mile"
"37","North Carolina","37151031101","Randolph County, NC - 37151031101","2020","0.2%","",,"Distance to Parks: 1 Mile"
"37","North Carolina","37151031102","Randolph County, NC - 37151031102","2020","18.8%","",,"Distance to Parks: 1/2 Mile"
"37","North Carolina","37151031102","Randolph County, NC - 37151031102","2020","40.8%","",,"Distance to Parks: 1 Mile"
"37","North Carolina","37151031200","Randolph County, NC - 37151031200","2020","7.1%","",,"Distance to Parks: 1/2 Mile"
"37","North Carolina","37151031200","Randolph County, NC - 37151031200","2020","15.0%","",,"Distance to Parks: 1 Mile"
"37","North Carolina","37151031303","Randolph County, NC - 37151031303","2020","1.7%","",,"Distance to Parks: 1/2 Mile"
"37","North Carolina","37151031303","Randolph County, NC - 37151031303","2020","5.9%","",,"Distance to Parks: 1 Mile"
"37","North Carolina","37151031304","Randolph County, NC - 37151031304","2020","8.3%","",,"Distance to Parks: 1/2 Mile"
"37","North Carolina","37151031304","Randolph County, NC - 37151031304","2020","25.8%","",,"Distance to Parks: 1 Mile"
"37","North Carolina","37151031305","Randolph County, NC - 37151031305","2020","2.0%","",,"Distance to Parks: 1/2 Mile"
"37","North Carolina","37151031305","Randolph County, NC - 37151031305","2020","7.5%","",,"Distance to Parks: 1 Mile"
"37","North Carolina","37151031307","Randolph County, NC - 37151031307","2020","0.0%","",,"Distance to Parks: 1/2 Mile"
"37","North Carolina","37151031307","Randolph County, NC - 37151031307","2020","0.0%","",,"Distance to Parks: 1 Mile"
"37","North Carolina","37151031308","Randolph County, NC - 37151031308","2020","0.0%","",,"Distance to Parks: 1/2 Mile"
"37","North Carolina","37151031308","Randolph County, NC - 37151031308","2020","1.3%","",,"Distance to Parks: 1 Mile"
"37","North Carolina","37151031401","Randolph County, NC - 37151031401","2020","25.2%","",,"Distance to Parks: 1/2 Mile"
"37","North Carolina","37151031401","Randolph County, NC - 37151031401","2020","58.8%","",,"Distance to Parks: 1 Mile"
"37","North Carolina","37151031402","Randolph County, NC - 37151031402","2020","0.0%","",,"Distance to Parks: 1/2 Mile"
"37","North Carolina","37151031402","Randolph County, NC - 37151031402","2020","0.9%","",,"Distance to Parks: 1 Mile"
"37","North Carolina","37151031501","Randolph County, NC - 37151031501","2020","0.0%","",,"Distance to Parks: 1/2 Mile"
"37","North Carolina","37151031501","Randolph County, NC - 37151031501","2020","0.0%","",,"Distance to Parks: 1 Mile"
"37","North Carolina","37151031503","Randolph County, NC - 37151031503","2020","0.7%","",,"Distance to Parks: 1/2 Mile"
"37","North Carolina","37151031503","Randolph County, NC - 37151031503","2020","34.2%","",,"Distance to Parks: 1 Mile"
"37","North Carolina","37151031504","Randolph County, NC - 37151031504","2020","37.4%","",,"Distance to Parks: 1/2 Mile"
"37","North Carolina","37151031504","Randolph County, NC - 37151031504","2020","72.6%","",,"Distance to Parks: 1 Mile"
"37","North Carolina","37151031505","Randolph County, NC - 37151031505","2020","0.0%","",,"Distance to Parks: 1/2 Mile"
"37","North Carolina","37151031505","Randolph County, NC - 37151031505","2020","2.1%","",,"Distance to Parks: 1 Mile"
"37","North Carolina","37151031601","Randolph County, NC - 37151031601","2020","0.0%","",,"Distance to Parks: 1/2 Mile"
"37","North Carolina","37151031601","Randolph County, NC - 37151031601","2020","9.3%","",,"Distance to Parks: 1 Mile"
"37","North Carolina","37151031602","Randolph County, NC - 37151031602","2020","0.5%","",,"Distance to Parks: 1/2 Mile"
"37","North Carolina","37151031602","Randolph County, NC - 37151031602","2020","16.2%","",,"Distance to Parks: 1 Mile"
"37","North Carolina","37153970100","Richmond County, NC - 37153970100","2020","62.2%","",,"Distance to Parks: 1/2 Mile"
"37","North Carolina","37153970100","Richmond County, NC - 37153970100","2020","81.7%","",,"Distance to Parks: 1 Mile"
"37","North Carolina","37153970200","Richmond County, NC - 37153970200","2020","14.7%","",,"Distance to Parks: 1/2 Mile"
"37","North Carolina","37153970200","Richmond County, NC - 37153970200","2020","22.5%","",,"Distance to Parks: 1 Mile"
"37","North Carolina","37153970300","Richmond County, NC - 37153970300","2020","2.7%","",,"Distance to Parks: 1/2 Mile"
"37","North Carolina","37153970300","Richmond County, NC - 37153970300","2020","11.4%","",,"Distance to Parks: 1 Mile"
"37","North Carolina","37153970400","Richmond County, NC - 37153970400","2020","24.0%","",,"Distance to Parks: 1/2 Mile"
"37","North Carolina","37153970400","Richmond County, NC - 37153970400","2020","51.2%","",,"Distance to Parks: 1 Mile"
"37","North Carolina","37153970500","Richmond County, NC - 37153970500","2020","43.5%","",,"Distance to Parks: 1/2 Mile"
"37","North Carolina","37153970500","Richmond County, NC - 37153970500","2020","95.8%","",,"Distance to Parks: 1 Mile"
"37","North Carolina","37153970600","Richmond County, NC - 37153970600","2020","32.6%","",,"Distance to Parks: 1/2 Mile"
"37","North Carolina","37153970600","Richmond County, NC - 37153970600","2020","52.9%","",,"Distance to Parks: 1 Mile"
"37","North Carolina","37153970700","Richmond County, NC - 37153970700","2020","40.4%","",,"Distance to Parks: 1/2 Mile"
"37","North Carolina","37153970700","Richmond County, NC - 37153970700","2020","90.8%","",,"Distance to Parks: 1 Mile"
"37","North Carolina","37153970800","Richmond County, NC - 37153970800","2020","0.3%","",,"Distance to Parks: 1/2 Mile"
"37","North Carolina","37153970800","Richmond County, NC - 37153970800","2020","2.0%","",,"Distance to Parks: 1 Mile"
"37","North Carolina","37153970900","Richmond County, NC - 37153970900","2020","6.0%","",,"Distance to Parks: 1/2 Mile"
"37","North Carolina","37153970900","Richmond County, NC - 37153970900","2020","18.3%","",,"Distance to Parks: 1 Mile"
"37","North Carolina","37153971000","Richmond County, NC - 37153971000","2020","14.5%","",,"Distance to Parks: 1/2 Mile"
"37","North Carolina","37153971000","Richmond County, NC - 37153971000","2020","33.1%","",,"Distance to Parks: 1 Mile"
"37","North Carolina","37153971100","Richmond County, NC - 37153971100","2020","35.8%","",,"Distance to Parks: 1/2 Mile"
"37","North Carolina","37153971100","Richmond County, NC - 37153971100","2020","49.1%","",,"Distance to Parks: 1 Mile"
"37","North Carolina","37155960101","Robeson County, NC - 37155960101","2020","0.4%","",,"Distance to Parks: 1/2 Mile"
"37","North Carolina","37155960101","Robeson County, NC - 37155960101","2020","4.0%","",,"Distance to Parks: 1 Mile"
"37","North Carolina","37155960102","Robeson County, NC - 37155960102","2020","5.9%","",,"Distance to Parks: 1/2 Mile"
"37","North Carolina","37155960102","Robeson County, NC - 37155960102","2020","13.8%","",,"Distance to Parks: 1 Mile"
"37","North Carolina","37155960202","Robeson County, NC - 37155960202","2020","0.0%","",,"Distance to Parks: 1/2 Mile"
"37","North Carolina","37155960202","Robeson County, NC - 37155960202","2020","0.1%","",,"Distance to Parks: 1 Mile"
"37","North Carolina","37155960203","Robeson County, NC - 37155960203","2020","4.4%","",,"Distance to Parks: 1/2 Mile"
"37","North Carolina","37155960203","Robeson County, NC - 37155960203","2020","17.3%","",,"Distance to Parks: 1 Mile"
"37","North Carolina","37155960204","Robeson County, NC - 37155960204","2020","0.0%","",,"Distance to Parks: 1/2 Mile"
"37","North Carolina","37155960204","Robeson County, NC - 37155960204","2020","0.0%","",,"Distance to Parks: 1 Mile"
"37","North Carolina","37155960301","Robeson County, NC - 37155960301","2020","34.4%","",,"Distance to Parks: 1/2 Mile"
"37","North Carolina","37155960301","Robeson County, NC - 37155960301","2020","64.9%","",,"Distance to Parks: 1 Mile"
"37","North Carolina","37155960302","Robeson County, NC - 37155960302","2020","2.1%","",,"Distance to Parks: 1/2 Mile"
"37","North Carolina","37155960302","Robeson County, NC - 37155960302","2020","11.1%","",,"Distance to Parks: 1 Mile"
"37","North Carolina","37155960402","Robeson County, NC - 37155960402","2020","0.0%","",,"Distance to Parks: 1/2 Mile"
"37","North Carolina","37155960402","Robeson County, NC - 37155960402","2020","0.9%","",,"Distance to Parks: 1 Mile"
"37","North Carolina","37155960403","Robeson County, NC - 37155960403","2020","0.1%","",,"Distance to Parks: 1/2 Mile"
"37","North Carolina","37155960403","Robeson County, NC - 37155960403","2020","1.6%","",,"Distance to Parks: 1 Mile"
"37","North Carolina","37155960404","Robeson County, NC - 37155960404","2020","0.0%","",,"Distance to Parks: 1/2 Mile"
"37","North Carolina","37155960404","Robeson County, NC - 37155960404","2020","1.0%","",,"Distance to Parks: 1 Mile"
"37","North Carolina","37155960501","Robeson County, NC - 37155960501","2020","0.0%","",,"Distance to Parks: 1/2 Mile"
"37","North Carolina","37155960501","Robeson County, NC - 37155960501","2020","5.2%","",,"Distance to Parks: 1 Mile"
"37","North Carolina","37155960502","Robeson County, NC - 37155960502","2020","31.8%","",,"Distance to Parks: 1/2 Mile"
"37","North Carolina","37155960502","Robeson County, NC - 37155960502","2020","74.9%","",,"Distance to Parks: 1 Mile"
"37","North Carolina","37155960503","Robeson County, NC - 37155960503","2020","15.3%","",,"Distance to Parks: 1/2 Mile"
"37","North Carolina","37155960503","Robeson County, NC - 37155960503","2020","49.4%","",,"Distance to Parks: 1 Mile"
"37","North Carolina","37155960601","Robeson County, NC - 37155960601","2020","0.0%","",,"Distance to Parks: 1/2 Mile"
"37","North Carolina","37155960601","Robeson County, NC - 37155960601","2020","2.4%","",,"Distance to Parks: 1 Mile"
"37","North Carolina","37155960602","Robeson County, NC - 37155960602","2020","6.4%","",,"Distance to Parks: 1/2 Mile"
"37","North Carolina","37155960602","Robeson County, NC - 37155960602","2020","16.6%","",,"Distance to Parks: 1 Mile"
"37","North Carolina","37155960701","Robeson County, NC - 37155960701","2020","4.2%","",,"Distance to Parks: 1/2 Mile"
"37","North Carolina","37155960701","Robeson County, NC - 37155960701","2020","11.5%","",,"Distance to Parks: 1 Mile"
"37","North Carolina","37155960702","Robeson County, NC - 37155960702","2020","7.8%","",,"Distance to Parks: 1/2 Mile"
"37","North Carolina","37155960702","Robeson County, NC - 37155960702","2020","22.8%","",,"Distance to Parks: 1 Mile"
"37","North Carolina","37155960801","Robeson County, NC - 37155960801","2020","29.1%","",,"Distance to Parks: 1/2 Mile"
"37","North Carolina","37155960801","Robeson County, NC - 37155960801","2020","60.6%","",,"Distance to Parks: 1 Mile"
"37","North Carolina","37155960802","Robeson County, NC - 37155960802","2020","36.6%","",,"Distance to Parks: 1/2 Mile"
"37","North Carolina","37155960802","Robeson County, NC - 37155960802","2020","73.2%","",,"Distance to Parks: 1 Mile"
"37","North Carolina","37155960900","Robeson County, NC - 37155960900","2020","56.3%","",,"Distance to Parks: 1/2 Mile"
"37","North Carolina","37155960900","Robeson County, NC - 37155960900","2020","100.0%","",,"Distance to Parks: 1 Mile"
"37","North Carolina","37155961000","Robeson County, NC - 37155961000","2020","94.8%","",,"Distance to Parks: 1/2 Mile"
"37","North Carolina","37155961000","Robeson County, NC - 37155961000","2020","100.0%","",,"Distance to Parks: 1 Mile"
"37","North Carolina","37155961100","Robeson County, NC - 37155961100","2020","26.0%","",,"Distance to Parks: 1/2 Mile"
"37","North Carolina","37155961100","Robeson County, NC - 37155961100","2020","54.6%","",,"Distance to Parks: 1 Mile"
"37","North Carolina","37155961200","Robeson County, NC - 37155961200","2020","88.9%","",,"Distance to Parks: 1/2 Mile"
"37","North Carolina","37155961200","Robeson County, NC - 37155961200","2020","100.0%","",,"Distance to Parks: 1 Mile"
"37","North Carolina","37155961301","Robeson County, NC - 37155961301","2020","11.7%","",,"Distance to Parks: 1/2 Mile"
"37","North Carolina","37155961301","Robeson County, NC - 37155961301","2020","45.1%","",,"Distance to Parks: 1 Mile"
"37","North Carolina","37155961302","Robeson County, NC - 37155961302","2020","39.7%","",,"Distance to Parks: 1/2 Mile"
"37","North Carolina","37155961302","Robeson County, NC - 37155961302","2020","77.3%","",,"Distance to Parks: 1 Mile"
"37","North Carolina","37155961400","Robeson County, NC - 37155961400","2020","0.0%","",,"Distance to Parks: 1/2 Mile"
"37","North Carolina","37155961400","Robeson County, NC - 37155961400","2020","0.3%","",,"Distance to Parks: 1 Mile"
"37","North Carolina","37155961500","Robeson County, NC - 37155961500","2020","15.3%","",,"Distance to Parks: 1/2 Mile"
"37","North Carolina","37155961500","Robeson County, NC - 37155961500","2020","24.1%","",,"Distance to Parks: 1 Mile"
"37","North Carolina","37155961601","Robeson County, NC - 37155961601","2020","32.2%","",,"Distance to Parks: 1/2 Mile"
"37","North Carolina","37155961601","Robeson County, NC - 37155961601","2020","56.7%","",,"Distance to Parks: 1 Mile"
"37","North Carolina","37155961602","Robeson County, NC - 37155961602","2020","10.8%","",,"Distance to Parks: 1/2 Mile"
"37","North Carolina","37155961602","Robeson County, NC - 37155961602","2020","18.2%","",,"Distance to Parks: 1 Mile"
"37","North Carolina","37155961700","Robeson County, NC - 37155961700","2020","10.0%","",,"Distance to Parks: 1/2 Mile"
"37","North Carolina","37155961700","Robeson County, NC - 37155961700","2020","25.6%","",,"Distance to Parks: 1 Mile"
"37","North Carolina","37155961801","Robeson County, NC - 37155961801","2020","0.1%","",,"Distance to Parks: 1/2 Mile"
"37","North Carolina","37155961801","Robeson County, NC - 37155961801","2020","1.5%","",,"Distance to Parks: 1 Mile"
"37","North Carolina","37155961802","Robeson County, NC - 37155961802","2020","0.6%","",,"Distance to Parks: 1/2 Mile"
"37","North Carolina","37155961802","Robeson County, NC - 37155961802","2020","2.6%","",,"Distance to Parks: 1 Mile"
"37","North Carolina","37155961900","Robeson County, NC - 37155961900","2020","0.7%","",,"Distance to Parks: 1/2 Mile"
"37","North Carolina","37155961900","Robeson County, NC - 37155961900","2020","2.4%","",,"Distance to Parks: 1 Mile"
"37","North Carolina","37155962001","Robeson County, NC - 37155962001","2020","12.6%","",,"Distance to Parks: 1/2 Mile"
"37","North Carolina","37155962001","Robeson County, NC - 37155962001","2020","29.7%","",,"Distance to Parks: 1 Mile"
"37","North Carolina","37155962002","Robeson County, NC - 37155962002","2020","0.0%","",,"Distance to Parks: 1/2 Mile"
"37","North Carolina","37155962002","Robeson County, NC - 37155962002","2020","0.0%","",,"Distance to Parks: 1 Mile"
"37","North Carolina","37157040101","Rockingham County, NC - 37157040101","2020","0.1%","",,"Distance to Parks: 1/2 Mile"
"37","North Carolina","37157040101","Rockingham County, NC - 37157040101","2020","1.0%","",,"Distance to Parks: 1 Mile"
"37","North Carolina","37157040102","Rockingham County, NC - 37157040102","2020","0.2%","",,"Distance to Parks: 1/2 Mile"
"37","North Carolina","37157040102","Rockingham County, NC - 37157040102","2020","1.5%","",,"Distance to Parks: 1 Mile"
"37","North Carolina","37157040200","Rockingham County, NC - 37157040200","2020","9.1%","",,"Distance to Parks: 1/2 Mile"
"37","North Carolina","37157040200","Rockingham County, NC - 37157040200","2020","32.9%","",,"Distance to Parks: 1 Mile"
"37","North Carolina","37157040300","Rockingham County, NC - 37157040300","2020","18.9%","",,"Distance to Parks: 1/2 Mile"
"37","North Carolina","37157040300","Rockingham County, NC - 37157040300","2020","59.0%","",,"Distance to Parks: 1 Mile"
"37","North Carolina","37157040400","Rockingham County, NC - 37157040400","2020","16.3%","",,"Distance to Parks: 1/2 Mile"
"37","North Carolina","37157040400","Rockingham County, NC - 37157040400","2020","39.1%","",,"Distance to Parks: 1 Mile"
"37","North Carolina","37157040501","Rockingham County, NC - 37157040501","2020","5.3%","",,"Distance to Parks: 1/2 Mile"
"37","North Carolina","37157040501","Rockingham County, NC - 37157040501","2020","12.7%","",,"Distance to Parks: 1 Mile"
"37","North Carolina","37157040502","Rockingham County, NC - 37157040502","2020","2.6%","",,"Distance to Parks: 1/2 Mile"
"37","North Carolina","37157040502","Rockingham County, NC - 37157040502","2020","14.9%","",,"Distance to Parks: 1 Mile"
"37","North Carolina","37157040601","Rockingham County, NC - 37157040601","2020","9.7%","",,"Distance to Parks: 1/2 Mile"
"37","North Carolina","37157040601","Rockingham County, NC - 37157040601","2020","17.6%","",,"Distance to Parks: 1 Mile"
"37","North Carolina","37157040602","Rockingham County, NC - 37157040602","2020","2.9%","",,"Distance to Parks: 1/2 Mile"
"37","North Carolina","37157040602","Rockingham County, NC - 37157040602","2020","8.6%","",,"Distance to Parks: 1 Mile"
"37","North Carolina","37157040700","Rockingham County, NC - 37157040700","2020","32.9%","",,"Distance to Parks: 1/2 Mile"
"37","North Carolina","37157040700","Rockingham County, NC - 37157040700","2020","59.1%","",,"Distance to Parks: 1 Mile"
"37","North Carolina","37157040800","Rockingham County, NC - 37157040800","2020","77.8%","",,"Distance to Parks: 1/2 Mile"
"37","North Carolina","37157040800","Rockingham County, NC - 37157040800","2020","100.0%","",,"Distance to Parks: 1 Mile"
"37","North Carolina","37157040900","Rockingham County, NC - 37157040900","2020","61.1%","",,"Distance to Parks: 1/2 Mile"
"37","North Carolina","37157040900","Rockingham County, NC - 37157040900","2020","94.5%","",,"Distance to Parks: 1 Mile"
"37","North Carolina","37157041001","Rockingham County, NC - 37157041001","2020","1.0%","",,"Distance to Parks: 1/2 Mile"
"37","North Carolina","37157041001","Rockingham County, NC - 37157041001","2020","4.4%","",,"Distance to Parks: 1 Mile"
"37","North Carolina","37157041002","Rockingham County, NC - 37157041002","2020","1.9%","",,"Distance to Parks: 1/2 Mile"
"37","North Carolina","37157041002","Rockingham County, NC - 37157041002","2020","3.5%","",,"Distance to Parks: 1 Mile"
"37","North Carolina","37157041100","Rockingham County, NC - 37157041100","2020","0.0%","",,"Distance to Parks: 1/2 Mile"
"37","North Carolina","37157041100","Rockingham County, NC - 37157041100","2020","0.1%","",,"Distance to Parks: 1 Mile"
"37","North Carolina","37157041200","Rockingham County, NC - 37157041200","2020","42.8%","",,"Distance to Parks: 1/2 Mile"
"37","North Carolina","37157041200","Rockingham County, NC - 37157041200","2020","77.0%","",,"Distance to Parks: 1 Mile"
"37","North Carolina","37157041300","Rockingham County, NC - 37157041300","2020","1.5%","",,"Distance to Parks: 1/2 Mile"
"37","North Carolina","37157041300","Rockingham County, NC - 37157041300","2020","5.0%","",,"Distance to Parks: 1 Mile"
"37","North Carolina","37157041400","Rockingham County, NC - 37157041400","2020","18.7%","",,"Distance to Parks: 1/2 Mile"
"37","North Carolina","37157041400","Rockingham County, NC - 37157041400","2020","52.8%","",,"Distance to Parks: 1 Mile"
"37","North Carolina","37157041501","Rockingham County, NC - 37157041501","2020","21.4%","",,"Distance to Parks: 1/2 Mile"
"37","North Carolina","37157041501","Rockingham County, NC - 37157041501","2020","59.0%","",,"Distance to Parks: 1 Mile"
"37","North Carolina","37157041502","Rockingham County, NC - 37157041502","2020","74.3%","",,"Distance to Parks: 1/2 Mile"
"37","North Carolina","37157041502","Rockingham County, NC - 37157041502","2020","100.0%","",,"Distance to Parks: 1 Mile"
"37","North Carolina","37157041601","Rockingham County, NC - 37157041601","2020","0.2%","",,"Distance to Parks: 1/2 Mile"
"37","North Carolina","37157041601","Rockingham County, NC - 37157041601","2020","2.2%","",,"Distance to Parks: 1 Mile"
"37","North Carolina","37157041602","Rockingham County, NC - 37157041602","2020","9.1%","",,"Distance to Parks: 1/2 Mile"
"37","North Carolina","37157041602","Rockingham County, NC - 37157041602","2020","21.1%","",,"Distance to Parks: 1 Mile"
"37","North Carolina","37159050201","Rowan County, NC - 37159050201","2020","20.5%","",,"Distance to Parks: 1/2 Mile"
"37","North Carolina","37159050201","Rowan County, NC - 37159050201","2020","42.6%","",,"Distance to Parks: 1 Mile"
"37","North Carolina","37159050202","Rowan County, NC - 37159050202","2020","42.6%","",,"Distance to Parks: 1/2 Mile"
"37","North Carolina","37159050202","Rowan County, NC - 37159050202","2020","79.1%","",,"Distance to Parks: 1 Mile"
"37","North Carolina","37159050300","Rowan County, NC - 37159050300","2020","81.7%","",,"Distance to Parks: 1/2 Mile"
"37","North Carolina","37159050300","Rowan County, NC - 37159050300","2020","100.0%","",,"Distance to Parks: 1 Mile"
"37","North Carolina","37159050400","Rowan County, NC - 37159050400","2020","96.6%","",,"Distance to Parks: 1/2 Mile"
"37","North Carolina","37159050400","Rowan County, NC - 37159050400","2020","100.0%","",,"Distance to Parks: 1 Mile"
"37","North Carolina","37159050500","Rowan County, NC - 37159050500","2020","97.3%","",,"Distance to Parks: 1/2 Mile"
"37","North Carolina","37159050500","Rowan County, NC - 37159050500","2020","100.0%","",,"Distance to Parks: 1 Mile"
"37","North Carolina","37159050700","Rowan County, NC - 37159050700","2020","40.8%","",,"Distance to Parks: 1/2 Mile"
"37","North Carolina","37159050700","Rowan County, NC - 37159050700","2020","60.6%","",,"Distance to Parks: 1 Mile"
"37","North Carolina","37159050800","Rowan County, NC - 37159050800","2020","25.1%","",,"Distance to Parks: 1/2 Mile"
"37","North Carolina","37159050800","Rowan County, NC - 37159050800","2020","50.3%","",,"Distance to Parks: 1 Mile"
"37","North Carolina","37159050901","Rowan County, NC - 37159050901","2020","6.5%","",,"Distance to Parks: 1/2 Mile"
"37","North Carolina","37159050901","Rowan County, NC - 37159050901","2020","16.9%","",,"Distance to Parks: 1 Mile"
"37","North Carolina","37159050903","Rowan County, NC - 37159050903","2020","3.6%","",,"Distance to Parks: 1/2 Mile"
"37","North Carolina","37159050903","Rowan County, NC - 37159050903","2020","14.0%","",,"Distance to Parks: 1 Mile"
"37","North Carolina","37159050904","Rowan County, NC - 37159050904","2020","0.5%","",,"Distance to Parks: 1/2 Mile"
"37","North Carolina","37159050904","Rowan County, NC - 37159050904","2020","1.7%","",,"Distance to Parks: 1 Mile"
"37","North Carolina","37159051001","Rowan County, NC - 37159051001","2020","3.4%","",,"Distance to Parks: 1/2 Mile"
"37","North Carolina","37159051001","Rowan County, NC - 37159051001","2020","10.3%","",,"Distance to Parks: 1 Mile"
"37","North Carolina","37159051002","Rowan County, NC - 37159051002","2020","27.4%","",,"Distance to Parks: 1/2 Mile"
"37","North Carolina","37159051002","Rowan County, NC - 37159051002","2020","69.2%","",,"Distance to Parks: 1 Mile"
"37","North Carolina","37159051101","Rowan County, NC - 37159051101","2020","0.7%","",,"Distance to Parks: 1/2 Mile"
"37","North Carolina","37159051101","Rowan County, NC - 37159051101","2020","4.9%","",,"Distance to Parks: 1 Mile"
"37","North Carolina","37159051102","Rowan County, NC - 37159051102","2020","0.0%","",,"Distance to Parks: 1/2 Mile"
"37","North Carolina","37159051102","Rowan County, NC - 37159051102","2020","0.4%","",,"Distance to Parks: 1 Mile"
"37","North Carolina","37159051201","Rowan County, NC - 37159051201","2020","0.0%","",,"Distance to Parks: 1/2 Mile"
"37","North Carolina","37159051201","Rowan County, NC - 37159051201","2020","0.0%","",,"Distance to Parks: 1 Mile"
"37","North Carolina","37159051202","Rowan County, NC - 37159051202","2020","19.2%","",,"Distance to Parks: 1/2 Mile"
"37","North Carolina","37159051202","Rowan County, NC - 37159051202","2020","44.9%","",,"Distance to Parks: 1 Mile"
"37","North Carolina","37159051204","Rowan County, NC - 37159051204","2020","0.1%","",,"Distance to Parks: 1/2 Mile"
"37","North Carolina","37159051204","Rowan County, NC - 37159051204","2020","7.2%","",,"Distance to Parks: 1 Mile"
"37","North Carolina","37159051301","Rowan County, NC - 37159051301","2020","13.7%","",,"Distance to Parks: 1/2 Mile"
"37","North Carolina","37159051301","Rowan County, NC - 37159051301","2020","40.5%","",,"Distance to Parks: 1 Mile"
"37","North Carolina","37159051302","Rowan County, NC - 37159051302","2020","18.9%","",,"Distance to Parks: 1/2 Mile"
"37","North Carolina","37159051302","Rowan County, NC - 37159051302","2020","43.4%","",,"Distance to Parks: 1 Mile"
"37","North Carolina","37159051303","Rowan County, NC - 37159051303","2020","30.8%","",,"Distance to Parks: 1/2 Mile"
"37","North Carolina","37159051303","Rowan County, NC - 37159051303","2020","74.0%","",,"Distance to Parks: 1 Mile"
"37","North Carolina","37159051400","Rowan County, NC - 37159051400","2020","10.7%","",,"Distance to Parks: 1/2 Mile"
"37","North Carolina","37159051400","Rowan County, NC - 37159051400","2020","40.0%","",,"Distance to Parks: 1 Mile"
"37","North Carolina","37159051501","Rowan County, NC - 37159051501","2020","48.7%","",,"Distance to Parks: 1/2 Mile"
"37","North Carolina","37159051501","Rowan County, NC - 37159051501","2020","96.5%","",,"Distance to Parks: 1 Mile"
"37","North Carolina","37159051502","Rowan County, NC - 37159051502","2020","0.0%","",,"Distance to Parks: 1/2 Mile"
"37","North Carolina","37159051502","Rowan County, NC - 37159051502","2020","8.4%","",,"Distance to Parks: 1 Mile"
"37","North Carolina","37159051600","Rowan County, NC - 37159051600","2020","31.8%","",,"Distance to Parks: 1/2 Mile"
"37","North Carolina","37159051600","Rowan County, NC - 37159051600","2020","63.8%","",,"Distance to Parks: 1 Mile"
"37","North Carolina","37159051700","Rowan County, NC - 37159051700","2020","14.5%","",,"Distance to Parks: 1/2 Mile"
"37","North Carolina","37159051700","Rowan County, NC - 37159051700","2020","36.7%","",,"Distance to Parks: 1 Mile"
"37","North Carolina","37159051801","Rowan County, NC - 37159051801","2020","0.0%","",,"Distance to Parks: 1/2 Mile"
"37","North Carolina","37159051801","Rowan County, NC - 37159051801","2020","0.0%","",,"Distance to Parks: 1 Mile"
"37","North Carolina","37159051802","Rowan County, NC - 37159051802","2020","0.0%","",,"Distance to Parks: 1/2 Mile"
"37","North Carolina","37159051802","Rowan County, NC - 37159051802","2020","0.8%","",,"Distance to Parks: 1 Mile"
"37","North Carolina","37159051901","Rowan County, NC - 37159051901","2020","14.7%","",,"Distance to Parks: 1/2 Mile"
"37","North Carolina","37159051901","Rowan County, NC - 37159051901","2020","27.6%","",,"Distance to Parks: 1 Mile"
"37","North Carolina","37159051903","Rowan County, NC - 37159051903","2020","1.5%","",,"Distance to Parks: 1/2 Mile"
"37","North Carolina","37159051903","Rowan County, NC - 37159051903","2020","4.9%","",,"Distance to Parks: 1 Mile"
"37","North Carolina","37159051904","Rowan County, NC - 37159051904","2020","0.0%","",,"Distance to Parks: 1/2 Mile"
"37","North Carolina","37159051904","Rowan County, NC - 37159051904","2020","0.0%","",,"Distance to Parks: 1 Mile"
"37","North Carolina","37159052000","Rowan County, NC - 37159052000","2020","100.0%","",,"Distance to Parks: 1/2 Mile"
"37","North Carolina","37159052000","Rowan County, NC - 37159052000","2020","100.0%","",,"Distance to Parks: 1 Mile"
"37","North Carolina","37161960101","Rutherford County, NC - 37161960101","2020","42.2%","",,"Distance to Parks: 1/2 Mile"
"37","North Carolina","37161960101","Rutherford County, NC - 37161960101","2020","47.0%","",,"Distance to Parks: 1 Mile"
"37","North Carolina","37161960102","Rutherford County, NC - 37161960102","2020","5.8%","",,"Distance to Parks: 1/2 Mile"
"37","North Carolina","37161960102","Rutherford County, NC - 37161960102","2020","10.3%","",,"Distance to Parks: 1 Mile"
"37","North Carolina","37161960103","Rutherford County, NC - 37161960103","2020","0.0%","",,"Distance to Parks: 1/2 Mile"
"37","North Carolina","37161960103","Rutherford County, NC - 37161960103","2020","0.5%","",,"Distance to Parks: 1 Mile"
"37","North Carolina","37161960201","Rutherford County, NC - 37161960201","2020","0.0%","",,"Distance to Parks: 1/2 Mile"
"37","North Carolina","37161960201","Rutherford County, NC - 37161960201","2020","0.0%","",,"Distance to Parks: 1 Mile"
"37","North Carolina","37161960202","Rutherford County, NC - 37161960202","2020","0.0%","",,"Distance to Parks: 1/2 Mile"
"37","North Carolina","37161960202","Rutherford County, NC - 37161960202","2020","0.0%","",,"Distance to Parks: 1 Mile"
"37","North Carolina","37161960203","Rutherford County, NC - 37161960203","2020","0.0%","",,"Distance to Parks: 1/2 Mile"
"37","North Carolina","37161960203","Rutherford County, NC - 37161960203","2020","0.0%","",,"Distance to Parks: 1 Mile"
"37","North Carolina","37161960301","Rutherford County, NC - 37161960301","2020","30.9%","",,"Distance to Parks: 1/2 Mile"
"37","North Carolina","37161960301","Rutherford County, NC - 37161960301","2020","41.3%","",,"Distance to Parks: 1 Mile"
"37","North Carolina","37161960302","Rutherford County, NC - 37161960302","2020","40.1%","",,"Distance to Parks: 1/2 Mile"
"37","North Carolina","37161960302","Rutherford County, NC - 37161960302","2020","49.9%","",,"Distance to Parks: 1 Mile"
"37","North Carolina","37161960400","Rutherford County, NC - 37161960400","2020","0.0%","",,"Distance to Parks: 1/2 Mile"
"37","North Carolina","37161960400","Rutherford County, NC - 37161960400","2020","1.1%","",,"Distance to Parks: 1 Mile"
"37","North Carolina","37161960501","Rutherford County, NC - 37161960501","2020","4.6%","",,"Distance to Parks: 1/2 Mile"
"37","North Carolina","37161960501","Rutherford County, NC - 37161960501","2020","22.0%","",,"Distance to Parks: 1 Mile"
"37","North Carolina","37161960502","Rutherford County, NC - 37161960502","2020","14.5%","",,"Distance to Parks: 1/2 Mile"
"37","North Carolina","37161960502","Rutherford County, NC - 37161960502","2020","33.2%","",,"Distance to Parks: 1 Mile"
"37","North Carolina","37161960503","Rutherford County, NC - 37161960503","2020","19.4%","",,"Distance to Parks: 1/2 Mile"
"37","North Carolina","37161960503","Rutherford County, NC - 37161960503","2020","47.1%","",,"Distance to Parks: 1 Mile"
"37","North Carolina","37161960600","Rutherford County, NC - 37161960600","2020","28.9%","",,"Distance to Parks: 1/2 Mile"
"37","North Carolina","37161960600","Rutherford County, NC - 37161960600","2020","72.2%","",,"Distance to Parks: 1 Mile"
"37","North Carolina","37161960700","Rutherford County, NC - 37161960700","2020","31.2%","",,"Distance to Parks: 1/2 Mile"
"37","North Carolina","37161960700","Rutherford County, NC - 37161960700","2020","64.3%","",,"Distance to Parks: 1 Mile"
"37","North Carolina","37161960800","Rutherford County, NC - 37161960800","2020","22.3%","",,"Distance to Parks: 1/2 Mile"
"37","North Carolina","37161960800","Rutherford County, NC - 37161960800","2020","50.8%","",,"Distance to Parks: 1 Mile"
"37","North Carolina","37161960900","Rutherford County, NC - 37161960900","2020","0.5%","",,"Distance to Parks: 1/2 Mile"
"37","North Carolina","37161960900","Rutherford County, NC - 37161960900","2020","6.0%","",,"Distance to Parks: 1 Mile"
"37","North Carolina","37161961001","Rutherford County, NC - 37161961001","2020","0.0%","",,"Distance to Parks: 1/2 Mile"
"37","North Carolina","37161961001","Rutherford County, NC - 37161961001","2020","2.8%","",,"Distance to Parks: 1 Mile"
"37","North Carolina","37161961002","Rutherford County, NC - 37161961002","2020","0.0%","",,"Distance to Parks: 1/2 Mile"
"37","North Carolina","37161961002","Rutherford County, NC - 37161961002","2020","0.0%","",,"Distance to Parks: 1 Mile"
"37","North Carolina","37161961102","Rutherford County, NC - 37161961102","2020","0.0%","",,"Distance to Parks: 1/2 Mile"
"37","North Carolina","37161961102","Rutherford County, NC - 37161961102","2020","0.0%","",,"Distance to Parks: 1 Mile"
"37","North Carolina","37161961103","Rutherford County, NC - 37161961103","2020","12.4%","",,"Distance to Parks: 1/2 Mile"
"37","North Carolina","37161961103","Rutherford County, NC - 37161961103","2020","46.2%","",,"Distance to Parks: 1 Mile"
"37","North Carolina","37161961104","Rutherford County, NC - 37161961104","2020","8.3%","",,"Distance to Parks: 1/2 Mile"
"37","North Carolina","37161961104","Rutherford County, NC - 37161961104","2020","22.9%","",,"Distance to Parks: 1 Mile"
"37","North Carolina","37161961200","Rutherford County, NC - 37161961200","2020","0.0%","",,"Distance to Parks: 1/2 Mile"
"37","North Carolina","37161961200","Rutherford County, NC - 37161961200","2020","0.0%","",,"Distance to Parks: 1 Mile"
"37","North Carolina","37163970101","Sampson County, NC - 37163970101","2020","0.0%","",,"Distance to Parks: 1/2 Mile"
"37","North Carolina","37163970101","Sampson County, NC - 37163970101","2020","0.0%","",,"Distance to Parks: 1 Mile"
"37","North Carolina","37163970102","Sampson County, NC - 37163970102","2020","0.3%","",,"Distance to Parks: 1/2 Mile"
"37","North Carolina","37163970102","Sampson County, NC - 37163970102","2020","1.2%","",,"Distance to Parks: 1 Mile"
"37","North Carolina","37163970201","Sampson County, NC - 37163970201","2020","0.0%","",,"Distance to Parks: 1/2 Mile"
"37","North Carolina","37163970201","Sampson County, NC - 37163970201","2020","0.0%","",,"Distance to Parks: 1 Mile"
"37","North Carolina","37163970202","Sampson County, NC - 37163970202","2020","1.2%","",,"Distance to Parks: 1/2 Mile"
"37","North Carolina","37163970202","Sampson County, NC - 37163970202","2020","3.2%","",,"Distance to Parks: 1 Mile"
"37","North Carolina","37163970302","Sampson County, NC - 37163970302","2020","0.0%","",,"Distance to Parks: 1/2 Mile"
"37","North Carolina","37163970302","Sampson County, NC - 37163970302","2020","0.0%","",,"Distance to Parks: 1 Mile"
"37","North Carolina","37163970303","Sampson County, NC - 37163970303","2020","0.3%","",,"Distance to Parks: 1/2 Mile"
"37","North Carolina","37163970303","Sampson County, NC - 37163970303","2020","2.4%","",,"Distance to Parks: 1 Mile"
"37","North Carolina","37163970304","Sampson County, NC - 37163970304","2020","0.0%","",,"Distance to Parks: 1/2 Mile"
"37","North Carolina","37163970304","Sampson County, NC - 37163970304","2020","0.0%","",,"Distance to Parks: 1 Mile"
"37","North Carolina","37163970401","Sampson County, NC - 37163970401","2020","0.0%","",,"Distance to Parks: 1/2 Mile"
"37","North Carolina","37163970401","Sampson County, NC - 37163970401","2020","0.0%","",,"Distance to Parks: 1 Mile"
"37","North Carolina","37163970402","Sampson County, NC - 37163970402","2020","0.0%","",,"Distance to Parks: 1/2 Mile"
"37","North Carolina","37163970402","Sampson County, NC - 37163970402","2020","0.0%","",,"Distance to Parks: 1 Mile"
"37","North Carolina","37163970501","Sampson County, NC - 37163970501","2020","0.0%","",,"Distance to Parks: 1/2 Mile"
"37","North Carolina","37163970501","Sampson County, NC - 37163970501","2020","0.0%","",,"Distance to Parks: 1 Mile"
"37","North Carolina","37163970502","Sampson County, NC - 37163970502","2020","0.0%","",,"Distance to Parks: 1/2 Mile"
"37","North Carolina","37163970502","Sampson County, NC - 37163970502","2020","0.0%","",,"Distance to Parks: 1 Mile"
"37","North Carolina","37163970600","Sampson County, NC - 37163970600","2020","13.9%","",,"Distance to Parks: 1/2 Mile"
"37","North Carolina","37163970600","Sampson County, NC - 37163970600","2020","27.2%","",,"Distance to Parks: 1 Mile"
"37","North Carolina","37163970701","Sampson County, NC - 37163970701","2020","20.8%","",,"Distance to Parks: 1/2 Mile"
"37","North Carolina","37163970701","Sampson County, NC - 37163970701","2020","67.4%","",,"Distance to Parks: 1 Mile"
"37","North Carolina","37163970702","Sampson County, NC - 37163970702","2020","1.3%","",,"Distance to Parks: 1/2 Mile"
"37","North Carolina","37163970702","Sampson County, NC - 37163970702","2020","4.0%","",,"Distance to Parks: 1 Mile"
"37","North Carolina","37163970801","Sampson County, NC - 37163970801","2020","31.8%","",,"Distance to Parks: 1/2 Mile"
"37","North Carolina","37163970801","Sampson County, NC - 37163970801","2020","67.1%","",,"Distance to Parks: 1 Mile"
"37","North Carolina","37163970802","Sampson County, NC - 37163970802","2020","0.1%","",,"Distance to Parks: 1/2 Mile"
"37","North Carolina","37163970802","Sampson County, NC - 37163970802","2020","0.9%","",,"Distance to Parks: 1 Mile"
"37","North Carolina","37163970900","Sampson County, NC - 37163970900","2020","0.0%","",,"Distance to Parks: 1/2 Mile"
"37","North Carolina","37163970900","Sampson County, NC - 37163970900","2020","0.0%","",,"Distance to Parks: 1 Mile"
"37","North Carolina","37163971001","Sampson County, NC - 37163971001","2020","0.0%","",,"Distance to Parks: 1/2 Mile"
"37","North Carolina","37163971001","Sampson County, NC - 37163971001","2020","0.0%","",,"Distance to Parks: 1 Mile"
"37","North Carolina","37163971002","Sampson County, NC - 37163971002","2020","4.0%","",,"Distance to Parks: 1/2 Mile"
"37","North Carolina","37163971002","Sampson County, NC - 37163971002","2020","9.1%","",,"Distance to Parks: 1 Mile"
"37","North Carolina","37163971003","Sampson County, NC - 37163971003","2020","0.0%","",,"Distance to Parks: 1/2 Mile"
"37","North Carolina","37163971003","Sampson County, NC - 37163971003","2020","0.0%","",,"Distance to Parks: 1 Mile"
"37","North Carolina","37165010101","Scotland County, NC - 37165010101","2020","0.0%","",,"Distance to Parks: 1/2 Mile"
"37","North Carolina","37165010101","Scotland County, NC - 37165010101","2020","6.0%","",,"Distance to Parks: 1 Mile"
"37","North Carolina","37165010102","Scotland County, NC - 37165010102","2020","27.5%","",,"Distance to Parks: 1/2 Mile"
"37","North Carolina","37165010102","Scotland County, NC - 37165010102","2020","52.8%","",,"Distance to Parks: 1 Mile"
"37","North Carolina","37165010200","Scotland County, NC - 37165010200","2020","12.5%","",,"Distance to Parks: 1/2 Mile"
"37","North Carolina","37165010200","Scotland County, NC - 37165010200","2020","38.2%","",,"Distance to Parks: 1 Mile"
"37","North Carolina","37165010300","Scotland County, NC - 37165010300","2020","3.4%","",,"Distance to Parks: 1/2 Mile"
"37","North Carolina","37165010300","Scotland County, NC - 37165010300","2020","20.6%","",,"Distance to Parks: 1 Mile"
"37","North Carolina","37165010400","Scotland County, NC - 37165010400","2020","0.1%","",,"Distance to Parks: 1/2 Mile"
"37","North Carolina","37165010400","Scotland County, NC - 37165010400","2020","1.8%","",,"Distance to Parks: 1 Mile"
"37","North Carolina","37165010501","Scotland County, NC - 37165010501","2020","0.2%","",,"Distance to Parks: 1/2 Mile"
"37","North Carolina","37165010501","Scotland County, NC - 37165010501","2020","3.1%","",,"Distance to Parks: 1 Mile"
"37","North Carolina","37165010502","Scotland County, NC - 37165010502","2020","16.7%","",,"Distance to Parks: 1/2 Mile"
"37","North Carolina","37165010502","Scotland County, NC - 37165010502","2020","31.8%","",,"Distance to Parks: 1 Mile"
"37","North Carolina","37165010601","Scotland County, NC - 37165010601","2020","20.1%","",,"Distance to Parks: 1/2 Mile"
"37","North Carolina","37165010601","Scotland County, NC - 37165010601","2020","33.1%","",,"Distance to Parks: 1 Mile"
"37","North Carolina","37165010602","Scotland County, NC - 37165010602","2020","52.3%","",,"Distance to Parks: 1/2 Mile"
"37","North Carolina","37165010602","Scotland County, NC - 37165010602","2020","66.5%","",,"Distance to Parks: 1 Mile"
"37","North Carolina","37167930101","Stanly County, NC - 37167930101","2020","4.4%","",,"Distance to Parks: 1/2 Mile"
"37","North Carolina","37167930101","Stanly County, NC - 37167930101","2020","11.9%","",,"Distance to Parks: 1 Mile"
"37","North Carolina","37167930102","Stanly County, NC - 37167930102","2020","10.9%","",,"Distance to Parks: 1/2 Mile"
"37","North Carolina","37167930102","Stanly County, NC - 37167930102","2020","30.7%","",,"Distance to Parks: 1 Mile"
"37","North Carolina","37167930200","Stanly County, NC - 37167930200","2020","43.3%","",,"Distance to Parks: 1/2 Mile"
"37","North Carolina","37167930200","Stanly County, NC - 37167930200","2020","58.7%","",,"Distance to Parks: 1 Mile"
"37","North Carolina","37167930300","Stanly County, NC - 37167930300","2020","24.6%","",,"Distance to Parks: 1/2 Mile"
"37","North Carolina","37167930300","Stanly County, NC - 37167930300","2020","70.3%","",,"Distance to Parks: 1 Mile"
"37","North Carolina","37167930500","Stanly County, NC - 37167930500","2020","9.4%","",,"Distance to Parks: 1/2 Mile"
"37","North Carolina","37167930500","Stanly County, NC - 37167930500","2020","23.6%","",,"Distance to Parks: 1 Mile"
"37","North Carolina","37167930700","Stanly County, NC - 37167930700","2020","0.0%","",,"Distance to Parks: 1/2 Mile"
"37","North Carolina","37167930700","Stanly County, NC - 37167930700","2020","0.0%","",,"Distance to Parks: 1 Mile"
"37","North Carolina","37167930801","Stanly County, NC - 37167930801","2020","8.8%","",,"Distance to Parks: 1/2 Mile"
"37","North Carolina","37167930801","Stanly County, NC - 37167930801","2020","23.9%","",,"Distance to Parks: 1 Mile"
"37","North Carolina","37167930802","Stanly County, NC - 37167930802","2020","5.0%","",,"Distance to Parks: 1/2 Mile"
"37","North Carolina","37167930802","Stanly County, NC - 37167930802","2020","15.1%","",,"Distance to Parks: 1 Mile"
"37","North Carolina","37167930901","Stanly County, NC - 37167930901","2020","0.0%","",,"Distance to Parks: 1/2 Mile"
"37","North Carolina","37167930901","Stanly County, NC - 37167930901","2020","0.0%","",,"Distance to Parks: 1 Mile"
"37","North Carolina","37167930902","Stanly County, NC - 37167930902","2020","0.0%","",,"Distance to Parks: 1/2 Mile"
"37","North Carolina","37167930902","Stanly County, NC - 37167930902","2020","0.0%","",,"Distance to Parks: 1 Mile"
"37","North Carolina","37167931001","Stanly County, NC - 37167931001","2020","0.0%","",,"Distance to Parks: 1/2 Mile"
"37","North Carolina","37167931001","Stanly County, NC - 37167931001","2020","0.0%","",,"Distance to Parks: 1 Mile"
"37","North Carolina","37167931002","Stanly County, NC - 37167931002","2020","9.0%","",,"Distance to Parks: 1/2 Mile"
"37","North Carolina","37167931002","Stanly County, NC - 37167931002","2020","20.1%","",,"Distance to Parks: 1 Mile"
"37","North Carolina","37167931101","Stanly County, NC - 37167931101","2020","0.0%","",,"Distance to Parks: 1/2 Mile"
"37","North Carolina","37167931101","Stanly County, NC - 37167931101","2020","0.0%","",,"Distance to Parks: 1 Mile"
"37","North Carolina","37167931102","Stanly County, NC - 37167931102","2020","0.0%","",,"Distance to Parks: 1/2 Mile"
"37","North Carolina","37167931102","Stanly County, NC - 37167931102","2020","0.0%","",,"Distance to Parks: 1 Mile"
"37","North Carolina","37167931202","Stanly County, NC - 37167931202","2020","20.0%","",,"Distance to Parks: 1/2 Mile"
"37","North Carolina","37167931202","Stanly County, NC - 37167931202","2020","35.9%","",,"Distance to Parks: 1 Mile"
"37","North Carolina","37167931203","Stanly County, NC - 37167931203","2020","91.9%","",,"Distance to Parks: 1/2 Mile"
"37","North Carolina","37167931203","Stanly County, NC - 37167931203","2020","100.0%","",,"Distance to Parks: 1 Mile"
"37","North Carolina","37167931204","Stanly County, NC - 37167931204","2020","71.2%","",,"Distance to Parks: 1/2 Mile"
"37","North Carolina","37167931204","Stanly County, NC - 37167931204","2020","99.9%","",,"Distance to Parks: 1 Mile"
"37","North Carolina","37169070101","Stokes County, NC - 37169070101","2020","0.8%","",,"Distance to Parks: 1/2 Mile"
"37","North Carolina","37169070101","Stokes County, NC - 37169070101","2020","2.0%","",,"Distance to Parks: 1 Mile"
"37","North Carolina","37169070102","Stokes County, NC - 37169070102","2020","0.0%","",,"Distance to Parks: 1/2 Mile"
"37","North Carolina","37169070102","Stokes County, NC - 37169070102","2020","0.6%","",,"Distance to Parks: 1 Mile"
"37","North Carolina","37169070200","Stokes County, NC - 37169070200","2020","31.6%","",,"Distance to Parks: 1/2 Mile"
"37","North Carolina","37169070200","Stokes County, NC - 37169070200","2020","42.2%","",,"Distance to Parks: 1 Mile"
"37","North Carolina","37169070301","Stokes County, NC - 37169070301","2020","0.2%","",,"Distance to Parks: 1/2 Mile"
"37","North Carolina","37169070301","Stokes County, NC - 37169070301","2020","2.2%","",,"Distance to Parks: 1 Mile"
"37","North Carolina","37169070302","Stokes County, NC - 37169070302","2020","0.0%","",,"Distance to Parks: 1/2 Mile"
"37","North Carolina","37169070302","Stokes County, NC - 37169070302","2020","0.0%","",,"Distance to Parks: 1 Mile"
"37","North Carolina","37169070400","Stokes County, NC - 37169070400","2020","4.0%","",,"Distance to Parks: 1/2 Mile"
"37","North Carolina","37169070400","Stokes County, NC - 37169070400","2020","12.0%","",,"Distance to Parks: 1 Mile"
"37","North Carolina","37169070503","Stokes County, NC - 37169070503","2020","7.7%","",,"Distance to Parks: 1/2 Mile"
"37","North Carolina","37169070503","Stokes County, NC - 37169070503","2020","26.9%","",,"Distance to Parks: 1 Mile"
"37","North Carolina","37169070504","Stokes County, NC - 37169070504","2020","0.0%","",,"Distance to Parks: 1/2 Mile"
"37","North Carolina","37169070504","Stokes County, NC - 37169070504","2020","0.0%","",,"Distance to Parks: 1 Mile"
"37","North Carolina","37169070505","Stokes County, NC - 37169070505","2020","13.0%","",,"Distance to Parks: 1/2 Mile"
"37","North Carolina","37169070505","Stokes County, NC - 37169070505","2020","22.6%","",,"Distance to Parks: 1 Mile"
"37","North Carolina","37169070506","Stokes County, NC - 37169070506","2020","46.5%","",,"Distance to Parks: 1/2 Mile"
"37","North Carolina","37169070506","Stokes County, NC - 37169070506","2020","75.1%","",,"Distance to Parks: 1 Mile"
"37","North Carolina","37169070600","Stokes County, NC - 37169070600","2020","3.0%","",,"Distance to Parks: 1/2 Mile"
"37","North Carolina","37169070600","Stokes County, NC - 37169070600","2020","9.3%","",,"Distance to Parks: 1 Mile"
"37","North Carolina","37169070701","Stokes County, NC - 37169070701","2020","7.3%","",,"Distance to Parks: 1/2 Mile"
"37","North Carolina","37169070701","Stokes County, NC - 37169070701","2020","25.2%","",,"Distance to Parks: 1 Mile"
"37","North Carolina","37169070702","Stokes County, NC - 37169070702","2020","11.0%","",,"Distance to Parks: 1/2 Mile"
"37","North Carolina","37169070702","Stokes County, NC - 37169070702","2020","27.2%","",,"Distance to Parks: 1 Mile"
"37","North Carolina","37171930101","Surry County, NC - 37171930101","2020","0.0%","",,"Distance to Parks: 1/2 Mile"
"37","North Carolina","37171930101","Surry County, NC - 37171930101","2020","0.0%","",,"Distance to Parks: 1 Mile"
"37","North Carolina","37171930102","Surry County, NC - 37171930102","2020","0.0%","",,"Distance to Parks: 1/2 Mile"
"37","North Carolina","37171930102","Surry County, NC - 37171930102","2020","0.0%","",,"Distance to Parks: 1 Mile"
"37","North Carolina","37171930201","Surry County, NC - 37171930201","2020","2.1%","",,"Distance to Parks: 1/2 Mile"
"37","North Carolina","37171930201","Surry County, NC - 37171930201","2020","6.9%","",,"Distance to Parks: 1 Mile"
"37","North Carolina","37171930202","Surry County, NC - 37171930202","2020","5.0%","",,"Distance to Parks: 1/2 Mile"
"37","North Carolina","37171930202","Surry County, NC - 37171930202","2020","15.0%","",,"Distance to Parks: 1 Mile"
"37","North Carolina","37171930301","Surry County, NC - 37171930301","2020","0.1%","",,"Distance to Parks: 1/2 Mile"
"37","North Carolina","37171930301","Surry County, NC - 37171930301","2020","5.4%","",,"Distance to Parks: 1 Mile"
"37","North Carolina","37171930302","Surry County, NC - 37171930302","2020","50.9%","",,"Distance to Parks: 1/2 Mile"
"37","North Carolina","37171930302","Surry County, NC - 37171930302","2020","88.4%","",,"Distance to Parks: 1 Mile"
"37","North Carolina","37171930400","Surry County, NC - 37171930400","2020","49.8%","",,"Distance to Parks: 1/2 Mile"
"37","North Carolina","37171930400","Surry County, NC - 37171930400","2020","96.1%","",,"Distance to Parks: 1 Mile"
"37","North Carolina","37171930501","Surry County, NC - 37171930501","2020","8.3%","",,"Distance to Parks: 1/2 Mile"
"37","North Carolina","37171930501","Surry County, NC - 37171930501","2020","29.7%","",,"Distance to Parks: 1 Mile"
"37","North Carolina","37171930502","Surry County, NC - 37171930502","2020","27.2%","",,"Distance to Parks: 1/2 Mile"
"37","North Carolina","37171930502","Surry County, NC - 37171930502","2020","46.4%","",,"Distance to Parks: 1 Mile"
"37","North Carolina","37171930600","Surry County, NC - 37171930600","2020","6.1%","",,"Distance to Parks: 1/2 Mile"
"37","North Carolina","37171930600","Surry County, NC - 37171930600","2020","20.2%","",,"Distance to Parks: 1 Mile"
"37","North Carolina","37171930700","Surry County, NC - 37171930700","2020","0.0%","",,"Distance to Parks: 1/2 Mile"
"37","North Carolina","37171930700","Surry County, NC - 37171930700","2020","0.0%","",,"Distance to Parks: 1 Mile"
"37","North Carolina","37171930802","Surry County, NC - 37171930802","2020","15.8%","",,"Distance to Parks: 1/2 Mile"
"37","North Carolina","37171930802","Surry County, NC - 37171930802","2020","24.4%","",,"Distance to Parks: 1 Mile"
"37","North Carolina","37171930803","Surry County, NC - 37171930803","2020","9.4%","",,"Distance to Parks: 1/2 Mile"
"37","North Carolina","37171930803","Surry County, NC - 37171930803","2020","21.6%","",,"Distance to Parks: 1 Mile"
"37","North Carolina","37171930804","Surry County, NC - 37171930804","2020","0.0%","",,"Distance to Parks: 1/2 Mile"
"37","North Carolina","37171930804","Surry County, NC - 37171930804","2020","0.0%","",,"Distance to Parks: 1 Mile"
"37","North Carolina","37171930901","Surry County, NC - 37171930901","2020","24.8%","",,"Distance to Parks: 1/2 Mile"
"37","North Carolina","37171930901","Surry County, NC - 37171930901","2020","48.7%","",,"Distance to Parks: 1 Mile"
"37","North Carolina","37171930902","Surry County, NC - 37171930902","2020","0.0%","",,"Distance to Parks: 1/2 Mile"
"37","North Carolina","37171930902","Surry County, NC - 37171930902","2020","0.9%","",,"Distance to Parks: 1 Mile"
"37","North Carolina","37171931001","Surry County, NC - 37171931001","2020","0.1%","",,"Distance to Parks: 1/2 Mile"
"37","North Carolina","37171931001","Surry County, NC - 37171931001","2020","1.7%","",,"Distance to Parks: 1 Mile"
"37","North Carolina","37171931002","Surry County, NC - 37171931002","2020","0.0%","",,"Distance to Parks: 1/2 Mile"
"37","North Carolina","37171931002","Surry County, NC - 37171931002","2020","0.0%","",,"Distance to Parks: 1 Mile"
"37","North Carolina","37171931003","Surry County, NC - 37171931003","2020","0.0%","",,"Distance to Parks: 1/2 Mile"
"37","North Carolina","37171931003","Surry County, NC - 37171931003","2020","0.0%","",,"Distance to Parks: 1 Mile"
"37","North Carolina","37171931101","Surry County, NC - 37171931101","2020","0.4%","",,"Distance to Parks: 1/2 Mile"
"37","North Carolina","37171931101","Surry County, NC - 37171931101","2020","3.1%","",,"Distance to Parks: 1 Mile"
"37","North Carolina","37171931102","Surry County, NC - 37171931102","2020","0.0%","",,"Distance to Parks: 1/2 Mile"
"37","North Carolina","37171931102","Surry County, NC - 37171931102","2020","1.1%","",,"Distance to Parks: 1 Mile"
"37","North Carolina","37171931103","Surry County, NC - 37171931103","2020","38.6%","",,"Distance to Parks: 1/2 Mile"
"37","North Carolina","37171931103","Surry County, NC - 37171931103","2020","63.7%","",,"Distance to Parks: 1 Mile"
"37","North Carolina","37171931200","Surry County, NC - 37171931200","2020","32.8%","",,"Distance to Parks: 1/2 Mile"
"37","North Carolina","37171931200","Surry County, NC - 37171931200","2020","46.7%","",,"Distance to Parks: 1 Mile"
"37","North Carolina","37173940100","Swain County, NC - 37173940100","2020","37.6%","",,"Distance to Parks: 1/2 Mile"
"37","North Carolina","37173940100","Swain County, NC - 37173940100","2020","65.3%","",,"Distance to Parks: 1 Mile"
"37","North Carolina","37173960200","Swain County, NC - 37173960200","2020","65.4%","",,"Distance to Parks: 1/2 Mile"
"37","North Carolina","37173960200","Swain County, NC - 37173960200","2020","97.9%","",,"Distance to Parks: 1 Mile"
"37","North Carolina","37173960301","Swain County, NC - 37173960301","2020","100.0%","",,"Distance to Parks: 1/2 Mile"
"37","North Carolina","37173960301","Swain County, NC - 37173960301","2020","100.0%","",,"Distance to Parks: 1 Mile"
"37","North Carolina","37173960302","Swain County, NC - 37173960302","2020","94.5%","",,"Distance to Parks: 1/2 Mile"
"37","North Carolina","37173960302","Swain County, NC - 37173960302","2020","100.0%","",,"Distance to Parks: 1 Mile"
"37","North Carolina","37173980200","Swain County, NC - 37173980200","2020","0.0%","",,"Distance to Parks: 1/2 Mile"
"37","North Carolina","37173980200","Swain County, NC - 37173980200","2020","0.0%","",,"Distance to Parks: 1 Mile"
"37","North Carolina","37175960100","Transylvania County, NC - 37175960100","2020","82.4%","",,"Distance to Parks: 1/2 Mile"
"37","North Carolina","37175960100","Transylvania County, NC - 37175960100","2020","89.3%","",,"Distance to Parks: 1 Mile"
"37","North Carolina","37175960201","Transylvania County, NC - 37175960201","2020","100.0%","",,"Distance to Parks: 1/2 Mile"
"37","North Carolina","37175960201","Transylvania County, NC - 37175960201","2020","100.0%","",,"Distance to Parks: 1 Mile"
"37","North Carolina","37175960202","Transylvania County, NC - 37175960202","2020","100.0%","",,"Distance to Parks: 1/2 Mile"
"37","North Carolina","37175960202","Transylvania County, NC - 37175960202","2020","100.0%","",,"Distance to Parks: 1 Mile"
"37","North Carolina","37175960301","Transylvania County, NC - 37175960301","2020","70.0%","",,"Distance to Parks: 1/2 Mile"
"37","North Carolina","37175960301","Transylvania County, NC - 37175960301","2020","90.5%","",,"Distance to Parks: 1 Mile"
"37","North Carolina","37175960302","Transylvania County, NC - 37175960302","2020","34.4%","",,"Distance to Parks: 1/2 Mile"
"37","North Carolina","37175960302","Transylvania County, NC - 37175960302","2020","58.6%","",,"Distance to Parks: 1 Mile"
"37","North Carolina","37175960401","Transylvania County, NC - 37175960401","2020","7.2%","",,"Distance to Parks: 1/2 Mile"
"37","North Carolina","37175960401","Transylvania County, NC - 37175960401","2020","20.5%","",,"Distance to Parks: 1 Mile"
"37","North Carolina","37175960403","Transylvania County, NC - 37175960403","2020","10.5%","",,"Distance to Parks: 1/2 Mile"
"37","North Carolina","37175960403","Transylvania County, NC - 37175960403","2020","24.4%","",,"Distance to Parks: 1 Mile"
"37","North Carolina","37175960404","Transylvania County, NC - 37175960404","2020","50.0%","",,"Distance to Parks: 1/2 Mile"
"37","North Carolina","37175960404","Transylvania County, NC - 37175960404","2020","64.1%","",,"Distance to Parks: 1 Mile"
"37","North Carolina","37175960501","Transylvania County, NC - 37175960501","2020","57.5%","",,"Distance to Parks: 1/2 Mile"
"37","North Carolina","37175960501","Transylvania County, NC - 37175960501","2020","71.3%","",,"Distance to Parks: 1 Mile"
"37","North Carolina","37175960502","Transylvania County, NC - 37175960502","2020","100.0%","",,"Distance to Parks: 1/2 Mile"
"37","North Carolina","37175960502","Transylvania County, NC - 37175960502","2020","100.0%","",,"Distance to Parks: 1 Mile"
"37","North Carolina","37175960601","Transylvania County, NC - 37175960601","2020","100.0%","",,"Distance to Parks: 1/2 Mile"
"37","North Carolina","37175960601","Transylvania County, NC - 37175960601","2020","100.0%","",,"Distance to Parks: 1 Mile"
"37","North Carolina","37175960602","Transylvania County, NC - 37175960602","2020","100.0%","",,"Distance to Parks: 1/2 Mile"
"37","North Carolina","37175960602","Transylvania County, NC - 37175960602","2020","100.0%","",,"Distance to Parks: 1 Mile"
"37","North Carolina","37177960100","Tyrrell County, NC - 37177960100","2020","65.5%","",,"Distance to Parks: 1/2 Mile"
"37","North Carolina","37177960100","Tyrrell County, NC - 37177960100","2020","79.1%","",,"Distance to Parks: 1 Mile"
"37","North Carolina","37179020100","Union County, NC - 37179020100","2020","0.0%","",,"Distance to Parks: 1/2 Mile"
"37","North Carolina","37179020100","Union County, NC - 37179020100","2020","0.0%","",,"Distance to Parks: 1 Mile"
"37","North Carolina","37179020203","Union County, NC - 37179020203","2020","0.0%","",,"Distance to Parks: 1/2 Mile"
"37","North Carolina","37179020203","Union County, NC - 37179020203","2020","0.0%","",,"Distance to Parks: 1 Mile"
"37","North Carolina","37179020204","Union County, NC - 37179020204","2020","0.0%","",,"Distance to Parks: 1/2 Mile"
"37","North Carolina","37179020204","Union County, NC - 37179020204","2020","0.0%","",,"Distance to Parks: 1 Mile"
"37","North Carolina","37179020205","Union County, NC - 37179020205","2020","0.0%","",,"Distance to Parks: 1/2 Mile"
"37","North Carolina","37179020205","Union County, NC - 37179020205","2020","0.0%","",,"Distance to Parks: 1 Mile"
"37","North Carolina","37179020206","Union County, NC - 37179020206","2020","0.0%","",,"Distance to Parks: 1/2 Mile"
"37","North Carolina","37179020206","Union County, NC - 37179020206","2020","0.0%","",,"Distance to Parks: 1 Mile"
"37","North Carolina","37179020305","Union County, NC - 37179020305","2020","7.6%","",,"Distance to Parks: 1/2 Mile"
"37","North Carolina","37179020305","Union County, NC - 37179020305","2020","29.0%","",,"Distance to Parks: 1 Mile"
"37","North Carolina","37179020307","Union County, NC - 37179020307","2020","0.0%","",,"Distance to Parks: 1/2 Mile"
"37","North Carolina","37179020307","Union County, NC - 37179020307","2020","4.7%","",,"Distance to Parks: 1 Mile"
"37","North Carolina","37179020308","Union County, NC - 37179020308","2020","0.0%","",,"Distance to Parks: 1/2 Mile"
"37","North Carolina","37179020308","Union County, NC - 37179020308","2020","0.0%","",,"Distance to Parks: 1 Mile"
"37","North Carolina","37179020309","Union County, NC - 37179020309","2020","0.0%","",,"Distance to Parks: 1/2 Mile"
"37","North Carolina","37179020309","Union County, NC - 37179020309","2020","0.0%","",,"Distance to Parks: 1 Mile"
"37","North Carolina","37179020310","Union County, NC - 37179020310","2020","12.2%","",,"Distance to Parks: 1/2 Mile"
"37","North Carolina","37179020310","Union County, NC - 37179020310","2020","54.9%","",,"Distance to Parks: 1 Mile"
"37","North Carolina","37179020312","Union County, NC - 37179020312","2020","31.6%","",,"Distance to Parks: 1/2 Mile"
"37","North Carolina","37179020312","Union County, NC - 37179020312","2020","85.7%","",,"Distance to Parks: 1 Mile"
"37","North Carolina","37179020313","Union County, NC - 37179020313","2020","74.1%","",,"Distance to Parks: 1/2 Mile"
"37","North Carolina","37179020313","Union County, NC - 37179020313","2020","100.0%","",,"Distance to Parks: 1 Mile"
"37","North Carolina","37179020314","Union County, NC - 37179020314","2020","23.4%","",,"Distance to Parks: 1/2 Mile"
"37","North Carolina","37179020314","Union County, NC - 37179020314","2020","76.4%","",,"Distance to Parks: 1 Mile"
"37","North Carolina","37179020315","Union County, NC - 37179020315","2020","1.2%","",,"Distance to Parks: 1/2 Mile"
"37","North Carolina","37179020315","Union County, NC - 37179020315","2020","13.2%","",,"Distance to Parks: 1 Mile"
"37","North Carolina","37179020316","Union County, NC - 37179020316","2020","6.3%","",,"Distance to Parks: 1/2 Mile"
"37","North Carolina","37179020316","Union County, NC - 37179020316","2020","32.4%","",,"Distance to Parks: 1 Mile"
"37","North Carolina","37179020317","Union County, NC - 37179020317","2020","0.0%","",,"Distance to Parks: 1/2 Mile"
"37","North Carolina","37179020317","Union County, NC - 37179020317","2020","0.0%","",,"Distance to Parks: 1 Mile"
"37","North Carolina","37179020318","Union County, NC - 37179020318","2020","99.5%","",,"Distance to Parks: 1/2 Mile"
"37","North Carolina","37179020318","Union County, NC - 37179020318","2020","100.0%","",,"Distance to Parks: 1 Mile"
"37","North Carolina","37179020319","Union County, NC - 37179020319","2020","55.1%","",,"Distance to Parks: 1/2 Mile"
"37","North Carolina","37179020319","Union County, NC - 37179020319","2020","97.0%","",,"Distance to Parks: 1 Mile"
"37","North Carolina","37179020320","Union County, NC - 37179020320","2020","84.0%","",,"Distance to Parks: 1/2 Mile"
"37","North Carolina","37179020320","Union County, NC - 37179020320","2020","100.0%","",,"Distance to Parks: 1 Mile"
"37","North Carolina","37179020321","Union County, NC - 37179020321","2020","31.1%","",,"Distance to Parks: 1/2 Mile"
"37","North Carolina","37179020321","Union County, NC - 37179020321","2020","71.6%","",,"Distance to Parks: 1 Mile"
"37","North Carolina","37179020401","Union County, NC - 37179020401","2020","6.0%","",,"Distance to Parks: 1/2 Mile"
"37","North Carolina","37179020401","Union County, NC - 37179020401","2020","25.2%","",,"Distance to Parks: 1 Mile"
"37","North Carolina","37179020403","Union County, NC - 37179020403","2020","10.6%","",,"Distance to Parks: 1/2 Mile"
"37","North Carolina","37179020403","Union County, NC - 37179020403","2020","30.3%","",,"Distance to Parks: 1 Mile"
"37","North Carolina","37179020405","Union County, NC - 37179020405","2020","44.3%","",,"Distance to Parks: 1/2 Mile"
"37","North Carolina","37179020405","Union County, NC - 37179020405","2020","61.1%","",,"Distance to Parks: 1 Mile"
"37","North Carolina","37179020406","Union County, NC - 37179020406","2020","87.3%","",,"Distance to Parks: 1/2 Mile"
"37","North Carolina","37179020406","Union County, NC - 37179020406","2020","100.0%","",,"Distance to Parks: 1 Mile"
"37","North Carolina","37179020501","Union County, NC - 37179020501","2020","25.7%","",,"Distance to Parks: 1/2 Mile"
"37","North Carolina","37179020501","Union County, NC - 37179020501","2020","39.4%","",,"Distance to Parks: 1 Mile"
"37","North Carolina","37179020502","Union County, NC - 37179020502","2020","9.9%","",,"Distance to Parks: 1/2 Mile"
"37","North Carolina","37179020502","Union County, NC - 37179020502","2020","20.2%","",,"Distance to Parks: 1 Mile"
"37","North Carolina","37179020601","Union County, NC - 37179020601","2020","14.1%","",,"Distance to Parks: 1/2 Mile"
"37","North Carolina","37179020601","Union County, NC - 37179020601","2020","42.1%","",,"Distance to Parks: 1 Mile"
"37","North Carolina","37179020602","Union County, NC - 37179020602","2020","9.2%","",,"Distance to Parks: 1/2 Mile"
"37","North Carolina","37179020602","Union County, NC - 37179020602","2020","20.0%","",,"Distance to Parks: 1 Mile"
"37","North Carolina","37179020701","Union County, NC - 37179020701","2020","7.4%","",,"Distance to Parks: 1/2 Mile"
"37","North Carolina","37179020701","Union County, NC - 37179020701","2020","19.7%","",,"Distance to Parks: 1 Mile"
"37","North Carolina","37179020702","Union County, NC - 37179020702","2020","7.7%","",,"Distance to Parks: 1/2 Mile"
"37","North Carolina","37179020702","Union County, NC - 37179020702","2020","15.6%","",,"Distance to Parks: 1 Mile"
"37","North Carolina","37179020800","Union County, NC - 37179020800","2020","3.7%","",,"Distance to Parks: 1/2 Mile"
"37","North Carolina","37179020800","Union County, NC - 37179020800","2020","11.7%","",,"Distance to Parks: 1 Mile"
"37","North Carolina","37179020901","Union County, NC - 37179020901","2020","0.0%","",,"Distance to Parks: 1/2 Mile"
"37","North Carolina","37179020901","Union County, NC - 37179020901","2020","0.0%","",,"Distance to Parks: 1 Mile"
"37","North Carolina","37179020902","Union County, NC - 37179020902","2020","10.2%","",,"Distance to Parks: 1/2 Mile"
"37","North Carolina","37179020902","Union County, NC - 37179020902","2020","19.1%","",,"Distance to Parks: 1 Mile"
"37","North Carolina","37179021004","Union County, NC - 37179021004","2020","34.0%","",,"Distance to Parks: 1/2 Mile"
"37","North Carolina","37179021004","Union County, NC - 37179021004","2020","64.7%","",,"Distance to Parks: 1 Mile"
"37","North Carolina","37179021005","Union County, NC - 37179021005","2020","0.0%","",,"Distance to Parks: 1/2 Mile"
"37","North Carolina","37179021005","Union County, NC - 37179021005","2020","1.0%","",,"Distance to Parks: 1 Mile"
"37","North Carolina","37179021006","Union County, NC - 37179021006","2020","17.3%","",,"Distance to Parks: 1/2 Mile"
"37","North Carolina","37179021006","Union County, NC - 37179021006","2020","43.0%","",,"Distance to Parks: 1 Mile"
"37","North Carolina","37179021007","Union County, NC - 37179021007","2020","30.0%","",,"Distance to Parks: 1/2 Mile"
"37","North Carolina","37179021007","Union County, NC - 37179021007","2020","72.7%","",,"Distance to Parks: 1 Mile"
"37","North Carolina","37179021009","Union County, NC - 37179021009","2020","0.0%","",,"Distance to Parks: 1/2 Mile"
"37","North Carolina","37179021009","Union County, NC - 37179021009","2020","2.0%","",,"Distance to Parks: 1 Mile"
"37","North Carolina","37179021012","Union County, NC - 37179021012","2020","0.6%","",,"Distance to Parks: 1/2 Mile"
"37","North Carolina","37179021012","Union County, NC - 37179021012","2020","15.6%","",,"Distance to Parks: 1 Mile"
"37","North Carolina","37179021013","Union County, NC - 37179021013","2020","34.8%","",,"Distance to Parks: 1/2 Mile"
"37","North Carolina","37179021013","Union County, NC - 37179021013","2020","85.8%","",,"Distance to Parks: 1 Mile"
"37","North Carolina","37179021014","Union County, NC - 37179021014","2020","7.0%","",,"Distance to Parks: 1/2 Mile"
"37","North Carolina","37179021014","Union County, NC - 37179021014","2020","27.9%","",,"Distance to Parks: 1 Mile"
"37","North Carolina","37179021015","Union County, NC - 37179021015","2020","1.5%","",,"Distance to Parks: 1/2 Mile"
"37","North Carolina","37179021015","Union County, NC - 37179021015","2020","6.6%","",,"Distance to Parks: 1 Mile"
"37","North Carolina","37179021016","Union County, NC - 37179021016","2020","14.5%","",,"Distance to Parks: 1/2 Mile"
"37","North Carolina","37179021016","Union County, NC - 37179021016","2020","42.8%","",,"Distance to Parks: 1 Mile"
"37","North Carolina","37179021017","Union County, NC - 37179021017","2020","11.7%","",,"Distance to Parks: 1/2 Mile"
"37","North Carolina","37179021017","Union County, NC - 37179021017","2020","44.2%","",,"Distance to Parks: 1 Mile"
"37","North Carolina","37179021018","Union County, NC - 37179021018","2020","0.0%","",,"Distance to Parks: 1/2 Mile"
"37","North Carolina","37179021018","Union County, NC - 37179021018","2020","3.9%","",,"Distance to Parks: 1 Mile"
"37","North Carolina","37179021019","Union County, NC - 37179021019","2020","13.5%","",,"Distance to Parks: 1/2 Mile"
"37","North Carolina","37179021019","Union County, NC - 37179021019","2020","35.4%","",,"Distance to Parks: 1 Mile"
"37","North Carolina","37179021020","Union County, NC - 37179021020","2020","13.7%","",,"Distance to Parks: 1/2 Mile"
"37","North Carolina","37179021020","Union County, NC - 37179021020","2020","40.1%","",,"Distance to Parks: 1 Mile"
"37","North Carolina","37179021021","Union County, NC - 37179021021","2020","26.1%","",,"Distance to Parks: 1/2 Mile"
"37","North Carolina","37179021021","Union County, NC - 37179021021","2020","70.0%","",,"Distance to Parks: 1 Mile"
"37","North Carolina","37181960100","Vance County, NC - 37181960100","2020","45.3%","",,"Distance to Parks: 1/2 Mile"
"37","North Carolina","37181960100","Vance County, NC - 37181960100","2020","60.2%","",,"Distance to Parks: 1 Mile"
"37","North Carolina","37181960200","Vance County, NC - 37181960200","2020","35.0%","",,"Distance to Parks: 1/2 Mile"
"37","North Carolina","37181960200","Vance County, NC - 37181960200","2020","46.5%","",,"Distance to Parks: 1 Mile"
"37","North Carolina","37181960300","Vance County, NC - 37181960300","2020","8.4%","",,"Distance to Parks: 1/2 Mile"
"37","North Carolina","37181960300","Vance County, NC - 37181960300","2020","14.2%","",,"Distance to Parks: 1 Mile"
"37","North Carolina","37181960400","Vance County, NC - 37181960400","2020","0.0%","",,"Distance to Parks: 1/2 Mile"
"37","North Carolina","37181960400","Vance County, NC - 37181960400","2020","2.2%","",,"Distance to Parks: 1 Mile"
"37","North Carolina","37181960500","Vance County, NC - 37181960500","2020","47.0%","",,"Distance to Parks: 1/2 Mile"
"37","North Carolina","37181960500","Vance County, NC - 37181960500","2020","86.6%","",,"Distance to Parks: 1 Mile"
"37","North Carolina","37181960600","Vance County, NC - 37181960600","2020","34.5%","",,"Distance to Parks: 1/2 Mile"
"37","North Carolina","37181960600","Vance County, NC - 37181960600","2020","61.8%","",,"Distance to Parks: 1 Mile"
"37","North Carolina","37181960700","Vance County, NC - 37181960700","2020","64.3%","",,"Distance to Parks: 1/2 Mile"
"37","North Carolina","37181960700","Vance County, NC - 37181960700","2020","100.0%","",,"Distance to Parks: 1 Mile"
"37","North Carolina","37181960800","Vance County, NC - 37181960800","2020","18.2%","",,"Distance to Parks: 1/2 Mile"
"37","North Carolina","37181960800","Vance County, NC - 37181960800","2020","47.1%","",,"Distance to Parks: 1 Mile"
"37","North Carolina","37181960901","Vance County, NC - 37181960901","2020","0.0%","",,"Distance to Parks: 1/2 Mile"
"37","North Carolina","37181960901","Vance County, NC - 37181960901","2020","1.4%","",,"Distance to Parks: 1 Mile"
"37","North Carolina","37181960902","Vance County, NC - 37181960902","2020","0.2%","",,"Distance to Parks: 1/2 Mile"
"37","North Carolina","37181960902","Vance County, NC - 37181960902","2020","2.7%","",,"Distance to Parks: 1 Mile"
"37","North Carolina","37181960903","Vance County, NC - 37181960903","2020","12.4%","",,"Distance to Parks: 1/2 Mile"
"37","North Carolina","37181960903","Vance County, NC - 37181960903","2020","28.7%","",,"Distance to Parks: 1 Mile"
"37","North Carolina","37181961000","Vance County, NC - 37181961000","2020","0.0%","",,"Distance to Parks: 1/2 Mile"
"37","North Carolina","37181961000","Vance County, NC - 37181961000","2020","0.0%","",,"Distance to Parks: 1 Mile"
"37","North Carolina","37183050100","Wake County, NC - 37183050100","2020","100.0%","",,"Distance to Parks: 1/2 Mile"
"37","North Carolina","37183050100","Wake County, NC - 37183050100","2020","100.0%","",,"Distance to Parks: 1 Mile"
"37","North Carolina","37183050300","Wake County, NC - 37183050300","2020","100.0%","",,"Distance to Parks: 1/2 Mile"
"37","North Carolina","37183050300","Wake County, NC - 37183050300","2020","100.0%","",,"Distance to Parks: 1 Mile"
"37","North Carolina","37183050400","Wake County, NC - 37183050400","2020","100.0%","",,"Distance to Parks: 1/2 Mile"
"37","North Carolina","37183050400","Wake County, NC - 37183050400","2020","100.0%","",,"Distance to Parks: 1 Mile"
"37","North Carolina","37183050500","Wake County, NC - 37183050500","2020","100.0%","",,"Distance to Parks: 1/2 Mile"
"37","North Carolina","37183050500","Wake County, NC - 37183050500","2020","100.0%","",,"Distance to Parks: 1 Mile"
"37","North Carolina","37183050600","Wake County, NC - 37183050600","2020","100.0%","",,"Distance to Parks: 1/2 Mile"
"37","North Carolina","37183050600","Wake County, NC - 37183050600","2020","100.0%","",,"Distance to Parks: 1 Mile"
"37","North Carolina","37183050700","Wake County, NC - 37183050700","2020","100.0%","",,"Distance to Parks: 1/2 Mile"
"37","North Carolina","37183050700","Wake County, NC - 37183050700","2020","100.0%","",,"Distance to Parks: 1 Mile"
"37","North Carolina","37183050800","Wake County, NC - 37183050800","2020","100.0%","",,"Distance to Parks: 1/2 Mile"
"37","North Carolina","37183050800","Wake County, NC - 37183050800","2020","100.0%","",,"Distance to Parks: 1 Mile"
"37","North Carolina","37183050900","Wake County, NC - 37183050900","2020","100.0%","",,"Distance to Parks: 1/2 Mile"
"37","North Carolina","37183050900","Wake County, NC - 37183050900","2020","100.0%","",,"Distance to Parks: 1 Mile"
"37","North Carolina","37183051000","Wake County, NC - 37183051000","2020","100.0%","",,"Distance to Parks: 1/2 Mile"
"37","North Carolina","37183051000","Wake County, NC - 37183051000","2020","100.0%","",,"Distance to Parks: 1 Mile"
"37","North Carolina","37183051101","Wake County, NC - 37183051101","2020","98.0%","",,"Distance to Parks: 1/2 Mile"
"37","North Carolina","37183051101","Wake County, NC - 37183051101","2020","100.0%","",,"Distance to Parks: 1 Mile"
"37","North Carolina","37183051102","Wake County, NC - 37183051102","2020","100.0%","",,"Distance to Parks: 1/2 Mile"
"37","North Carolina","37183051102","Wake County, NC - 37183051102","2020","100.0%","",,"Distance to Parks: 1 Mile"
"37","North Carolina","37183051200","Wake County, NC - 37183051200","2020","100.0%","",,"Distance to Parks: 1/2 Mile"
"37","North Carolina","37183051200","Wake County, NC - 37183051200","2020","100.0%","",,"Distance to Parks: 1 Mile"
"37","North Carolina","37183051400","Wake County, NC - 37183051400","2020","100.0%","",,"Distance to Parks: 1/2 Mile"
"37","North Carolina","37183051400","Wake County, NC - 37183051400","2020","100.0%","",,"Distance to Parks: 1 Mile"
"37","North Carolina","37183051501","Wake County, NC - 37183051501","2020","91.7%","",,"Distance to Parks: 1/2 Mile"
"37","North Carolina","37183051501","Wake County, NC - 37183051501","2020","100.0%","",,"Distance to Parks: 1 Mile"
"37","North Carolina","37183051502","Wake County, NC - 37183051502","2020","100.0%","",,"Distance to Parks: 1/2 Mile"
"37","North Carolina","37183051502","Wake County, NC - 37183051502","2020","100.0%","",,"Distance to Parks: 1 Mile"
"37","North Carolina","37183051600","Wake County, NC - 37183051600","2020","100.0%","",,"Distance to Parks: 1/2 Mile"
"37","North Carolina","37183051600","Wake County, NC - 37183051600","2020","100.0%","",,"Distance to Parks: 1 Mile"
"37","North Carolina","37183051700","Wake County, NC - 37183051700","2020","100.0%","",,"Distance to Parks: 1/2 Mile"
"37","North Carolina","37183051700","Wake County, NC - 37183051700","2020","100.0%","",,"Distance to Parks: 1 Mile"
"37","North Carolina","37183051800","Wake County, NC - 37183051800","2020","100.0%","",,"Distance to Parks: 1/2 Mile"
"37","North Carolina","37183051800","Wake County, NC - 37183051800","2020","100.0%","",,"Distance to Parks: 1 Mile"
"37","North Carolina","37183051900","Wake County, NC - 37183051900","2020","100.0%","",,"Distance to Parks: 1/2 Mile"
"37","North Carolina","37183051900","Wake County, NC - 37183051900","2020","100.0%","",,"Distance to Parks: 1 Mile"
"37","North Carolina","37183052001","Wake County, NC - 37183052001","2020","100.0%","",,"Distance to Parks: 1/2 Mile"
"37","North Carolina","37183052001","Wake County, NC - 37183052001","2020","100.0%","",,"Distance to Parks: 1 Mile"
"37","North Carolina","37183052002","Wake County, NC - 37183052002","2020","100.0%","",,"Distance to Parks: 1/2 Mile"
"37","North Carolina","37183052002","Wake County, NC - 37183052002","2020","100.0%","",,"Distance to Parks: 1 Mile"
"37","North Carolina","37183052101","Wake County, NC - 37183052101","2020","88.5%","",,"Distance to Parks: 1/2 Mile"
"37","North Carolina","37183052101","Wake County, NC - 37183052101","2020","100.0%","",,"Distance to Parks: 1 Mile"
"37","North Carolina","37183052102","Wake County, NC - 37183052102","2020","98.9%","",,"Distance to Parks: 1/2 Mile"
"37","North Carolina","37183052102","Wake County, NC - 37183052102","2020","100.0%","",,"Distance to Parks: 1 Mile"
"37","North Carolina","37183052303","Wake County, NC - 37183052303","2020","98.6%","",,"Distance to Parks: 1/2 Mile"
"37","North Carolina","37183052303","Wake County, NC - 37183052303","2020","100.0%","",,"Distance to Parks: 1 Mile"
"37","North Carolina","37183052304","Wake County, NC - 37183052304","2020","100.0%","",,"Distance to Parks: 1/2 Mile"
"37","North Carolina","37183052304","Wake County, NC - 37183052304","2020","100.0%","",,"Distance to Parks: 1 Mile"
"37","North Carolina","37183052305","Wake County, NC - 37183052305","2020","100.0%","",,"Distance to Parks: 1/2 Mile"
"37","North Carolina","37183052305","Wake County, NC - 37183052305","2020","100.0%","",,"Distance to Parks: 1 Mile"
"37","North Carolina","37183052306","Wake County, NC - 37183052306","2020","100.0%","",,"Distance to Parks: 1/2 Mile"
"37","North Carolina","37183052306","Wake County, NC - 37183052306","2020","100.0%","",,"Distance to Parks: 1 Mile"
"37","North Carolina","37183052307","Wake County, NC - 37183052307","2020","100.0%","",,"Distance to Parks: 1/2 Mile"
"37","North Carolina","37183052307","Wake County, NC - 37183052307","2020","100.0%","",,"Distance to Parks: 1 Mile"
"37","North Carolina","37183052401","Wake County, NC - 37183052401","2020","86.5%","",,"Distance to Parks: 1/2 Mile"
"37","North Carolina","37183052401","Wake County, NC - 37183052401","2020","100.0%","",,"Distance to Parks: 1 Mile"
"37","North Carolina","37183052404","Wake County, NC - 37183052404","2020","100.0%","",,"Distance to Parks: 1/2 Mile"
"37","North Carolina","37183052404","Wake County, NC - 37183052404","2020","100.0%","",,"Distance to Parks: 1 Mile"
"37","North Carolina","37183052407","Wake County, NC - 37183052407","2020","95.2%","",,"Distance to Parks: 1/2 Mile"
"37","North Carolina","37183052407","Wake County, NC - 37183052407","2020","100.0%","",,"Distance to Parks: 1 Mile"
"37","North Carolina","37183052408","Wake County, NC - 37183052408","2020","99.6%","",,"Distance to Parks: 1/2 Mile"
"37","North Carolina","37183052408","Wake County, NC - 37183052408","2020","100.0%","",,"Distance to Parks: 1 Mile"
"37","North Carolina","37183052409","Wake County, NC - 37183052409","2020","100.0%","",,"Distance to Parks: 1/2 Mile"
"37","North Carolina","37183052409","Wake County, NC - 37183052409","2020","100.0%","",,"Distance to Parks: 1 Mile"
"37","North Carolina","37183052410","Wake County, NC - 37183052410","2020","99.8%","",,"Distance to Parks: 1/2 Mile"
"37","North Carolina","37183052410","Wake County, NC - 37183052410","2020","100.0%","",,"Distance to Parks: 1 Mile"
"37","North Carolina","37183052411","Wake County, NC - 37183052411","2020","80.4%","",,"Distance to Parks: 1/2 Mile"
"37","North Carolina","37183052411","Wake County, NC - 37183052411","2020","100.0%","",,"Distance to Parks: 1 Mile"
"37","North Carolina","37183052504","Wake County, NC - 37183052504","2020","97.9%","",,"Distance to Parks: 1/2 Mile"
"37","North Carolina","37183052504","Wake County, NC - 37183052504","2020","100.0%","",,"Distance to Parks: 1 Mile"
"37","North Carolina","37183052505","Wake County, NC - 37183052505","2020","97.5%","",,"Distance to Parks: 1/2 Mile"
"37","North Carolina","37183052505","Wake County, NC - 37183052505","2020","100.0%","",,"Distance to Parks: 1 Mile"
"37","North Carolina","37183052506","Wake County, NC - 37183052506","2020","100.0%","",,"Distance to Parks: 1/2 Mile"
"37","North Carolina","37183052506","Wake County, NC - 37183052506","2020","100.0%","",,"Distance to Parks: 1 Mile"
"37","North Carolina","37183052507","Wake County, NC - 37183052507","2020","73.0%","",,"Distance to Parks: 1/2 Mile"
"37","North Carolina","37183052507","Wake County, NC - 37183052507","2020","100.0%","",,"Distance to Parks: 1 Mile"
"37","North Carolina","37183052508","Wake County, NC - 37183052508","2020","95.8%","",,"Distance to Parks: 1/2 Mile"
"37","North Carolina","37183052508","Wake County, NC - 37183052508","2020","100.0%","",,"Distance to Parks: 1 Mile"
"37","North Carolina","37183052509","Wake County, NC - 37183052509","2020","87.5%","",,"Distance to Parks: 1/2 Mile"
"37","North Carolina","37183052509","Wake County, NC - 37183052509","2020","100.0%","",,"Distance to Parks: 1 Mile"
"37","North Carolina","37183052601","Wake County, NC - 37183052601","2020","94.6%","",,"Distance to Parks: 1/2 Mile"
"37","North Carolina","37183052601","Wake County, NC - 37183052601","2020","100.0%","",,"Distance to Parks: 1 Mile"
"37","North Carolina","37183052602","Wake County, NC - 37183052602","2020","76.9%","",,"Distance to Parks: 1/2 Mile"
"37","North Carolina","37183052602","Wake County, NC - 37183052602","2020","100.0%","",,"Distance to Parks: 1 Mile"
"37","North Carolina","37183052603","Wake County, NC - 37183052603","2020","100.0%","",,"Distance to Parks: 1/2 Mile"
"37","North Carolina","37183052603","Wake County, NC - 37183052603","2020","100.0%","",,"Distance to Parks: 1 Mile"
"37","North Carolina","37183052701","Wake County, NC - 37183052701","2020","90.2%","",,"Distance to Parks: 1/2 Mile"
"37","North Carolina","37183052701","Wake County, NC - 37183052701","2020","100.0%","",,"Distance to Parks: 1 Mile"
"37","North Carolina","37183052704","Wake County, NC - 37183052704","2020","99.0%","",,"Distance to Parks: 1/2 Mile"
"37","North Carolina","37183052704","Wake County, NC - 37183052704","2020","100.0%","",,"Distance to Parks: 1 Mile"
"37","North Carolina","37183052705","Wake County, NC - 37183052705","2020","97.7%","",,"Distance to Parks: 1/2 Mile"
"37","North Carolina","37183052705","Wake County, NC - 37183052705","2020","100.0%","",,"Distance to Parks: 1 Mile"
"37","North Carolina","37183052706","Wake County, NC - 37183052706","2020","96.6%","",,"Distance to Parks: 1/2 Mile"
"37","North Carolina","37183052706","Wake County, NC - 37183052706","2020","100.0%","",,"Distance to Parks: 1 Mile"
"37","North Carolina","37183052707","Wake County, NC - 37183052707","2020","63.5%","",,"Distance to Parks: 1/2 Mile"
"37","North Carolina","37183052707","Wake County, NC - 37183052707","2020","100.0%","",,"Distance to Parks: 1 Mile"
"37","North Carolina","37183052801","Wake County, NC - 37183052801","2020","100.0%","",,"Distance to Parks: 1/2 Mile"
"37","North Carolina","37183052801","Wake County, NC - 37183052801","2020","100.0%","",,"Distance to Parks: 1 Mile"
"37","North Carolina","37183052802","Wake County, NC - 37183052802","2020","81.8%","",,"Distance to Parks: 1/2 Mile"
"37","North Carolina","37183052802","Wake County, NC - 37183052802","2020","100.0%","",,"Distance to Parks: 1 Mile"
"37","North Carolina","37183052807","Wake County, NC - 37183052807","2020","59.8%","",,"Distance to Parks: 1/2 Mile"
"37","North Carolina","37183052807","Wake County, NC - 37183052807","2020","91.7%","",,"Distance to Parks: 1 Mile"
"37","North Carolina","37183052809","Wake County, NC - 37183052809","2020","11.1%","",,"Distance to Parks: 1/2 Mile"
"37","North Carolina","37183052809","Wake County, NC - 37183052809","2020","25.5%","",,"Distance to Parks: 1 Mile"
"37","North Carolina","37183052810","Wake County, NC - 37183052810","2020","97.7%","",,"Distance to Parks: 1/2 Mile"
"37","North Carolina","37183052810","Wake County, NC - 37183052810","2020","100.0%","",,"Distance to Parks: 1 Mile"
"37","North Carolina","37183052811","Wake County, NC - 37183052811","2020","95.2%","",,"Distance to Parks: 1/2 Mile"
"37","North Carolina","37183052811","Wake County, NC - 37183052811","2020","100.0%","",,"Distance to Parks: 1 Mile"
"37","North Carolina","37183052812","Wake County, NC - 37183052812","2020","99.1%","",,"Distance to Parks: 1/2 Mile"
"37","North Carolina","37183052812","Wake County, NC - 37183052812","2020","100.0%","",,"Distance to Parks: 1 Mile"
"37","North Carolina","37183052813","Wake County, NC - 37183052813","2020","9.6%","",,"Distance to Parks: 1/2 Mile"
"37","North Carolina","37183052813","Wake County, NC - 37183052813","2020","29.3%","",,"Distance to Parks: 1 Mile"
"37","North Carolina","37183052814","Wake County, NC - 37183052814","2020","49.4%","",,"Distance to Parks: 1/2 Mile"
"37","North Carolina","37183052814","Wake County, NC - 37183052814","2020","88.0%","",,"Distance to Parks: 1 Mile"
"37","North Carolina","37183052815","Wake County, NC - 37183052815","2020","71.9%","",,"Distance to Parks: 1/2 Mile"
"37","North Carolina","37183052815","Wake County, NC - 37183052815","2020","95.6%","",,"Distance to Parks: 1 Mile"
"37","North Carolina","37183052816","Wake County, NC - 37183052816","2020","89.1%","",,"Distance to Parks: 1/2 Mile"
"37","North Carolina","37183052816","Wake County, NC - 37183052816","2020","100.0%","",,"Distance to Parks: 1 Mile"
"37","North Carolina","37183052901","Wake County, NC - 37183052901","2020","7.1%","",,"Distance to Parks: 1/2 Mile"
"37","North Carolina","37183052901","Wake County, NC - 37183052901","2020","23.9%","",,"Distance to Parks: 1 Mile"
"37","North Carolina","37183052902","Wake County, NC - 37183052902","2020","1.6%","",,"Distance to Parks: 1/2 Mile"
"37","North Carolina","37183052902","Wake County, NC - 37183052902","2020","4.4%","",,"Distance to Parks: 1 Mile"
"37","North Carolina","37183052903","Wake County, NC - 37183052903","2020","49.1%","",,"Distance to Parks: 1/2 Mile"
"37","North Carolina","37183052903","Wake County, NC - 37183052903","2020","80.8%","",,"Distance to Parks: 1 Mile"
"37","North Carolina","37183052905","Wake County, NC - 37183052905","2020","53.9%","",,"Distance to Parks: 1/2 Mile"
"37","North Carolina","37183052905","Wake County, NC - 37183052905","2020","87.7%","",,"Distance to Parks: 1 Mile"
"37","North Carolina","37183052906","Wake County, NC - 37183052906","2020","3.6%","",,"Distance to Parks: 1/2 Mile"
"37","North Carolina","37183052906","Wake County, NC - 37183052906","2020","18.8%","",,"Distance to Parks: 1 Mile"
"37","North Carolina","37183053003","Wake County, NC - 37183053003","2020","81.6%","",,"Distance to Parks: 1/2 Mile"
"37","North Carolina","37183053003","Wake County, NC - 37183053003","2020","100.0%","",,"Distance to Parks: 1 Mile"
"37","North Carolina","37183053004","Wake County, NC - 37183053004","2020","68.4%","",,"Distance to Parks: 1/2 Mile"
"37","North Carolina","37183053004","Wake County, NC - 37183053004","2020","100.0%","",,"Distance to Parks: 1 Mile"
"37","North Carolina","37183053005","Wake County, NC - 37183053005","2020","89.6%","",,"Distance to Parks: 1/2 Mile"
"37","North Carolina","37183053005","Wake County, NC - 37183053005","2020","100.0%","",,"Distance to Parks: 1 Mile"
"37","North Carolina","37183053006","Wake County, NC - 37183053006","2020","62.5%","",,"Distance to Parks: 1/2 Mile"
"37","North Carolina","37183053006","Wake County, NC - 37183053006","2020","99.8%","",,"Distance to Parks: 1 Mile"
"37","North Carolina","37183053007","Wake County, NC - 37183053007","2020","78.3%","",,"Distance to Parks: 1/2 Mile"
"37","North Carolina","37183053007","Wake County, NC - 37183053007","2020","97.7%","",,"Distance to Parks: 1 Mile"
"37","North Carolina","37183053009","Wake County, NC - 37183053009","2020","47.0%","",,"Distance to Parks: 1/2 Mile"
"37","North Carolina","37183053009","Wake County, NC - 37183053009","2020","92.1%","",,"Distance to Parks: 1 Mile"
"37","North Carolina","37183053010","Wake County, NC - 37183053010","2020","62.7%","",,"Distance to Parks: 1/2 Mile"
"37","North Carolina","37183053010","Wake County, NC - 37183053010","2020","96.6%","",,"Distance to Parks: 1 Mile"
"37","North Carolina","37183053011","Wake County, NC - 37183053011","2020","94.4%","",,"Distance to Parks: 1/2 Mile"
"37","North Carolina","37183053011","Wake County, NC - 37183053011","2020","100.0%","",,"Distance to Parks: 1 Mile"
"37","North Carolina","37183053105","Wake County, NC - 37183053105","2020","48.9%","",,"Distance to Parks: 1/2 Mile"
"37","North Carolina","37183053105","Wake County, NC - 37183053105","2020","99.1%","",,"Distance to Parks: 1 Mile"
"37","North Carolina","37183053106","Wake County, NC - 37183053106","2020","44.4%","",,"Distance to Parks: 1/2 Mile"
"37","North Carolina","37183053106","Wake County, NC - 37183053106","2020","71.7%","",,"Distance to Parks: 1 Mile"
"37","North Carolina","37183053109","Wake County, NC - 37183053109","2020","30.5%","",,"Distance to Parks: 1/2 Mile"
"37","North Carolina","37183053109","Wake County, NC - 37183053109","2020","67.0%","",,"Distance to Parks: 1 Mile"
"37","North Carolina","37183053110","Wake County, NC - 37183053110","2020","46.1%","",,"Distance to Parks: 1/2 Mile"
"37","North Carolina","37183053110","Wake County, NC - 37183053110","2020","81.0%","",,"Distance to Parks: 1 Mile"
"37","North Carolina","37183053111","Wake County, NC - 37183053111","2020","29.8%","",,"Distance to Parks: 1/2 Mile"
"37","North Carolina","37183053111","Wake County, NC - 37183053111","2020","54.8%","",,"Distance to Parks: 1 Mile"
"37","North Carolina","37183053112","Wake County, NC - 37183053112","2020","53.0%","",,"Distance to Parks: 1/2 Mile"
"37","North Carolina","37183053112","Wake County, NC - 37183053112","2020","82.7%","",,"Distance to Parks: 1 Mile"
"37","North Carolina","37183053113","Wake County, NC - 37183053113","2020","50.6%","",,"Distance to Parks: 1/2 Mile"
"37","North Carolina","37183053113","Wake County, NC - 37183053113","2020","76.2%","",,"Distance to Parks: 1 Mile"
"37","North Carolina","37183053114","Wake County, NC - 37183053114","2020","26.7%","",,"Distance to Parks: 1/2 Mile"
"37","North Carolina","37183053114","Wake County, NC - 37183053114","2020","49.3%","",,"Distance to Parks: 1 Mile"
"37","North Carolina","37183053115","Wake County, NC - 37183053115","2020","0.0%","",,"Distance to Parks: 1/2 Mile"
"37","North Carolina","37183053115","Wake County, NC - 37183053115","2020","0.0%","",,"Distance to Parks: 1 Mile"
"37","North Carolina","37183053202","Wake County, NC - 37183053202","2020","38.3%","",,"Distance to Parks: 1/2 Mile"
"37","North Carolina","37183053202","Wake County, NC - 37183053202","2020","95.8%","",,"Distance to Parks: 1 Mile"
"37","North Carolina","37183053203","Wake County, NC - 37183053203","2020","87.7%","",,"Distance to Parks: 1/2 Mile"
"37","North Carolina","37183053203","Wake County, NC - 37183053203","2020","100.0%","",,"Distance to Parks: 1 Mile"
"37","North Carolina","37183053204","Wake County, NC - 37183053204","2020","100.0%","",,"Distance to Parks: 1/2 Mile"
"37","North Carolina","37183053204","Wake County, NC - 37183053204","2020","100.0%","",,"Distance to Parks: 1 Mile"
"37","North Carolina","37183053205","Wake County, NC - 37183053205","2020","68.9%","",,"Distance to Parks: 1/2 Mile"
"37","North Carolina","37183053205","Wake County, NC - 37183053205","2020","98.7%","",,"Distance to Parks: 1 Mile"
"37","North Carolina","37183053206","Wake County, NC - 37183053206","2020","42.0%","",,"Distance to Parks: 1/2 Mile"
"37","North Carolina","37183053206","Wake County, NC - 37183053206","2020","93.5%","",,"Distance to Parks: 1 Mile"
"37","North Carolina","37183053208","Wake County, NC - 37183053208","2020","51.6%","",,"Distance to Parks: 1/2 Mile"
"37","North Carolina","37183053208","Wake County, NC - 37183053208","2020","95.4%","",,"Distance to Parks: 1 Mile"
"37","North Carolina","37183053209","Wake County, NC - 37183053209","2020","64.7%","",,"Distance to Parks: 1/2 Mile"
"37","North Carolina","37183053209","Wake County, NC - 37183053209","2020","85.1%","",,"Distance to Parks: 1 Mile"
"37","North Carolina","37183053210","Wake County, NC - 37183053210","2020","50.5%","",,"Distance to Parks: 1/2 Mile"
"37","North Carolina","37183053210","Wake County, NC - 37183053210","2020","92.5%","",,"Distance to Parks: 1 Mile"
"37","North Carolina","37183053211","Wake County, NC - 37183053211","2020","50.9%","",,"Distance to Parks: 1/2 Mile"
"37","North Carolina","37183053211","Wake County, NC - 37183053211","2020","90.7%","",,"Distance to Parks: 1 Mile"
"37","North Carolina","37183053405","Wake County, NC - 37183053405","2020","85.3%","",,"Distance to Parks: 1/2 Mile"
"37","North Carolina","37183053405","Wake County, NC - 37183053405","2020","100.0%","",,"Distance to Parks: 1 Mile"
"37","North Carolina","37183053408","Wake County, NC - 37183053408","2020","98.4%","",,"Distance to Parks: 1/2 Mile"
"37","North Carolina","37183053408","Wake County, NC - 37183053408","2020","100.0%","",,"Distance to Parks: 1 Mile"
"37","North Carolina","37183053409","Wake County, NC - 37183053409","2020","96.9%","",,"Distance to Parks: 1/2 Mile"
"37","North Carolina","37183053409","Wake County, NC - 37183053409","2020","100.0%","",,"Distance to Parks: 1 Mile"
"37","North Carolina","37183053410","Wake County, NC - 37183053410","2020","74.7%","",,"Distance to Parks: 1/2 Mile"
"37","North Carolina","37183053410","Wake County, NC - 37183053410","2020","100.0%","",,"Distance to Parks: 1 Mile"
"37","North Carolina","37183053411","Wake County, NC - 37183053411","2020","91.8%","",,"Distance to Parks: 1/2 Mile"
"37","North Carolina","37183053411","Wake County, NC - 37183053411","2020","100.0%","",,"Distance to Parks: 1 Mile"
"37","North Carolina","37183053415","Wake County, NC - 37183053415","2020","95.8%","",,"Distance to Parks: 1/2 Mile"
"37","North Carolina","37183053415","Wake County, NC - 37183053415","2020","100.0%","",,"Distance to Parks: 1 Mile"
"37","North Carolina","37183053417","Wake County, NC - 37183053417","2020","81.3%","",,"Distance to Parks: 1/2 Mile"
"37","North Carolina","37183053417","Wake County, NC - 37183053417","2020","100.0%","",,"Distance to Parks: 1 Mile"
"37","North Carolina","37183053419","Wake County, NC - 37183053419","2020","74.8%","",,"Distance to Parks: 1/2 Mile"
"37","North Carolina","37183053419","Wake County, NC - 37183053419","2020","100.0%","",,"Distance to Parks: 1 Mile"
"37","North Carolina","37183053421","Wake County, NC - 37183053421","2020","1.9%","",,"Distance to Parks: 1/2 Mile"
"37","North Carolina","37183053421","Wake County, NC - 37183053421","2020","44.4%","",,"Distance to Parks: 1 Mile"
"37","North Carolina","37183053422","Wake County, NC - 37183053422","2020","100.0%","",,"Distance to Parks: 1/2 Mile"
"37","North Carolina","37183053422","Wake County, NC - 37183053422","2020","100.0%","",,"Distance to Parks: 1 Mile"
"37","North Carolina","37183053423","Wake County, NC - 37183053423","2020","92.7%","",,"Distance to Parks: 1/2 Mile"
"37","North Carolina","37183053423","Wake County, NC - 37183053423","2020","100.0%","",,"Distance to Parks: 1 Mile"
"37","North Carolina","37183053424","Wake County, NC - 37183053424","2020","95.7%","",,"Distance to Parks: 1/2 Mile"
"37","North Carolina","37183053424","Wake County, NC - 37183053424","2020","100.0%","",,"Distance to Parks: 1 Mile"
"37","North Carolina","37183053425","Wake County, NC - 37183053425","2020","78.5%","",,"Distance to Parks: 1/2 Mile"
"37","North Carolina","37183053425","Wake County, NC - 37183053425","2020","100.0%","",,"Distance to Parks: 1 Mile"
"37","North Carolina","37183053426","Wake County, NC - 37183053426","2020","65.0%","",,"Distance to Parks: 1/2 Mile"
"37","North Carolina","37183053426","Wake County, NC - 37183053426","2020","99.5%","",,"Distance to Parks: 1 Mile"
"37","North Carolina","37183053427","Wake County, NC - 37183053427","2020","47.8%","",,"Distance to Parks: 1/2 Mile"
"37","North Carolina","37183053427","Wake County, NC - 37183053427","2020","98.7%","",,"Distance to Parks: 1 Mile"
"37","North Carolina","37183053428","Wake County, NC - 37183053428","2020","49.8%","",,"Distance to Parks: 1/2 Mile"
"37","North Carolina","37183053428","Wake County, NC - 37183053428","2020","84.5%","",,"Distance to Parks: 1 Mile"
"37","North Carolina","37183053429","Wake County, NC - 37183053429","2020","99.7%","",,"Distance to Parks: 1/2 Mile"
"37","North Carolina","37183053429","Wake County, NC - 37183053429","2020","100.0%","",,"Distance to Parks: 1 Mile"
"37","North Carolina","37183053430","Wake County, NC - 37183053430","2020","99.0%","",,"Distance to Parks: 1/2 Mile"
"37","North Carolina","37183053430","Wake County, NC - 37183053430","2020","100.0%","",,"Distance to Parks: 1 Mile"
"37","North Carolina","37183053431","Wake County, NC - 37183053431","2020","23.3%","",,"Distance to Parks: 1/2 Mile"
"37","North Carolina","37183053431","Wake County, NC - 37183053431","2020","69.1%","",,"Distance to Parks: 1 Mile"
"37","North Carolina","37183053432","Wake County, NC - 37183053432","2020","62.0%","",,"Distance to Parks: 1/2 Mile"
"37","North Carolina","37183053432","Wake County, NC - 37183053432","2020","96.1%","",,"Distance to Parks: 1 Mile"
"37","North Carolina","37183053433","Wake County, NC - 37183053433","2020","60.8%","",,"Distance to Parks: 1/2 Mile"
"37","North Carolina","37183053433","Wake County, NC - 37183053433","2020","100.0%","",,"Distance to Parks: 1 Mile"
"37","North Carolina","37183053434","Wake County, NC - 37183053434","2020","91.4%","",,"Distance to Parks: 1/2 Mile"
"37","North Carolina","37183053434","Wake County, NC - 37183053434","2020","100.0%","",,"Distance to Parks: 1 Mile"
"37","North Carolina","37183053435","Wake County, NC - 37183053435","2020","98.4%","",,"Distance to Parks: 1/2 Mile"
"37","North Carolina","37183053435","Wake County, NC - 37183053435","2020","100.0%","",,"Distance to Parks: 1 Mile"
"37","North Carolina","37183053436","Wake County, NC - 37183053436","2020","93.2%","",,"Distance to Parks: 1/2 Mile"
"37","North Carolina","37183053436","Wake County, NC - 37183053436","2020","100.0%","",,"Distance to Parks: 1 Mile"
"37","North Carolina","37183053505","Wake County, NC - 37183053505","2020","100.0%","",,"Distance to Parks: 1/2 Mile"
"37","North Carolina","37183053505","Wake County, NC - 37183053505","2020","100.0%","",,"Distance to Parks: 1 Mile"
"37","North Carolina","37183053506","Wake County, NC - 37183053506","2020","93.1%","",,"Distance to Parks: 1/2 Mile"
"37","North Carolina","37183053506","Wake County, NC - 37183053506","2020","100.0%","",,"Distance to Parks: 1 Mile"
"37","North Carolina","37183053507","Wake County, NC - 37183053507","2020","100.0%","",,"Distance to Parks: 1/2 Mile"
"37","North Carolina","37183053507","Wake County, NC - 37183053507","2020","100.0%","",,"Distance to Parks: 1 Mile"
"37","North Carolina","37183053509","Wake County, NC - 37183053509","2020","62.6%","",,"Distance to Parks: 1/2 Mile"
"37","North Carolina","37183053509","Wake County, NC - 37183053509","2020","100.0%","",,"Distance to Parks: 1 Mile"
"37","North Carolina","37183053512","Wake County, NC - 37183053512","2020","85.2%","",,"Distance to Parks: 1/2 Mile"
"37","North Carolina","37183053512","Wake County, NC - 37183053512","2020","100.0%","",,"Distance to Parks: 1 Mile"
"37","North Carolina","37183053513","Wake County, NC - 37183053513","2020","100.0%","",,"Distance to Parks: 1/2 Mile"
"37","North Carolina","37183053513","Wake County, NC - 37183053513","2020","100.0%","",,"Distance to Parks: 1 Mile"
"37","North Carolina","37183053516","Wake County, NC - 37183053516","2020","100.0%","",,"Distance to Parks: 1/2 Mile"
"37","North Carolina","37183053516","Wake County, NC - 37183053516","2020","100.0%","",,"Distance to Parks: 1 Mile"
"37","North Carolina","37183053517","Wake County, NC - 37183053517","2020","100.0%","",,"Distance to Parks: 1/2 Mile"
"37","North Carolina","37183053517","Wake County, NC - 37183053517","2020","100.0%","",,"Distance to Parks: 1 Mile"
"37","North Carolina","37183053518","Wake County, NC - 37183053518","2020","97.6%","",,"Distance to Parks: 1/2 Mile"
"37","North Carolina","37183053518","Wake County, NC - 37183053518","2020","100.0%","",,"Distance to Parks: 1 Mile"
"37","North Carolina","37183053519","Wake County, NC - 37183053519","2020","50.6%","",,"Distance to Parks: 1/2 Mile"
"37","North Carolina","37183053519","Wake County, NC - 37183053519","2020","100.0%","",,"Distance to Parks: 1 Mile"
"37","North Carolina","37183053520","Wake County, NC - 37183053520","2020","87.3%","",,"Distance to Parks: 1/2 Mile"
"37","North Carolina","37183053520","Wake County, NC - 37183053520","2020","100.0%","",,"Distance to Parks: 1 Mile"
"37","North Carolina","37183053521","Wake County, NC - 37183053521","2020","50.6%","",,"Distance to Parks: 1/2 Mile"
"37","North Carolina","37183053521","Wake County, NC - 37183053521","2020","95.3%","",,"Distance to Parks: 1 Mile"
"37","North Carolina","37183053522","Wake County, NC - 37183053522","2020","55.8%","",,"Distance to Parks: 1/2 Mile"
"37","North Carolina","37183053522","Wake County, NC - 37183053522","2020","100.0%","",,"Distance to Parks: 1 Mile"
"37","North Carolina","37183053523","Wake County, NC - 37183053523","2020","100.0%","",,"Distance to Parks: 1/2 Mile"
"37","North Carolina","37183053523","Wake County, NC - 37183053523","2020","100.0%","",,"Distance to Parks: 1 Mile"
"37","North Carolina","37183053524","Wake County, NC - 37183053524","2020","100.0%","",,"Distance to Parks: 1/2 Mile"
"37","North Carolina","37183053524","Wake County, NC - 37183053524","2020","100.0%","",,"Distance to Parks: 1 Mile"
"37","North Carolina","37183053525","Wake County, NC - 37183053525","2020","92.0%","",,"Distance to Parks: 1/2 Mile"
"37","North Carolina","37183053525","Wake County, NC - 37183053525","2020","100.0%","",,"Distance to Parks: 1 Mile"
"37","North Carolina","37183053603","Wake County, NC - 37183053603","2020","91.4%","",,"Distance to Parks: 1/2 Mile"
"37","North Carolina","37183053603","Wake County, NC - 37183053603","2020","100.0%","",,"Distance to Parks: 1 Mile"
"37","North Carolina","37183053604","Wake County, NC - 37183053604","2020","99.7%","",,"Distance to Parks: 1/2 Mile"
"37","North Carolina","37183053604","Wake County, NC - 37183053604","2020","100.0%","",,"Distance to Parks: 1 Mile"
"37","North Carolina","37183053608","Wake County, NC - 37183053608","2020","39.0%","",,"Distance to Parks: 1/2 Mile"
"37","North Carolina","37183053608","Wake County, NC - 37183053608","2020","68.6%","",,"Distance to Parks: 1 Mile"
"37","North Carolina","37183053609","Wake County, NC - 37183053609","2020","52.4%","",,"Distance to Parks: 1/2 Mile"
"37","North Carolina","37183053609","Wake County, NC - 37183053609","2020","89.1%","",,"Distance to Parks: 1 Mile"
"37","North Carolina","37183053611","Wake County, NC - 37183053611","2020","100.0%","",,"Distance to Parks: 1/2 Mile"
"37","North Carolina","37183053611","Wake County, NC - 37183053611","2020","100.0%","",,"Distance to Parks: 1 Mile"
"37","North Carolina","37183053612","Wake County, NC - 37183053612","2020","100.0%","",,"Distance to Parks: 1/2 Mile"
"37","North Carolina","37183053612","Wake County, NC - 37183053612","2020","100.0%","",,"Distance to Parks: 1 Mile"
"37","North Carolina","37183053613","Wake County, NC - 37183053613","2020","21.1%","",,"Distance to Parks: 1/2 Mile"
"37","North Carolina","37183053613","Wake County, NC - 37183053613","2020","65.0%","",,"Distance to Parks: 1 Mile"
"37","North Carolina","37183053614","Wake County, NC - 37183053614","2020","43.1%","",,"Distance to Parks: 1/2 Mile"
"37","North Carolina","37183053614","Wake County, NC - 37183053614","2020","90.1%","",,"Distance to Parks: 1 Mile"
"37","North Carolina","37183053615","Wake County, NC - 37183053615","2020","56.5%","",,"Distance to Parks: 1/2 Mile"
"37","North Carolina","37183053615","Wake County, NC - 37183053615","2020","98.3%","",,"Distance to Parks: 1 Mile"
"37","North Carolina","37183053616","Wake County, NC - 37183053616","2020","95.9%","",,"Distance to Parks: 1/2 Mile"
"37","North Carolina","37183053616","Wake County, NC - 37183053616","2020","100.0%","",,"Distance to Parks: 1 Mile"
"37","North Carolina","37183053617","Wake County, NC - 37183053617","2020","78.2%","",,"Distance to Parks: 1/2 Mile"
"37","North Carolina","37183053617","Wake County, NC - 37183053617","2020","100.0%","",,"Distance to Parks: 1 Mile"
"37","North Carolina","37183053618","Wake County, NC - 37183053618","2020","73.1%","",,"Distance to Parks: 1/2 Mile"
"37","North Carolina","37183053618","Wake County, NC - 37183053618","2020","100.0%","",,"Distance to Parks: 1 Mile"
"37","North Carolina","37183053619","Wake County, NC - 37183053619","2020","31.3%","",,"Distance to Parks: 1/2 Mile"
"37","North Carolina","37183053619","Wake County, NC - 37183053619","2020","82.5%","",,"Distance to Parks: 1 Mile"
"37","North Carolina","37183053620","Wake County, NC - 37183053620","2020","74.9%","",,"Distance to Parks: 1/2 Mile"
"37","North Carolina","37183053620","Wake County, NC - 37183053620","2020","100.0%","",,"Distance to Parks: 1 Mile"
"37","North Carolina","37183053711","Wake County, NC - 37183053711","2020","99.6%","",,"Distance to Parks: 1/2 Mile"
"37","North Carolina","37183053711","Wake County, NC - 37183053711","2020","100.0%","",,"Distance to Parks: 1 Mile"
"37","North Carolina","37183053712","Wake County, NC - 37183053712","2020","75.6%","",,"Distance to Parks: 1/2 Mile"
"37","North Carolina","37183053712","Wake County, NC - 37183053712","2020","100.0%","",,"Distance to Parks: 1 Mile"
"37","North Carolina","37183053713","Wake County, NC - 37183053713","2020","100.0%","",,"Distance to Parks: 1/2 Mile"
"37","North Carolina","37183053713","Wake County, NC - 37183053713","2020","100.0%","",,"Distance to Parks: 1 Mile"
"37","North Carolina","37183053714","Wake County, NC - 37183053714","2020","68.6%","",,"Distance to Parks: 1/2 Mile"
"37","North Carolina","37183053714","Wake County, NC - 37183053714","2020","100.0%","",,"Distance to Parks: 1 Mile"
"37","North Carolina","37183053715","Wake County, NC - 37183053715","2020","92.0%","",,"Distance to Parks: 1/2 Mile"
"37","North Carolina","37183053715","Wake County, NC - 37183053715","2020","100.0%","",,"Distance to Parks: 1 Mile"
"37","North Carolina","37183053716","Wake County, NC - 37183053716","2020","100.0%","",,"Distance to Parks: 1/2 Mile"
"37","North Carolina","37183053716","Wake County, NC - 37183053716","2020","100.0%","",,"Distance to Parks: 1 Mile"
"37","North Carolina","37183053717","Wake County, NC - 37183053717","2020","63.5%","",,"Distance to Parks: 1/2 Mile"
"37","North Carolina","37183053717","Wake County, NC - 37183053717","2020","85.9%","",,"Distance to Parks: 1 Mile"
"37","North Carolina","37183053718","Wake County, NC - 37183053718","2020","93.1%","",,"Distance to Parks: 1/2 Mile"
"37","North Carolina","37183053718","Wake County, NC - 37183053718","2020","100.0%","",,"Distance to Parks: 1 Mile"
"37","North Carolina","37183053719","Wake County, NC - 37183053719","2020","59.9%","",,"Distance to Parks: 1/2 Mile"
"37","North Carolina","37183053719","Wake County, NC - 37183053719","2020","99.7%","",,"Distance to Parks: 1 Mile"
"37","North Carolina","37183053720","Wake County, NC - 37183053720","2020","22.0%","",,"Distance to Parks: 1/2 Mile"
"37","North Carolina","37183053720","Wake County, NC - 37183053720","2020","65.4%","",,"Distance to Parks: 1 Mile"
"37","North Carolina","37183053721","Wake County, NC - 37183053721","2020","36.9%","",,"Distance to Parks: 1/2 Mile"
"37","North Carolina","37183053721","Wake County, NC - 37183053721","2020","78.6%","",,"Distance to Parks: 1 Mile"
"37","North Carolina","37183053722","Wake County, NC - 37183053722","2020","76.1%","",,"Distance to Parks: 1/2 Mile"
"37","North Carolina","37183053722","Wake County, NC - 37183053722","2020","100.0%","",,"Distance to Parks: 1 Mile"
"37","North Carolina","37183053723","Wake County, NC - 37183053723","2020","100.0%","",,"Distance to Parks: 1/2 Mile"
"37","North Carolina","37183053723","Wake County, NC - 37183053723","2020","100.0%","",,"Distance to Parks: 1 Mile"
"37","North Carolina","37183053724","Wake County, NC - 37183053724","2020","62.6%","",,"Distance to Parks: 1/2 Mile"
"37","North Carolina","37183053724","Wake County, NC - 37183053724","2020","100.0%","",,"Distance to Parks: 1 Mile"
"37","North Carolina","37183053725","Wake County, NC - 37183053725","2020","99.3%","",,"Distance to Parks: 1/2 Mile"
"37","North Carolina","37183053725","Wake County, NC - 37183053725","2020","100.0%","",,"Distance to Parks: 1 Mile"
"37","North Carolina","37183053726","Wake County, NC - 37183053726","2020","99.8%","",,"Distance to Parks: 1/2 Mile"
"37","North Carolina","37183053726","Wake County, NC - 37183053726","2020","100.0%","",,"Distance to Parks: 1 Mile"
"37","North Carolina","37183053727","Wake County, NC - 37183053727","2020","95.6%","",,"Distance to Parks: 1/2 Mile"
"37","North Carolina","37183053727","Wake County, NC - 37183053727","2020","100.0%","",,"Distance to Parks: 1 Mile"
"37","North Carolina","37183053728","Wake County, NC - 37183053728","2020","86.2%","",,"Distance to Parks: 1/2 Mile"
"37","North Carolina","37183053728","Wake County, NC - 37183053728","2020","100.0%","",,"Distance to Parks: 1 Mile"
"37","North Carolina","37183053729","Wake County, NC - 37183053729","2020","88.3%","",,"Distance to Parks: 1/2 Mile"
"37","North Carolina","37183053729","Wake County, NC - 37183053729","2020","100.0%","",,"Distance to Parks: 1 Mile"
"37","North Carolina","37183053730","Wake County, NC - 37183053730","2020","100.0%","",,"Distance to Parks: 1/2 Mile"
"37","North Carolina","37183053730","Wake County, NC - 37183053730","2020","100.0%","",,"Distance to Parks: 1 Mile"
"37","North Carolina","37183053803","Wake County, NC - 37183053803","2020","0.0%","",,"Distance to Parks: 1/2 Mile"
"37","North Carolina","37183053803","Wake County, NC - 37183053803","2020","13.8%","",,"Distance to Parks: 1 Mile"
"37","North Carolina","37183053804","Wake County, NC - 37183053804","2020","67.3%","",,"Distance to Parks: 1/2 Mile"
"37","North Carolina","37183053804","Wake County, NC - 37183053804","2020","92.6%","",,"Distance to Parks: 1 Mile"
"37","North Carolina","37183053805","Wake County, NC - 37183053805","2020","89.2%","",,"Distance to Parks: 1/2 Mile"
"37","North Carolina","37183053805","Wake County, NC - 37183053805","2020","100.0%","",,"Distance to Parks: 1 Mile"
"37","North Carolina","37183053806","Wake County, NC - 37183053806","2020","17.2%","",,"Distance to Parks: 1/2 Mile"
"37","North Carolina","37183053806","Wake County, NC - 37183053806","2020","49.2%","",,"Distance to Parks: 1 Mile"
"37","North Carolina","37183053807","Wake County, NC - 37183053807","2020","43.1%","",,"Distance to Parks: 1/2 Mile"
"37","North Carolina","37183053807","Wake County, NC - 37183053807","2020","74.2%","",,"Distance to Parks: 1 Mile"
"37","North Carolina","37183053808","Wake County, NC - 37183053808","2020","74.1%","",,"Distance to Parks: 1/2 Mile"
"37","North Carolina","37183053808","Wake County, NC - 37183053808","2020","94.8%","",,"Distance to Parks: 1 Mile"
"37","North Carolina","37183053901","Wake County, NC - 37183053901","2020","69.1%","",,"Distance to Parks: 1/2 Mile"
"37","North Carolina","37183053901","Wake County, NC - 37183053901","2020","95.1%","",,"Distance to Parks: 1 Mile"
"37","North Carolina","37183053902","Wake County, NC - 37183053902","2020","67.5%","",,"Distance to Parks: 1/2 Mile"
"37","North Carolina","37183053902","Wake County, NC - 37183053902","2020","87.7%","",,"Distance to Parks: 1 Mile"
"37","North Carolina","37183054001","Wake County, NC - 37183054001","2020","96.5%","",,"Distance to Parks: 1/2 Mile"
"37","North Carolina","37183054001","Wake County, NC - 37183054001","2020","100.0%","",,"Distance to Parks: 1 Mile"
"37","North Carolina","37183054004","Wake County, NC - 37183054004","2020","94.3%","",,"Distance to Parks: 1/2 Mile"
"37","North Carolina","37183054004","Wake County, NC - 37183054004","2020","100.0%","",,"Distance to Parks: 1 Mile"
"37","North Carolina","37183054006","Wake County, NC - 37183054006","2020","93.1%","",,"Distance to Parks: 1/2 Mile"
"37","North Carolina","37183054006","Wake County, NC - 37183054006","2020","100.0%","",,"Distance to Parks: 1 Mile"
"37","North Carolina","37183054007","Wake County, NC - 37183054007","2020","90.6%","",,"Distance to Parks: 1/2 Mile"
"37","North Carolina","37183054007","Wake County, NC - 37183054007","2020","100.0%","",,"Distance to Parks: 1 Mile"
"37","North Carolina","37183054008","Wake County, NC - 37183054008","2020","90.7%","",,"Distance to Parks: 1/2 Mile"
"37","North Carolina","37183054008","Wake County, NC - 37183054008","2020","100.0%","",,"Distance to Parks: 1 Mile"
"37","North Carolina","37183054011","Wake County, NC - 37183054011","2020","10.7%","",,"Distance to Parks: 1/2 Mile"
"37","North Carolina","37183054011","Wake County, NC - 37183054011","2020","97.6%","",,"Distance to Parks: 1 Mile"
"37","North Carolina","37183054012","Wake County, NC - 37183054012","2020","60.9%","",,"Distance to Parks: 1/2 Mile"
"37","North Carolina","37183054012","Wake County, NC - 37183054012","2020","100.0%","",,"Distance to Parks: 1 Mile"
"37","North Carolina","37183054015","Wake County, NC - 37183054015","2020","86.4%","",,"Distance to Parks: 1/2 Mile"
"37","North Carolina","37183054015","Wake County, NC - 37183054015","2020","100.0%","",,"Distance to Parks: 1 Mile"
"37","North Carolina","37183054016","Wake County, NC - 37183054016","2020","99.0%","",,"Distance to Parks: 1/2 Mile"
"37","North Carolina","37183054016","Wake County, NC - 37183054016","2020","100.0%","",,"Distance to Parks: 1 Mile"
"37","North Carolina","37183054017","Wake County, NC - 37183054017","2020","79.9%","",,"Distance to Parks: 1/2 Mile"
"37","North Carolina","37183054017","Wake County, NC - 37183054017","2020","100.0%","",,"Distance to Parks: 1 Mile"
"37","North Carolina","37183054018","Wake County, NC - 37183054018","2020","71.5%","",,"Distance to Parks: 1/2 Mile"
"37","North Carolina","37183054018","Wake County, NC - 37183054018","2020","100.0%","",,"Distance to Parks: 1 Mile"
"37","North Carolina","37183054019","Wake County, NC - 37183054019","2020","91.6%","",,"Distance to Parks: 1/2 Mile"
"37","North Carolina","37183054019","Wake County, NC - 37183054019","2020","100.0%","",,"Distance to Parks: 1 Mile"
"37","North Carolina","37183054020","Wake County, NC - 37183054020","2020","78.5%","",,"Distance to Parks: 1/2 Mile"
"37","North Carolina","37183054020","Wake County, NC - 37183054020","2020","100.0%","",,"Distance to Parks: 1 Mile"
"37","North Carolina","37183054021","Wake County, NC - 37183054021","2020","86.5%","",,"Distance to Parks: 1/2 Mile"
"37","North Carolina","37183054021","Wake County, NC - 37183054021","2020","100.0%","",,"Distance to Parks: 1 Mile"
"37","North Carolina","37183054022","Wake County, NC - 37183054022","2020","92.8%","",,"Distance to Parks: 1/2 Mile"
"37","North Carolina","37183054022","Wake County, NC - 37183054022","2020","100.0%","",,"Distance to Parks: 1 Mile"
"37","North Carolina","37183054023","Wake County, NC - 37183054023","2020","100.0%","",,"Distance to Parks: 1/2 Mile"
"37","North Carolina","37183054023","Wake County, NC - 37183054023","2020","100.0%","",,"Distance to Parks: 1 Mile"
"37","North Carolina","37183054106","Wake County, NC - 37183054106","2020","88.6%","",,"Distance to Parks: 1/2 Mile"
"37","North Carolina","37183054106","Wake County, NC - 37183054106","2020","100.0%","",,"Distance to Parks: 1 Mile"
"37","North Carolina","37183054108","Wake County, NC - 37183054108","2020","56.2%","",,"Distance to Parks: 1/2 Mile"
"37","North Carolina","37183054108","Wake County, NC - 37183054108","2020","97.9%","",,"Distance to Parks: 1 Mile"
"37","North Carolina","37183054109","Wake County, NC - 37183054109","2020","49.5%","",,"Distance to Parks: 1/2 Mile"
"37","North Carolina","37183054109","Wake County, NC - 37183054109","2020","81.1%","",,"Distance to Parks: 1 Mile"
"37","North Carolina","37183054111","Wake County, NC - 37183054111","2020","23.7%","",,"Distance to Parks: 1/2 Mile"
"37","North Carolina","37183054111","Wake County, NC - 37183054111","2020","54.2%","",,"Distance to Parks: 1 Mile"
"37","North Carolina","37183054112","Wake County, NC - 37183054112","2020","43.4%","",,"Distance to Parks: 1/2 Mile"
"37","North Carolina","37183054112","Wake County, NC - 37183054112","2020","81.6%","",,"Distance to Parks: 1 Mile"
"37","North Carolina","37183054113","Wake County, NC - 37183054113","2020","53.5%","",,"Distance to Parks: 1/2 Mile"
"37","North Carolina","37183054113","Wake County, NC - 37183054113","2020","93.7%","",,"Distance to Parks: 1 Mile"
"37","North Carolina","37183054114","Wake County, NC - 37183054114","2020","59.8%","",,"Distance to Parks: 1/2 Mile"
"37","North Carolina","37183054114","Wake County, NC - 37183054114","2020","83.9%","",,"Distance to Parks: 1 Mile"
"37","North Carolina","37183054115","Wake County, NC - 37183054115","2020","55.3%","",,"Distance to Parks: 1/2 Mile"
"37","North Carolina","37183054115","Wake County, NC - 37183054115","2020","90.4%","",,"Distance to Parks: 1 Mile"
"37","North Carolina","37183054116","Wake County, NC - 37183054116","2020","78.7%","",,"Distance to Parks: 1/2 Mile"
"37","North Carolina","37183054116","Wake County, NC - 37183054116","2020","100.0%","",,"Distance to Parks: 1 Mile"
"37","North Carolina","37183054117","Wake County, NC - 37183054117","2020","96.4%","",,"Distance to Parks: 1/2 Mile"
"37","North Carolina","37183054117","Wake County, NC - 37183054117","2020","100.0%","",,"Distance to Parks: 1 Mile"
"37","North Carolina","37183054118","Wake County, NC - 37183054118","2020","61.3%","",,"Distance to Parks: 1/2 Mile"
"37","North Carolina","37183054118","Wake County, NC - 37183054118","2020","100.0%","",,"Distance to Parks: 1 Mile"
"37","North Carolina","37183054119","Wake County, NC - 37183054119","2020","94.8%","",,"Distance to Parks: 1/2 Mile"
"37","North Carolina","37183054119","Wake County, NC - 37183054119","2020","100.0%","",,"Distance to Parks: 1 Mile"
"37","North Carolina","37183054120","Wake County, NC - 37183054120","2020","65.1%","",,"Distance to Parks: 1/2 Mile"
"37","North Carolina","37183054120","Wake County, NC - 37183054120","2020","98.0%","",,"Distance to Parks: 1 Mile"
"37","North Carolina","37183054121","Wake County, NC - 37183054121","2020","64.0%","",,"Distance to Parks: 1/2 Mile"
"37","North Carolina","37183054121","Wake County, NC - 37183054121","2020","99.8%","",,"Distance to Parks: 1 Mile"
"37","North Carolina","37183054203","Wake County, NC - 37183054203","2020","7.6%","",,"Distance to Parks: 1/2 Mile"
"37","North Carolina","37183054203","Wake County, NC - 37183054203","2020","53.7%","",,"Distance to Parks: 1 Mile"
"37","North Carolina","37183054204","Wake County, NC - 37183054204","2020","96.5%","",,"Distance to Parks: 1/2 Mile"
"37","North Carolina","37183054204","Wake County, NC - 37183054204","2020","100.0%","",,"Distance to Parks: 1 Mile"
"37","North Carolina","37183054206","Wake County, NC - 37183054206","2020","96.4%","",,"Distance to Parks: 1/2 Mile"
"37","North Carolina","37183054206","Wake County, NC - 37183054206","2020","100.0%","",,"Distance to Parks: 1 Mile"
"37","North Carolina","37183054212","Wake County, NC - 37183054212","2020","96.1%","",,"Distance to Parks: 1/2 Mile"
"37","North Carolina","37183054212","Wake County, NC - 37183054212","2020","100.0%","",,"Distance to Parks: 1 Mile"
"37","North Carolina","37183054213","Wake County, NC - 37183054213","2020","100.0%","",,"Distance to Parks: 1/2 Mile"
"37","North Carolina","37183054213","Wake County, NC - 37183054213","2020","100.0%","",,"Distance to Parks: 1 Mile"
"37","North Carolina","37183054214","Wake County, NC - 37183054214","2020","37.5%","",,"Distance to Parks: 1/2 Mile"
"37","North Carolina","37183054214","Wake County, NC - 37183054214","2020","73.4%","",,"Distance to Parks: 1 Mile"
"37","North Carolina","37183054215","Wake County, NC - 37183054215","2020","17.3%","",,"Distance to Parks: 1/2 Mile"
"37","North Carolina","37183054215","Wake County, NC - 37183054215","2020","38.6%","",,"Distance to Parks: 1 Mile"
"37","North Carolina","37183054216","Wake County, NC - 37183054216","2020","42.7%","",,"Distance to Parks: 1/2 Mile"
"37","North Carolina","37183054216","Wake County, NC - 37183054216","2020","73.3%","",,"Distance to Parks: 1 Mile"
"37","North Carolina","37183054217","Wake County, NC - 37183054217","2020","56.7%","",,"Distance to Parks: 1/2 Mile"
"37","North Carolina","37183054217","Wake County, NC - 37183054217","2020","90.4%","",,"Distance to Parks: 1 Mile"
"37","North Carolina","37183054218","Wake County, NC - 37183054218","2020","57.1%","",,"Distance to Parks: 1/2 Mile"
"37","North Carolina","37183054218","Wake County, NC - 37183054218","2020","89.8%","",,"Distance to Parks: 1 Mile"
"37","North Carolina","37183054219","Wake County, NC - 37183054219","2020","86.4%","",,"Distance to Parks: 1/2 Mile"
"37","North Carolina","37183054219","Wake County, NC - 37183054219","2020","100.0%","",,"Distance to Parks: 1 Mile"
"37","North Carolina","37183054220","Wake County, NC - 37183054220","2020","88.6%","",,"Distance to Parks: 1/2 Mile"
"37","North Carolina","37183054220","Wake County, NC - 37183054220","2020","100.0%","",,"Distance to Parks: 1 Mile"
"37","North Carolina","37183054221","Wake County, NC - 37183054221","2020","21.5%","",,"Distance to Parks: 1/2 Mile"
"37","North Carolina","37183054221","Wake County, NC - 37183054221","2020","40.1%","",,"Distance to Parks: 1 Mile"
"37","North Carolina","37183054222","Wake County, NC - 37183054222","2020","62.7%","",,"Distance to Parks: 1/2 Mile"
"37","North Carolina","37183054222","Wake County, NC - 37183054222","2020","96.9%","",,"Distance to Parks: 1 Mile"
"37","North Carolina","37183054223","Wake County, NC - 37183054223","2020","95.1%","",,"Distance to Parks: 1/2 Mile"
"37","North Carolina","37183054223","Wake County, NC - 37183054223","2020","100.0%","",,"Distance to Parks: 1 Mile"
"37","North Carolina","37183054224","Wake County, NC - 37183054224","2020","100.0%","",,"Distance to Parks: 1/2 Mile"
"37","North Carolina","37183054224","Wake County, NC - 37183054224","2020","100.0%","",,"Distance to Parks: 1 Mile"
"37","North Carolina","37183054303","Wake County, NC - 37183054303","2020","51.0%","",,"Distance to Parks: 1/2 Mile"
"37","North Carolina","37183054303","Wake County, NC - 37183054303","2020","69.6%","",,"Distance to Parks: 1 Mile"
"37","North Carolina","37183054304","Wake County, NC - 37183054304","2020","18.4%","",,"Distance to Parks: 1/2 Mile"
"37","North Carolina","37183054304","Wake County, NC - 37183054304","2020","38.1%","",,"Distance to Parks: 1 Mile"
"37","North Carolina","37183054305","Wake County, NC - 37183054305","2020","37.0%","",,"Distance to Parks: 1/2 Mile"
"37","North Carolina","37183054305","Wake County, NC - 37183054305","2020","56.5%","",,"Distance to Parks: 1 Mile"
"37","North Carolina","37183054306","Wake County, NC - 37183054306","2020","33.4%","",,"Distance to Parks: 1/2 Mile"
"37","North Carolina","37183054306","Wake County, NC - 37183054306","2020","77.2%","",,"Distance to Parks: 1 Mile"
"37","North Carolina","37183054402","Wake County, NC - 37183054402","2020","57.3%","",,"Distance to Parks: 1/2 Mile"
"37","North Carolina","37183054402","Wake County, NC - 37183054402","2020","86.5%","",,"Distance to Parks: 1 Mile"
"37","North Carolina","37183054403","Wake County, NC - 37183054403","2020","65.8%","",,"Distance to Parks: 1/2 Mile"
"37","North Carolina","37183054403","Wake County, NC - 37183054403","2020","88.5%","",,"Distance to Parks: 1 Mile"
"37","North Carolina","37183054404","Wake County, NC - 37183054404","2020","46.0%","",,"Distance to Parks: 1/2 Mile"
"37","North Carolina","37183054404","Wake County, NC - 37183054404","2020","88.5%","",,"Distance to Parks: 1 Mile"
"37","North Carolina","37183054501","Wake County, NC - 37183054501","2020","89.1%","",,"Distance to Parks: 1/2 Mile"
"37","North Carolina","37183054501","Wake County, NC - 37183054501","2020","100.0%","",,"Distance to Parks: 1 Mile"
"37","North Carolina","37183054502","Wake County, NC - 37183054502","2020","65.6%","",,"Distance to Parks: 1/2 Mile"
"37","North Carolina","37183054502","Wake County, NC - 37183054502","2020","99.3%","",,"Distance to Parks: 1 Mile"
"37","North Carolina","37183980100","Wake County, NC - 37183980100","2020","0.0%","",,"Distance to Parks: 1/2 Mile"
"37","North Carolina","37183980100","Wake County, NC - 37183980100","2020","0.0%","",,"Distance to Parks: 1 Mile"
"37","North Carolina","37183980200","Wake County, NC - 37183980200","2020","0.0%","",,"Distance to Parks: 1/2 Mile"
"37","North Carolina","37183980200","Wake County, NC - 37183980200","2020","0.0%","",,"Distance to Parks: 1 Mile"
"37","North Carolina","37185950101","Warren County, NC - 37185950101","2020","0.0%","",,"Distance to Parks: 1/2 Mile"
"37","North Carolina","37185950101","Warren County, NC - 37185950101","2020","0.0%","",,"Distance to Parks: 1 Mile"
"37","North Carolina","37185950102","Warren County, NC - 37185950102","2020","0.0%","",,"Distance to Parks: 1/2 Mile"
"37","North Carolina","37185950102","Warren County, NC - 37185950102","2020","0.0%","",,"Distance to Parks: 1 Mile"
"37","North Carolina","37185950103","Warren County, NC - 37185950103","2020","35.3%","",,"Distance to Parks: 1/2 Mile"
"37","North Carolina","37185950103","Warren County, NC - 37185950103","2020","53.4%","",,"Distance to Parks: 1 Mile"
"37","North Carolina","37185950201","Warren County, NC - 37185950201","2020","0.3%","",,"Distance to Parks: 1/2 Mile"
"37","North Carolina","37185950201","Warren County, NC - 37185950201","2020","1.3%","",,"Distance to Parks: 1 Mile"
"37","North Carolina","37185950202","Warren County, NC - 37185950202","2020","15.9%","",,"Distance to Parks: 1/2 Mile"
"37","North Carolina","37185950202","Warren County, NC - 37185950202","2020","22.1%","",,"Distance to Parks: 1 Mile"
"37","North Carolina","37185950300","Warren County, NC - 37185950300","2020","11.9%","",,"Distance to Parks: 1/2 Mile"
"37","North Carolina","37185950300","Warren County, NC - 37185950300","2020","23.7%","",,"Distance to Parks: 1 Mile"
"37","North Carolina","37185950400","Warren County, NC - 37185950400","2020","20.9%","",,"Distance to Parks: 1/2 Mile"
"37","North Carolina","37185950400","Warren County, NC - 37185950400","2020","35.1%","",,"Distance to Parks: 1 Mile"
"37","North Carolina","37187950100","Washington County, NC - 37187950100","2020","4.9%","",,"Distance to Parks: 1/2 Mile"
"37","North Carolina","37187950100","Washington County, NC - 37187950100","2020","9.8%","",,"Distance to Parks: 1 Mile"
"37","North Carolina","37187950201","Washington County, NC - 37187950201","2020","23.6%","",,"Distance to Parks: 1/2 Mile"
"37","North Carolina","37187950201","Washington County, NC - 37187950201","2020","52.7%","",,"Distance to Parks: 1 Mile"
"37","North Carolina","37187950202","Washington County, NC - 37187950202","2020","27.8%","",,"Distance to Parks: 1/2 Mile"
"37","North Carolina","37187950202","Washington County, NC - 37187950202","2020","40.2%","",,"Distance to Parks: 1 Mile"
"37","North Carolina","37187950300","Washington County, NC - 37187950300","2020","36.9%","",,"Distance to Parks: 1/2 Mile"
"37","North Carolina","37187950300","Washington County, NC - 37187950300","2020","44.5%","",,"Distance to Parks: 1 Mile"
"37","North Carolina","37189920100","Watauga County, NC - 37189920100","2020","38.6%","",,"Distance to Parks: 1/2 Mile"
"37","North Carolina","37189920100","Watauga County, NC - 37189920100","2020","58.4%","",,"Distance to Parks: 1 Mile"
"37","North Carolina","37189920200","Watauga County, NC - 37189920200","2020","25.8%","",,"Distance to Parks: 1/2 Mile"
"37","North Carolina","37189920200","Watauga County, NC - 37189920200","2020","47.4%","",,"Distance to Parks: 1 Mile"
"37","North Carolina","37189920300","Watauga County, NC - 37189920300","2020","97.2%","",,"Distance to Parks: 1/2 Mile"
"37","North Carolina","37189920300","Watauga County, NC - 37189920300","2020","100.0%","",,"Distance to Parks: 1 Mile"
"37","North Carolina","37189920400","Watauga County, NC - 37189920400","2020","41.0%","",,"Distance to Parks: 1/2 Mile"
"37","North Carolina","37189920400","Watauga County, NC - 37189920400","2020","67.7%","",,"Distance to Parks: 1 Mile"
"37","North Carolina","37189920500","Watauga County, NC - 37189920500","2020","100.0%","",,"Distance to Parks: 1/2 Mile"
"37","North Carolina","37189920500","Watauga County, NC - 37189920500","2020","100.0%","",,"Distance to Parks: 1 Mile"
"37","North Carolina","37189920601","Watauga County, NC - 37189920601","2020","100.0%","",,"Distance to Parks: 1/2 Mile"
"37","North Carolina","37189920601","Watauga County, NC - 37189920601","2020","100.0%","",,"Distance to Parks: 1 Mile"
"37","North Carolina","37189920602","Watauga County, NC - 37189920602","2020","100.0%","",,"Distance to Parks: 1/2 Mile"
"37","North Carolina","37189920602","Watauga County, NC - 37189920602","2020","100.0%","",,"Distance to Parks: 1 Mile"
"37","North Carolina","37189920701","Watauga County, NC - 37189920701","2020","13.3%","",,"Distance to Parks: 1/2 Mile"
"37","North Carolina","37189920701","Watauga County, NC - 37189920701","2020","40.6%","",,"Distance to Parks: 1 Mile"
"37","North Carolina","37189920702","Watauga County, NC - 37189920702","2020","7.5%","",,"Distance to Parks: 1/2 Mile"
"37","North Carolina","37189920702","Watauga County, NC - 37189920702","2020","17.4%","",,"Distance to Parks: 1 Mile"
"37","North Carolina","37189920703","Watauga County, NC - 37189920703","2020","92.2%","",,"Distance to Parks: 1/2 Mile"
"37","North Carolina","37189920703","Watauga County, NC - 37189920703","2020","98.3%","",,"Distance to Parks: 1 Mile"
"37","North Carolina","37189920800","Watauga County, NC - 37189920800","2020","96.1%","",,"Distance to Parks: 1/2 Mile"
"37","North Carolina","37189920800","Watauga County, NC - 37189920800","2020","99.7%","",,"Distance to Parks: 1 Mile"
"37","North Carolina","37189920900","Watauga County, NC - 37189920900","2020","100.0%","",,"Distance to Parks: 1/2 Mile"
"37","North Carolina","37189920900","Watauga County, NC - 37189920900","2020","100.0%","",,"Distance to Parks: 1 Mile"
"37","North Carolina","37189921000","Watauga County, NC - 37189921000","2020","100.0%","",,"Distance to Parks: 1/2 Mile"
"37","North Carolina","37189921000","Watauga County, NC - 37189921000","2020","100.0%","",,"Distance to Parks: 1 Mile"
"37","North Carolina","37191000102","Wayne County, NC - 37191000102","2020","0.7%","",,"Distance to Parks: 1/2 Mile"
"37","North Carolina","37191000102","Wayne County, NC - 37191000102","2020","3.8%","",,"Distance to Parks: 1 Mile"
"37","North Carolina","37191000103","Wayne County, NC - 37191000103","2020","0.5%","",,"Distance to Parks: 1/2 Mile"
"37","North Carolina","37191000103","Wayne County, NC - 37191000103","2020","3.0%","",,"Distance to Parks: 1 Mile"
"37","North Carolina","37191000104","Wayne County, NC - 37191000104","2020","2.5%","",,"Distance to Parks: 1/2 Mile"
"37","North Carolina","37191000104","Wayne County, NC - 37191000104","2020","6.1%","",,"Distance to Parks: 1 Mile"
"37","North Carolina","37191000200","Wayne County, NC - 37191000200","2020","2.0%","",,"Distance to Parks: 1/2 Mile"
"37","North Carolina","37191000200","Wayne County, NC - 37191000200","2020","4.6%","",,"Distance to Parks: 1 Mile"
"37","North Carolina","37191000302","Wayne County, NC - 37191000302","2020","0.0%","",,"Distance to Parks: 1/2 Mile"
"37","North Carolina","37191000302","Wayne County, NC - 37191000302","2020","0.3%","",,"Distance to Parks: 1 Mile"
"37","North Carolina","37191000303","Wayne County, NC - 37191000303","2020","0.0%","",,"Distance to Parks: 1/2 Mile"
"37","North Carolina","37191000303","Wayne County, NC - 37191000303","2020","0.0%","",,"Distance to Parks: 1 Mile"
"37","North Carolina","37191000304","Wayne County, NC - 37191000304","2020","2.0%","",,"Distance to Parks: 1/2 Mile"
"37","North Carolina","37191000304","Wayne County, NC - 37191000304","2020","5.8%","",,"Distance to Parks: 1 Mile"
"37","North Carolina","37191000401","Wayne County, NC - 37191000401","2020","7.2%","",,"Distance to Parks: 1/2 Mile"
"37","North Carolina","37191000401","Wayne County, NC - 37191000401","2020","20.9%","",,"Distance to Parks: 1 Mile"
"37","North Carolina","37191000402","Wayne County, NC - 37191000402","2020","0.6%","",,"Distance to Parks: 1/2 Mile"
"37","North Carolina","37191000402","Wayne County, NC - 37191000402","2020","4.8%","",,"Distance to Parks: 1 Mile"
"37","North Carolina","37191000500","Wayne County, NC - 37191000500","2020","1.4%","",,"Distance to Parks: 1/2 Mile"
"37","North Carolina","37191000500","Wayne County, NC - 37191000500","2020","33.2%","",,"Distance to Parks: 1 Mile"
"37","North Carolina","37191000601","Wayne County, NC - 37191000601","2020","0.0%","",,"Distance to Parks: 1/2 Mile"
"37","North Carolina","37191000601","Wayne County, NC - 37191000601","2020","0.9%","",,"Distance to Parks: 1 Mile"
"37","North Carolina","37191000603","Wayne County, NC - 37191000603","2020","0.7%","",,"Distance to Parks: 1/2 Mile"
"37","North Carolina","37191000603","Wayne County, NC - 37191000603","2020","2.3%","",,"Distance to Parks: 1 Mile"
"37","North Carolina","37191000604","Wayne County, NC - 37191000604","2020","11.9%","",,"Distance to Parks: 1/2 Mile"
"37","North Carolina","37191000604","Wayne County, NC - 37191000604","2020","19.8%","",,"Distance to Parks: 1 Mile"
"37","North Carolina","37191000700","Wayne County, NC - 37191000700","2020","20.5%","",,"Distance to Parks: 1/2 Mile"
"37","North Carolina","37191000700","Wayne County, NC - 37191000700","2020","46.9%","",,"Distance to Parks: 1 Mile"
"37","North Carolina","37191000800","Wayne County, NC - 37191000800","2020","18.6%","",,"Distance to Parks: 1/2 Mile"
"37","North Carolina","37191000800","Wayne County, NC - 37191000800","2020","52.5%","",,"Distance to Parks: 1 Mile"
"37","North Carolina","37191000901","Wayne County, NC - 37191000901","2020","12.1%","",,"Distance to Parks: 1/2 Mile"
"37","North Carolina","37191000901","Wayne County, NC - 37191000901","2020","34.5%","",,"Distance to Parks: 1 Mile"
"37","North Carolina","37191000902","Wayne County, NC - 37191000902","2020","0.0%","",,"Distance to Parks: 1/2 Mile"
"37","North Carolina","37191000902","Wayne County, NC - 37191000902","2020","2.6%","",,"Distance to Parks: 1 Mile"
"37","North Carolina","37191001000","Wayne County, NC - 37191001000","2020","1.1%","",,"Distance to Parks: 1/2 Mile"
"37","North Carolina","37191001000","Wayne County, NC - 37191001000","2020","3.8%","",,"Distance to Parks: 1 Mile"
"37","North Carolina","37191001102","Wayne County, NC - 37191001102","2020","1.2%","",,"Distance to Parks: 1/2 Mile"
"37","North Carolina","37191001102","Wayne County, NC - 37191001102","2020","3.9%","",,"Distance to Parks: 1 Mile"
"37","North Carolina","37191001103","Wayne County, NC - 37191001103","2020","1.6%","",,"Distance to Parks: 1/2 Mile"
"37","North Carolina","37191001103","Wayne County, NC - 37191001103","2020","4.8%","",,"Distance to Parks: 1 Mile"
"37","North Carolina","37191001104","Wayne County, NC - 37191001104","2020","0.0%","",,"Distance to Parks: 1/2 Mile"
"37","North Carolina","37191001104","Wayne County, NC - 37191001104","2020","0.0%","",,"Distance to Parks: 1 Mile"
"37","North Carolina","37191001200","Wayne County, NC - 37191001200","2020","10.8%","",,"Distance to Parks: 1/2 Mile"
"37","North Carolina","37191001200","Wayne County, NC - 37191001200","2020","41.4%","",,"Distance to Parks: 1 Mile"
"37","North Carolina","37191001301","Wayne County, NC - 37191001301","2020","0.7%","",,"Distance to Parks: 1/2 Mile"
"37","North Carolina","37191001301","Wayne County, NC - 37191001301","2020","19.6%","",,"Distance to Parks: 1 Mile"
"37","North Carolina","37191001302","Wayne County, NC - 37191001302","2020","54.4%","",,"Distance to Parks: 1/2 Mile"
"37","North Carolina","37191001302","Wayne County, NC - 37191001302","2020","85.6%","",,"Distance to Parks: 1 Mile"
"37","North Carolina","37191001401","Wayne County, NC - 37191001401","2020","50.1%","",,"Distance to Parks: 1/2 Mile"
"37","North Carolina","37191001401","Wayne County, NC - 37191001401","2020","100.0%","",,"Distance to Parks: 1 Mile"
"37","North Carolina","37191001402","Wayne County, NC - 37191001402","2020","50.3%","",,"Distance to Parks: 1/2 Mile"
"37","North Carolina","37191001402","Wayne County, NC - 37191001402","2020","100.0%","",,"Distance to Parks: 1 Mile"
"37","North Carolina","37191001500","Wayne County, NC - 37191001500","2020","38.4%","",,"Distance to Parks: 1/2 Mile"
"37","North Carolina","37191001500","Wayne County, NC - 37191001500","2020","67.7%","",,"Distance to Parks: 1 Mile"
"37","North Carolina","37191001800","Wayne County, NC - 37191001800","2020","43.2%","",,"Distance to Parks: 1/2 Mile"
"37","North Carolina","37191001800","Wayne County, NC - 37191001800","2020","75.0%","",,"Distance to Parks: 1 Mile"
"37","North Carolina","37191001900","Wayne County, NC - 37191001900","2020","88.6%","",,"Distance to Parks: 1/2 Mile"
"37","North Carolina","37191001900","Wayne County, NC - 37191001900","2020","100.0%","",,"Distance to Parks: 1 Mile"
"37","North Carolina","37191002000","Wayne County, NC - 37191002000","2020","70.0%","",,"Distance to Parks: 1/2 Mile"
"37","North Carolina","37191002000","Wayne County, NC - 37191002000","2020","92.8%","",,"Distance to Parks: 1 Mile"
"37","North Carolina","37193960101","Wilkes County, NC - 37193960101","2020","6.2%","",,"Distance to Parks: 1/2 Mile"
"37","North Carolina","37193960101","Wilkes County, NC - 37193960101","2020","22.5%","",,"Distance to Parks: 1 Mile"
"37","North Carolina","37193960102","Wilkes County, NC - 37193960102","2020","10.7%","",,"Distance to Parks: 1/2 Mile"
"37","North Carolina","37193960102","Wilkes County, NC - 37193960102","2020","26.5%","",,"Distance to Parks: 1 Mile"
"37","North Carolina","37193960200","Wilkes County, NC - 37193960200","2020","15.4%","",,"Distance to Parks: 1/2 Mile"
"37","North Carolina","37193960200","Wilkes County, NC - 37193960200","2020","28.8%","",,"Distance to Parks: 1 Mile"
"37","North Carolina","37193960300","Wilkes County, NC - 37193960300","2020","27.0%","",,"Distance to Parks: 1/2 Mile"
"37","North Carolina","37193960300","Wilkes County, NC - 37193960300","2020","52.4%","",,"Distance to Parks: 1 Mile"
"37","North Carolina","37193960401","Wilkes County, NC - 37193960401","2020","31.5%","",,"Distance to Parks: 1/2 Mile"
"37","North Carolina","37193960401","Wilkes County, NC - 37193960401","2020","42.6%","",,"Distance to Parks: 1 Mile"
"37","North Carolina","37193960402","Wilkes County, NC - 37193960402","2020","14.6%","",,"Distance to Parks: 1/2 Mile"
"37","North Carolina","37193960402","Wilkes County, NC - 37193960402","2020","42.0%","",,"Distance to Parks: 1 Mile"
"37","North Carolina","37193960500","Wilkes County, NC - 37193960500","2020","30.6%","",,"Distance to Parks: 1/2 Mile"
"37","North Carolina","37193960500","Wilkes County, NC - 37193960500","2020","74.5%","",,"Distance to Parks: 1 Mile"
"37","North Carolina","37193960600","Wilkes County, NC - 37193960600","2020","87.5%","",,"Distance to Parks: 1/2 Mile"
"37","North Carolina","37193960600","Wilkes County, NC - 37193960600","2020","100.0%","",,"Distance to Parks: 1 Mile"
"37","North Carolina","37193960700","Wilkes County, NC - 37193960700","2020","16.0%","",,"Distance to Parks: 1/2 Mile"
"37","North Carolina","37193960700","Wilkes County, NC - 37193960700","2020","41.8%","",,"Distance to Parks: 1 Mile"
"37","North Carolina","37193960801","Wilkes County, NC - 37193960801","2020","15.5%","",,"Distance to Parks: 1/2 Mile"
"37","North Carolina","37193960801","Wilkes County, NC - 37193960801","2020","45.4%","",,"Distance to Parks: 1 Mile"
"37","North Carolina","37193960802","Wilkes County, NC - 37193960802","2020","32.9%","",,"Distance to Parks: 1/2 Mile"
"37","North Carolina","37193960802","Wilkes County, NC - 37193960802","2020","67.4%","",,"Distance to Parks: 1 Mile"
"37","North Carolina","37193960901","Wilkes County, NC - 37193960901","2020","14.5%","",,"Distance to Parks: 1/2 Mile"
"37","North Carolina","37193960901","Wilkes County, NC - 37193960901","2020","24.1%","",,"Distance to Parks: 1 Mile"
"37","North Carolina","37193960902","Wilkes County, NC - 37193960902","2020","7.4%","",,"Distance to Parks: 1/2 Mile"
"37","North Carolina","37193960902","Wilkes County, NC - 37193960902","2020","16.9%","",,"Distance to Parks: 1 Mile"
"37","North Carolina","37193961001","Wilkes County, NC - 37193961001","2020","16.5%","",,"Distance to Parks: 1/2 Mile"
"37","North Carolina","37193961001","Wilkes County, NC - 37193961001","2020","29.6%","",,"Distance to Parks: 1 Mile"
"37","North Carolina","37193961002","Wilkes County, NC - 37193961002","2020","20.9%","",,"Distance to Parks: 1/2 Mile"
"37","North Carolina","37193961002","Wilkes County, NC - 37193961002","2020","40.0%","",,"Distance to Parks: 1 Mile"
"37","North Carolina","37193961100","Wilkes County, NC - 37193961100","2020","55.1%","",,"Distance to Parks: 1/2 Mile"
"37","North Carolina","37193961100","Wilkes County, NC - 37193961100","2020","89.5%","",,"Distance to Parks: 1 Mile"
"37","North Carolina","37193961201","Wilkes County, NC - 37193961201","2020","3.0%","",,"Distance to Parks: 1/2 Mile"
"37","North Carolina","37193961201","Wilkes County, NC - 37193961201","2020","6.9%","",,"Distance to Parks: 1 Mile"
"37","North Carolina","37193961202","Wilkes County, NC - 37193961202","2020","3.8%","",,"Distance to Parks: 1/2 Mile"
"37","North Carolina","37193961202","Wilkes County, NC - 37193961202","2020","11.3%","",,"Distance to Parks: 1 Mile"
"37","North Carolina","37195000100","Wilson County, NC - 37195000100","2020","62.5%","",,"Distance to Parks: 1/2 Mile"
"37","North Carolina","37195000100","Wilson County, NC - 37195000100","2020","100.0%","",,"Distance to Parks: 1 Mile"
"37","North Carolina","37195000200","Wilson County, NC - 37195000200","2020","89.7%","",,"Distance to Parks: 1/2 Mile"
"37","North Carolina","37195000200","Wilson County, NC - 37195000200","2020","100.0%","",,"Distance to Parks: 1 Mile"
"37","North Carolina","37195000300","Wilson County, NC - 37195000300","2020","100.0%","",,"Distance to Parks: 1/2 Mile"
"37","North Carolina","37195000300","Wilson County, NC - 37195000300","2020","100.0%","",,"Distance to Parks: 1 Mile"
"37","North Carolina","37195000401","Wilson County, NC - 37195000401","2020","77.1%","",,"Distance to Parks: 1/2 Mile"
"37","North Carolina","37195000401","Wilson County, NC - 37195000401","2020","100.0%","",,"Distance to Parks: 1 Mile"
"37","North Carolina","37195000402","Wilson County, NC - 37195000402","2020","13.6%","",,"Distance to Parks: 1/2 Mile"
"37","North Carolina","37195000402","Wilson County, NC - 37195000402","2020","53.1%","",,"Distance to Parks: 1 Mile"
"37","North Carolina","37195000501","Wilson County, NC - 37195000501","2020","81.6%","",,"Distance to Parks: 1/2 Mile"
"37","North Carolina","37195000501","Wilson County, NC - 37195000501","2020","100.0%","",,"Distance to Parks: 1 Mile"
"37","North Carolina","37195000502","Wilson County, NC - 37195000502","2020","81.0%","",,"Distance to Parks: 1/2 Mile"
"37","North Carolina","37195000502","Wilson County, NC - 37195000502","2020","100.0%","",,"Distance to Parks: 1 Mile"
"37","North Carolina","37195000601","Wilson County, NC - 37195000601","2020","58.5%","",,"Distance to Parks: 1/2 Mile"
"37","North Carolina","37195000601","Wilson County, NC - 37195000601","2020","100.0%","",,"Distance to Parks: 1 Mile"
"37","North Carolina","37195000602","Wilson County, NC - 37195000602","2020","37.6%","",,"Distance to Parks: 1/2 Mile"
"37","North Carolina","37195000602","Wilson County, NC - 37195000602","2020","79.6%","",,"Distance to Parks: 1 Mile"
"37","North Carolina","37195000701","Wilson County, NC - 37195000701","2020","18.9%","",,"Distance to Parks: 1/2 Mile"
"37","North Carolina","37195000701","Wilson County, NC - 37195000701","2020","45.0%","",,"Distance to Parks: 1 Mile"
"37","North Carolina","37195000702","Wilson County, NC - 37195000702","2020","21.2%","",,"Distance to Parks: 1/2 Mile"
"37","North Carolina","37195000702","Wilson County, NC - 37195000702","2020","45.8%","",,"Distance to Parks: 1 Mile"
"37","North Carolina","37195000801","Wilson County, NC - 37195000801","2020","100.0%","",,"Distance to Parks: 1/2 Mile"
"37","North Carolina","37195000801","Wilson County, NC - 37195000801","2020","100.0%","",,"Distance to Parks: 1 Mile"
"37","North Carolina","37195000802","Wilson County, NC - 37195000802","2020","10.8%","",,"Distance to Parks: 1/2 Mile"
"37","North Carolina","37195000802","Wilson County, NC - 37195000802","2020","22.6%","",,"Distance to Parks: 1 Mile"
"37","North Carolina","37195000900","Wilson County, NC - 37195000900","2020","0.0%","",,"Distance to Parks: 1/2 Mile"
"37","North Carolina","37195000900","Wilson County, NC - 37195000900","2020","0.0%","",,"Distance to Parks: 1 Mile"
"37","North Carolina","37195001000","Wilson County, NC - 37195001000","2020","0.0%","",,"Distance to Parks: 1/2 Mile"
"37","North Carolina","37195001000","Wilson County, NC - 37195001000","2020","0.0%","",,"Distance to Parks: 1 Mile"
"37","North Carolina","37195001100","Wilson County, NC - 37195001100","2020","0.0%","",,"Distance to Parks: 1/2 Mile"
"37","North Carolina","37195001100","Wilson County, NC - 37195001100","2020","0.0%","",,"Distance to Parks: 1 Mile"
"37","North Carolina","37195001200","Wilson County, NC - 37195001200","2020","0.0%","",,"Distance to Parks: 1/2 Mile"
"37","North Carolina","37195001200","Wilson County, NC - 37195001200","2020","0.0%","",,"Distance to Parks: 1 Mile"
"37","North Carolina","37195001301","Wilson County, NC - 37195001301","2020","0.2%","",,"Distance to Parks: 1/2 Mile"
"37","North Carolina","37195001301","Wilson County, NC - 37195001301","2020","6.1%","",,"Distance to Parks: 1 Mile"
"37","North Carolina","37195001302","Wilson County, NC - 37195001302","2020","2.5%","",,"Distance to Parks: 1/2 Mile"
"37","North Carolina","37195001302","Wilson County, NC - 37195001302","2020","5.9%","",,"Distance to Parks: 1 Mile"
"37","North Carolina","37195001401","Wilson County, NC - 37195001401","2020","6.9%","",,"Distance to Parks: 1/2 Mile"
"37","North Carolina","37195001401","Wilson County, NC - 37195001401","2020","20.6%","",,"Distance to Parks: 1 Mile"
"37","North Carolina","37195001402","Wilson County, NC - 37195001402","2020","3.6%","",,"Distance to Parks: 1/2 Mile"
"37","North Carolina","37195001402","Wilson County, NC - 37195001402","2020","15.4%","",,"Distance to Parks: 1 Mile"
"37","North Carolina","37195001501","Wilson County, NC - 37195001501","2020","0.0%","",,"Distance to Parks: 1/2 Mile"
"37","North Carolina","37195001501","Wilson County, NC - 37195001501","2020","0.0%","",,"Distance to Parks: 1 Mile"
"37","North Carolina","37195001502","Wilson County, NC - 37195001502","2020","0.0%","",,"Distance to Parks: 1/2 Mile"
"37","North Carolina","37195001502","Wilson County, NC - 37195001502","2020","0.0%","",,"Distance to Parks: 1 Mile"
"37","North Carolina","37195001600","Wilson County, NC - 37195001600","2020","0.0%","",,"Distance to Parks: 1/2 Mile"
"37","North Carolina","37195001600","Wilson County, NC - 37195001600","2020","0.6%","",,"Distance to Parks: 1 Mile"
"37","North Carolina","37195001700","Wilson County, NC - 37195001700","2020","0.0%","",,"Distance to Parks: 1/2 Mile"
"37","North Carolina","37195001700","Wilson County, NC - 37195001700","2020","0.0%","",,"Distance to Parks: 1 Mile"
"37","North Carolina","37197050101","Yadkin County, NC - 37197050101","2020","7.6%","",,"Distance to Parks: 1/2 Mile"
"37","North Carolina","37197050101","Yadkin County, NC - 37197050101","2020","17.5%","",,"Distance to Parks: 1 Mile"
"37","North Carolina","37197050102","Yadkin County, NC - 37197050102","2020","2.7%","",,"Distance to Parks: 1/2 Mile"
"37","North Carolina","37197050102","Yadkin County, NC - 37197050102","2020","7.5%","",,"Distance to Parks: 1 Mile"
"37","North Carolina","37197050200","Yadkin County, NC - 37197050200","2020","0.0%","",,"Distance to Parks: 1/2 Mile"
"37","North Carolina","37197050200","Yadkin County, NC - 37197050200","2020","0.0%","",,"Distance to Parks: 1 Mile"
"37","North Carolina","37197050300","Yadkin County, NC - 37197050300","2020","5.7%","",,"Distance to Parks: 1/2 Mile"
"37","North Carolina","37197050300","Yadkin County, NC - 37197050300","2020","13.8%","",,"Distance to Parks: 1 Mile"
"37","North Carolina","37197050401","Yadkin County, NC - 37197050401","2020","1.0%","",,"Distance to Parks: 1/2 Mile"
"37","North Carolina","37197050401","Yadkin County, NC - 37197050401","2020","5.3%","",,"Distance to Parks: 1 Mile"
"37","North Carolina","37197050402","Yadkin County, NC - 37197050402","2020","18.5%","",,"Distance to Parks: 1/2 Mile"
"37","North Carolina","37197050402","Yadkin County, NC - 37197050402","2020","31.4%","",,"Distance to Parks: 1 Mile"
"37","North Carolina","37197050502","Yadkin County, NC - 37197050502","2020","1.0%","",,"Distance to Parks: 1/2 Mile"
"37","North Carolina","37197050502","Yadkin County, NC - 37197050502","2020","3.4%","",,"Distance to Parks: 1 Mile"
"37","North Carolina","37197050503","Yadkin County, NC - 37197050503","2020","5.9%","",,"Distance to Parks: 1/2 Mile"
"37","North Carolina","37197050503","Yadkin County, NC - 37197050503","2020","14.9%","",,"Distance to Parks: 1 Mile"
"37","North Carolina","37197050504","Yadkin County, NC - 37197050504","2020","18.0%","",,"Distance to Parks: 1/2 Mile"
"37","North Carolina","37197050504","Yadkin County, NC - 37197050504","2020","52.5%","",,"Distance to Parks: 1 Mile"
"37","North Carolina","37199960101","Yancey County, NC - 37199960101","2020","100.0%","",,"Distance to Parks: 1/2 Mile"
"37","North Carolina","37199960101","Yancey County, NC - 37199960101","2020","100.0%","",,"Distance to Parks: 1 Mile"
"37","North Carolina","37199960102","Yancey County, NC - 37199960102","2020","100.0%","",,"Distance to Parks: 1/2 Mile"
"37","North Carolina","37199960102","Yancey County, NC - 37199960102","2020","100.0%","",,"Distance to Parks: 1 Mile"
"37","North Carolina","37199960200","Yancey County, NC - 37199960200","2020","100.0%","",,"Distance to Parks: 1/2 Mile"
"37","North Carolina","37199960200","Yancey County, NC - 37199960200","2020","100.0%","",,"Distance to Parks: 1 Mile"
"37","North Carolina","37199960300","Yancey County, NC - 37199960300","2020","100.0%","",,"Distance to Parks: 1/2 Mile"
"37","North Carolina","37199960300","Yancey County, NC - 37199960300","2020","100.0%","",,"Distance to Parks: 1 Mile"
"37","North Carolina","37199960400","Yancey County, NC - 37199960400","2020","100.0%","",,"Distance to Parks: 1/2 Mile"
"37","North Carolina","37199960400","Yancey County, NC - 37199960400","2020","100.0%","",,"Distance to Parks: 1 Mile"
